"","date","predictedWaterT","observedWaterT"
"1",1979-01-07,22.4185995794992,NA
"2",1979-01-08,22.5274790297842,NA
"3",1979-01-09,22.5980786858788,NA
"4",1979-01-10,22.446999839811,NA
"5",1979-01-11,21.9918079749017,NA
"6",1979-01-12,21.5678172548761,NA
"7",1979-01-13,21.5415904179349,NA
"8",1979-01-14,21.7667353738203,NA
"9",1979-01-15,21.5636270848835,NA
"10",1979-01-16,21.8168470847571,NA
"11",1979-01-17,21.7718512777155,NA
"12",1979-01-18,21.9419769877422,NA
"13",1979-01-19,22.3654858562973,NA
"14",1979-01-20,21.9943857372462,NA
"15",1979-01-21,21.4391384683112,NA
"16",1979-01-22,21.1528487845395,NA
"17",1979-01-23,21.1094660225426,NA
"18",1979-01-24,21.8064216438835,NA
"19",1979-01-25,21.4680119342157,NA
"20",1979-01-26,20.6459585162205,NA
"21",1979-01-27,20.6963020016595,NA
"22",1979-01-28,21.2931462671231,NA
"23",1979-01-29,21.6806516800131,NA
"24",1979-01-30,21.5747367304136,NA
"25",1979-01-31,21.4350666407963,NA
"26",1979-02-01,21.9985914121135,NA
"27",1979-02-02,22.6271386348676,NA
"28",1979-02-03,22.5012871168399,NA
"29",1979-02-04,22.1239513425445,NA
"30",1979-02-05,21.7832819445621,NA
"31",1979-02-06,21.7087983549371,NA
"32",1979-02-07,21.4416866452791,NA
"33",1979-02-08,21.0795847280115,NA
"34",1979-02-09,20.6495112578552,NA
"35",1979-02-10,21.3288403585673,NA
"36",1979-02-11,21.8474320457412,NA
"37",1979-02-12,22.1271486100105,NA
"38",1979-02-13,21.8368579027564,NA
"39",1979-02-14,21.4433990921198,NA
"40",1979-02-15,20.9078997637046,NA
"41",1979-02-16,19.8499439237173,NA
"42",1979-02-17,19.0167242918196,NA
"43",1979-02-18,18.3177387183104,NA
"44",1979-02-19,18.1812719484138,NA
"45",1979-02-20,19.1476675297445,NA
"46",1979-02-21,19.9730764850533,NA
"47",1979-02-22,20.6053279929438,NA
"48",1979-02-23,21.0307835026833,NA
"49",1979-02-24,21.2885526845953,NA
"50",1979-02-25,21.2992038898772,NA
"51",1979-02-26,20.9085822465795,NA
"52",1979-02-27,20.1458807090946,NA
"53",1979-02-28,19.6354316177504,NA
"54",1979-03-01,19.6806456136818,NA
"55",1979-03-02,19.7957684765097,NA
"56",1979-03-03,19.4047557140146,NA
"57",1979-03-04,19.2767171234646,NA
"58",1979-03-05,19.106556784074,NA
"59",1979-03-06,18.8106911263472,NA
"60",1979-03-07,18.3788258329929,NA
"61",1979-03-08,17.9336867329025,NA
"62",1979-03-09,17.8181124416165,NA
"63",1979-03-10,18.2729490013215,NA
"64",1979-03-11,19.0360157384653,NA
"65",1979-03-12,19.683571858593,NA
"66",1979-03-13,20.0693399269845,NA
"67",1979-03-14,20.2455923643412,NA
"68",1979-03-15,20.1884816623946,NA
"69",1979-03-16,20.3104909027339,NA
"70",1979-03-17,20.1705410616097,NA
"71",1979-03-18,19.3822591028884,NA
"72",1979-03-19,19.0111072766081,NA
"73",1979-03-20,19.4907234950694,NA
"74",1979-03-21,19.0885088175312,NA
"75",1979-03-22,18.8214190554047,NA
"76",1979-03-23,18.0931749845247,NA
"77",1979-03-24,17.5542978364043,NA
"78",1979-03-25,17.6745963047246,NA
"79",1979-03-26,18.0792869337837,NA
"80",1979-03-27,17.1906762278591,NA
"81",1979-03-28,17.3188232481858,NA
"82",1979-03-29,17.8774586538496,NA
"83",1979-03-30,18.914817806365,NA
"84",1979-03-31,19.228047421283,NA
"85",1979-04-01,18.8295357274019,NA
"86",1979-04-02,18.0762310473705,NA
"87",1979-04-03,17.609370688259,NA
"88",1979-04-04,17.9563007050314,NA
"89",1979-04-05,17.2757561430127,NA
"90",1979-04-06,15.9821027647357,NA
"91",1979-04-07,15.4864862388088,NA
"92",1979-04-08,15.1830033803049,NA
"93",1979-04-09,14.5983513846627,NA
"94",1979-04-10,14.4666464070673,NA
"95",1979-04-11,13.5120083390719,NA
"96",1979-04-12,13.2718981638781,NA
"97",1979-04-13,13.4848401671262,NA
"98",1979-04-14,13.7674453740637,NA
"99",1979-04-15,14.6469282720226,NA
"100",1979-04-16,15.7340017992986,NA
"101",1979-04-17,16.1448478193638,NA
"102",1979-04-18,16.2772053496524,NA
"103",1979-04-19,16.2737884823064,NA
"104",1979-04-20,16.6933131095542,NA
"105",1979-04-21,16.6478848189993,NA
"106",1979-04-22,16.0801087853364,NA
"107",1979-04-23,15.0959902559639,NA
"108",1979-04-24,15.2290562716043,NA
"109",1979-04-25,15.3336699514296,NA
"110",1979-04-26,15.3003712951453,NA
"111",1979-04-27,14.4303696864103,NA
"112",1979-04-28,13.9493722867723,NA
"113",1979-04-29,13.6721739955454,NA
"114",1979-04-30,13.8931691582361,NA
"115",1979-05-01,14.2933908581031,NA
"116",1979-05-02,14.5403920543755,NA
"117",1979-05-03,14.1977161010243,NA
"118",1979-05-04,13.9995131013024,NA
"119",1979-05-05,13.9454936975606,NA
"120",1979-05-06,13.9422237108362,NA
"121",1979-05-07,13.5708169727138,NA
"122",1979-05-08,12.7338286419542,NA
"123",1979-05-09,12.1041181194293,NA
"124",1979-05-10,11.8178306056256,NA
"125",1979-05-11,11.7589708810979,NA
"126",1979-05-12,11.7649898643305,NA
"127",1979-05-13,11.6241986308572,NA
"128",1979-05-14,11.2994428537227,NA
"129",1979-05-15,10.9709624623832,NA
"130",1979-05-16,10.4756771954116,NA
"131",1979-05-17,10.3503389811585,NA
"132",1979-05-18,10.3184070181547,NA
"133",1979-05-19,9.95678132730396,NA
"134",1979-05-20,9.97535506554807,NA
"135",1979-05-21,10.6005203412083,NA
"136",1979-05-22,11.0549710181426,NA
"137",1979-05-23,11.3497321538996,NA
"138",1979-05-24,11.6235003782256,NA
"139",1979-05-25,11.8495479381128,NA
"140",1979-05-26,12.3770555760318,NA
"141",1979-05-27,12.241026591416,NA
"142",1979-05-28,12.0487549558396,NA
"143",1979-05-29,11.4921805462615,NA
"144",1979-05-30,11.6286639285171,NA
"145",1979-05-31,11.7341887512895,NA
"146",1979-06-01,11.3718156279225,NA
"147",1979-06-02,10.7238550849288,NA
"148",1979-06-03,10.7443916172734,NA
"149",1979-06-04,10.5376355090095,NA
"150",1979-06-05,11.1417379498794,NA
"151",1979-06-06,11.4031791577415,NA
"152",1979-06-07,11.3425046660612,NA
"153",1979-06-08,11.4884517114231,NA
"154",1979-06-09,11.878955663955,NA
"155",1979-06-10,12.1735417470526,NA
"156",1979-06-11,12.3152713204017,NA
"157",1979-06-12,12.0872378416893,NA
"158",1979-06-13,11.7288228456814,NA
"159",1979-06-14,11.4605068009844,NA
"160",1979-06-15,11.6390389592918,NA
"161",1979-06-16,11.7954742823304,NA
"162",1979-06-17,11.8132650991132,NA
"163",1979-06-18,11.6562273460015,NA
"164",1979-06-19,11.3122729322182,NA
"165",1979-06-20,11.3022588774151,NA
"166",1979-06-21,11.5550599443568,NA
"167",1979-06-22,11.2477898701464,NA
"168",1979-06-23,10.913514933527,NA
"169",1979-06-24,10.6548410312136,NA
"170",1979-06-25,11.0639894491484,NA
"171",1979-06-26,11.1827752460697,NA
"172",1979-06-27,11.1717362824714,NA
"173",1979-06-28,10.4632082191794,NA
"174",1979-06-29,10.1512058428555,NA
"175",1979-06-30,10.0852081962843,NA
"176",1979-07-01,9.79348634907084,NA
"177",1979-07-02,8.95700444311703,NA
"178",1979-07-03,8.50558680788838,NA
"179",1979-07-04,8.16245732833241,NA
"180",1979-07-05,8.5116793843873,NA
"181",1979-07-06,8.93646918229723,NA
"182",1979-07-07,9.2331902931071,NA
"183",1979-07-08,9.44907146573683,NA
"184",1979-07-09,9.73521093769605,NA
"185",1979-07-10,9.68925823129157,NA
"186",1979-07-11,9.89063776669636,NA
"187",1979-07-12,10.2139120822694,NA
"188",1979-07-13,9.97424226630241,NA
"189",1979-07-14,9.64518384465746,NA
"190",1979-07-15,9.95524795112064,NA
"191",1979-07-16,10.2699745509326,NA
"192",1979-07-17,10.7007504122281,NA
"193",1979-07-18,10.3497081915179,NA
"194",1979-07-19,9.70672783117153,NA
"195",1979-07-20,10.0075232748412,NA
"196",1979-07-21,9.82204939032926,NA
"197",1979-07-22,9.21751684307332,NA
"198",1979-07-23,8.47588033663214,NA
"199",1979-07-24,8.06850521966761,NA
"200",1979-07-25,7.96786702877036,NA
"201",1979-07-26,8.04625791577387,NA
"202",1979-07-27,7.57591461025584,NA
"203",1979-07-28,7.61164883394185,NA
"204",1979-07-29,7.81731876124234,NA
"205",1979-07-30,8.12111912527065,NA
"206",1979-07-31,8.34525841628844,NA
"207",1979-08-01,8.34302711825936,NA
"208",1979-08-02,8.52374842746138,NA
"209",1979-08-03,8.58871317798879,NA
"210",1979-08-04,8.53687142175471,NA
"211",1979-08-05,8.45869779809519,NA
"212",1979-08-06,8.40396243579511,NA
"213",1979-08-07,8.51582973116768,NA
"214",1979-08-08,9.01571528437596,NA
"215",1979-08-09,9.04860250226231,NA
"216",1979-08-10,9.23506552443621,NA
"217",1979-08-11,9.4569445030381,NA
"218",1979-08-12,9.30434650958388,NA
"219",1979-08-13,9.10949824485097,NA
"220",1979-08-14,9.04577696008951,NA
"221",1979-08-15,9.19059750428518,NA
"222",1979-08-16,9.38901536549447,NA
"223",1979-08-17,9.44441767445637,NA
"224",1979-08-18,9.75142342376059,NA
"225",1979-08-19,10.2377635340646,NA
"226",1979-08-20,10.1828020923839,NA
"227",1979-08-21,10.2409436805325,NA
"228",1979-08-22,9.97444431334044,NA
"229",1979-08-23,9.64530359069942,NA
"230",1979-08-24,9.57922653046589,NA
"231",1979-08-25,9.67443515259773,NA
"232",1979-08-26,9.63407043435312,NA
"233",1979-08-27,9.73327311556959,NA
"234",1979-08-28,9.68739306258955,NA
"235",1979-08-29,9.69141697803649,NA
"236",1979-08-30,9.96358201051574,NA
"237",1979-08-31,9.50718080356772,NA
"238",1979-09-01,8.90155243577669,NA
"239",1979-09-02,8.80922650864282,NA
"240",1979-09-03,9.1507659794847,NA
"241",1979-09-04,8.95511772915434,NA
"242",1979-09-05,8.94752513780096,NA
"243",1979-09-06,8.72459658546404,NA
"244",1979-09-07,9.28716912775916,NA
"245",1979-09-08,9.9321390898666,NA
"246",1979-09-09,10.9456776237117,NA
"247",1979-09-10,11.5202948376361,NA
"248",1979-09-11,11.9200647584995,NA
"249",1979-09-12,12.4191603302361,NA
"250",1979-09-13,12.4578043527559,NA
"251",1979-09-14,12.830833759979,NA
"252",1979-09-15,13.5179105390023,NA
"253",1979-09-16,13.1268957194221,NA
"254",1979-09-17,12.2656173622605,NA
"255",1979-09-18,11.966242204638,NA
"256",1979-09-19,11.5727607596531,NA
"257",1979-09-20,11.7012021183803,NA
"258",1979-09-21,11.7588797938381,NA
"259",1979-09-22,11.0637991289563,NA
"260",1979-09-23,10.8579995995485,NA
"261",1979-09-24,11.4217376652688,NA
"262",1979-09-25,12.2992940294956,NA
"263",1979-09-26,13.2387304627227,NA
"264",1979-09-27,14.1743680895881,NA
"265",1979-09-28,14.0176723735129,NA
"266",1979-09-29,14.0058194501437,NA
"267",1979-09-30,13.7144152965429,NA
"268",1979-10-01,13.6834611128437,NA
"269",1979-10-02,13.8071025926519,NA
"270",1979-10-03,13.5905107703926,NA
"271",1979-10-04,13.7501853463584,NA
"272",1979-10-05,14.1311854853558,NA
"273",1979-10-06,14.0304715736447,NA
"274",1979-10-07,14.1705891465968,NA
"275",1979-10-08,14.6792324486418,NA
"276",1979-10-09,14.4381637901195,NA
"277",1979-10-10,13.6967304784216,NA
"278",1979-10-11,12.9443824972703,NA
"279",1979-10-12,12.2118351853957,NA
"280",1979-10-13,11.9229358540356,NA
"281",1979-10-14,11.8459270819077,NA
"282",1979-10-15,10.9321826935773,NA
"283",1979-10-16,10.7136626728585,NA
"284",1979-10-17,11.6415097238853,NA
"285",1979-10-18,12.3885647604594,NA
"286",1979-10-19,13.2599311662248,NA
"287",1979-10-20,14.1798879535264,NA
"288",1979-10-21,15.6417364401078,NA
"289",1979-10-22,16.5904555832269,NA
"290",1979-10-23,16.8178875188658,NA
"291",1979-10-24,16.422136026418,NA
"292",1979-10-25,16.1775987983218,NA
"293",1979-10-26,16.3981278760918,NA
"294",1979-10-27,15.6228953875014,NA
"295",1979-10-28,14.2160492584341,NA
"296",1979-10-29,13.6560843981436,NA
"297",1979-10-30,13.7547354991843,NA
"298",1979-10-31,14.6093345939165,NA
"299",1979-11-01,14.3532069619004,NA
"300",1979-11-02,14.1121043237007,NA
"301",1979-11-03,15.6184267875407,NA
"302",1979-11-04,17.0187452390315,NA
"303",1979-11-05,17.2381838471897,NA
"304",1979-11-06,16.9456393907997,NA
"305",1979-11-07,16.4194297297387,NA
"306",1979-11-08,16.9596570395328,NA
"307",1979-11-09,17.7742883671469,NA
"308",1979-11-10,17.9160770810215,NA
"309",1979-11-11,17.2893800204651,NA
"310",1979-11-12,17.2679862252125,NA
"311",1979-11-13,17.8943055899185,NA
"312",1979-11-14,18.213582168256,NA
"313",1979-11-15,17.9631849341853,NA
"314",1979-11-16,17.098892179032,NA
"315",1979-11-17,16.7990191022674,NA
"316",1979-11-18,16.9923884084367,NA
"317",1979-11-19,17.6576951644494,NA
"318",1979-11-20,17.0416160181754,NA
"319",1979-11-21,16.5438689384845,NA
"320",1979-11-22,16.8551755390164,NA
"321",1979-11-23,17.2566884709192,NA
"322",1979-11-24,17.1524456334672,NA
"323",1979-11-25,16.6075351410157,NA
"324",1979-11-26,16.1527716553094,NA
"325",1979-11-27,16.4784890043617,NA
"326",1979-11-28,16.469982249438,NA
"327",1979-11-29,16.3566712353998,NA
"328",1979-11-30,16.8359965597741,NA
"329",1979-12-01,16.9849836257017,NA
"330",1979-12-02,17.4432626779555,NA
"331",1979-12-03,18.135525823731,NA
"332",1979-12-04,18.9674038313725,NA
"333",1979-12-05,19.1744642635874,NA
"334",1979-12-06,19.512183009832,NA
"335",1979-12-07,19.3220286127118,NA
"336",1979-12-08,18.8497564745688,NA
"337",1979-12-09,18.7838071693043,NA
"338",1979-12-10,18.2267514016925,NA
"339",1979-12-11,17.6131882942531,NA
"340",1979-12-12,17.9490208085592,NA
"341",1979-12-13,17.741991293202,NA
"342",1979-12-14,17.8084275921756,NA
"343",1979-12-15,18.007115505056,NA
"344",1979-12-16,17.6010141105603,NA
"345",1979-12-17,17.2657505613392,NA
"346",1979-12-18,17.0237862842604,NA
"347",1979-12-19,17.0097150684605,NA
"348",1979-12-20,17.6288949077927,NA
"349",1979-12-21,17.4743622370255,NA
"350",1979-12-22,17.6893949667914,NA
"351",1979-12-23,17.8541630646015,NA
"352",1979-12-24,17.9787228034702,NA
"353",1979-12-25,18.3321960159217,NA
"354",1979-12-26,18.7049431127372,NA
"355",1979-12-27,19.1609498994877,NA
"356",1979-12-28,20.0432979949183,NA
"357",1979-12-29,20.74023737709,NA
"358",1979-12-30,21.4428849532069,NA
"359",1979-12-31,21.5929673171691,NA
"360",1980-01-01,21.5735545761179,NA
"361",1980-01-02,21.7019989731535,NA
"362",1980-01-03,21.4348534850645,NA
"363",1980-01-04,20.6620548909706,NA
"364",1980-01-05,19.7499742482628,NA
"365",1980-01-06,19.0996167563336,NA
"366",1980-01-07,19.3785812701918,NA
"367",1980-01-08,19.764110778792,NA
"368",1980-01-09,19.6282791880327,NA
"369",1980-01-10,19.7224618798151,NA
"370",1980-01-11,19.5557461821309,NA
"371",1980-01-12,19.4993591239809,NA
"372",1980-01-13,19.4850174794604,NA
"373",1980-01-14,19.6673374762582,NA
"374",1980-01-15,19.0172100437398,NA
"375",1980-01-16,18.8142657394404,NA
"376",1980-01-17,18.904286671989,NA
"377",1980-01-18,19.1001271961335,NA
"378",1980-01-19,19.1253004928493,NA
"379",1980-01-20,19.2148603746076,NA
"380",1980-01-21,18.8537179045246,NA
"381",1980-01-22,19.5248755488238,NA
"382",1980-01-23,19.3523088281925,NA
"383",1980-01-24,18.8357845405428,NA
"384",1980-01-25,18.6877427517954,NA
"385",1980-01-26,18.5750115058304,NA
"386",1980-01-27,18.6739656616206,NA
"387",1980-01-28,19.1383125318355,NA
"388",1980-01-29,18.4304997807158,NA
"389",1980-01-30,18.3203588878245,NA
"390",1980-01-31,18.483882878365,NA
"391",1980-02-01,19.1929532598629,NA
"392",1980-02-02,19.0666366016877,NA
"393",1980-02-03,18.6862851059864,NA
"394",1980-02-04,18.1855024167304,NA
"395",1980-02-05,18.4935672299536,NA
"396",1980-02-06,18.1570453062611,NA
"397",1980-02-07,17.5816459193496,NA
"398",1980-02-08,16.500539842352,NA
"399",1980-02-09,16.4910978169988,NA
"400",1980-02-10,17.006683767351,NA
"401",1980-02-11,17.8877692475781,NA
"402",1980-02-12,19.1607786988179,NA
"403",1980-02-13,20.364159054175,NA
"404",1980-02-14,21.3318460525563,NA
"405",1980-02-15,21.8169866915608,NA
"406",1980-02-16,22.2498697469707,NA
"407",1980-02-17,22.3858890157138,NA
"408",1980-02-18,22.3646018097309,NA
"409",1980-02-19,22.4347202908921,NA
"410",1980-02-20,22.6052408893166,NA
"411",1980-02-21,22.147439851875,NA
"412",1980-02-22,21.8165439870053,NA
"413",1980-02-23,21.5449006995478,NA
"414",1980-02-24,20.9287092301807,NA
"415",1980-02-25,20.3741187597743,NA
"416",1980-02-26,19.5323163908382,NA
"417",1980-02-27,18.7387522119442,NA
"418",1980-02-28,18.9257585765899,NA
"419",1980-02-29,19.1814334100385,NA
"420",1980-03-01,19.4564195369755,NA
"421",1980-03-02,19.585335066932,NA
"422",1980-03-03,19.5845587201432,NA
"423",1980-03-04,19.2730619804661,NA
"424",1980-03-05,18.7474034728974,NA
"425",1980-03-06,18.9861469517223,NA
"426",1980-03-07,19.1586476188948,NA
"427",1980-03-08,18.3990415675158,NA
"428",1980-03-09,18.15837961051,NA
"429",1980-03-10,17.9662839600805,NA
"430",1980-03-11,17.8518669110302,NA
"431",1980-03-12,18.2315514871365,NA
"432",1980-03-13,17.686018444368,NA
"433",1980-03-14,17.3495661908201,NA
"434",1980-03-15,17.8230029851679,NA
"435",1980-03-16,18.2430596892382,NA
"436",1980-03-17,18.9613288161705,NA
"437",1980-03-18,19.5937378285022,NA
"438",1980-03-19,19.252859598075,NA
"439",1980-03-20,19.8367920365501,NA
"440",1980-03-21,19.8291579082596,NA
"441",1980-03-22,19.670401046913,NA
"442",1980-03-23,19.6352715530583,NA
"443",1980-03-24,18.9664164024866,NA
"444",1980-03-25,18.3496537965586,NA
"445",1980-03-26,18.6201469787994,NA
"446",1980-03-27,17.7899998697407,NA
"447",1980-03-28,17.6905622109412,NA
"448",1980-03-29,17.6165035392352,NA
"449",1980-03-30,17.3548974695025,NA
"450",1980-03-31,17.2247223767255,NA
"451",1980-04-01,16.8439723410302,NA
"452",1980-04-02,16.7164173050987,NA
"453",1980-04-03,16.4175001793977,NA
"454",1980-04-04,16.4760141335341,NA
"455",1980-04-05,16.2981959520926,NA
"456",1980-04-06,16.0370076710739,NA
"457",1980-04-07,15.8128781376767,NA
"458",1980-04-08,15.8627803408195,NA
"459",1980-04-09,15.6486648656473,NA
"460",1980-04-10,16.3936307428707,NA
"461",1980-04-11,16.9000217689995,NA
"462",1980-04-12,17.4425368863435,NA
"463",1980-04-13,18.3613513126175,NA
"464",1980-04-14,19.3978766839151,NA
"465",1980-04-15,20.09856843866,NA
"466",1980-04-16,20.2407390869022,NA
"467",1980-04-17,20.5666887518333,NA
"468",1980-04-18,20.3871024442621,NA
"469",1980-04-19,20.4958296439326,NA
"470",1980-04-20,20.3141358740509,NA
"471",1980-04-21,19.895379127783,NA
"472",1980-04-22,19.5665041035746,NA
"473",1980-04-23,19.0373531135613,NA
"474",1980-04-24,17.8588679761172,NA
"475",1980-04-25,17.2383791472084,NA
"476",1980-04-26,16.1644064900953,NA
"477",1980-04-27,14.9676193948135,NA
"478",1980-04-28,13.8197642280384,NA
"479",1980-04-29,12.883003865228,NA
"480",1980-04-30,12.4289279723123,NA
"481",1980-05-01,12.1336378870749,NA
"482",1980-05-02,12.1782621609465,NA
"483",1980-05-03,12.7567415880861,NA
"484",1980-05-04,13.6357574324341,NA
"485",1980-05-05,14.5160679262257,NA
"486",1980-05-06,15.2098029452084,NA
"487",1980-05-07,15.8294099096733,NA
"488",1980-05-08,16.3533643931712,NA
"489",1980-05-09,16.7798092971975,NA
"490",1980-05-10,16.7460150443359,NA
"491",1980-05-11,16.2967089529739,NA
"492",1980-05-12,15.612909991387,NA
"493",1980-05-13,14.8794570010575,NA
"494",1980-05-14,14.6123916247681,NA
"495",1980-05-15,14.4364140408064,NA
"496",1980-05-16,13.7891014790839,NA
"497",1980-05-17,13.0481175864526,NA
"498",1980-05-18,12.9163890321665,NA
"499",1980-05-19,12.8960818906276,NA
"500",1980-05-20,12.0659230288631,NA
"501",1980-05-21,11.4643767070651,NA
"502",1980-05-22,10.7640203580779,NA
"503",1980-05-23,10.7937161671901,NA
"504",1980-05-24,11.3053112274342,NA
"505",1980-05-25,11.5853995283759,NA
"506",1980-05-26,11.696205615885,NA
"507",1980-05-27,12.4002478723949,NA
"508",1980-05-28,12.8987888422976,NA
"509",1980-05-29,12.9990690805955,NA
"510",1980-05-30,12.5432105221517,NA
"511",1980-05-31,12.1935179275787,NA
"512",1980-06-01,11.8253138515467,NA
"513",1980-06-02,11.2335483184003,NA
"514",1980-06-03,10.7288610751818,NA
"515",1980-06-04,10.2279244240412,NA
"516",1980-06-05,10.1136746223877,NA
"517",1980-06-06,10.219246687138,NA
"518",1980-06-07,9.90920700115045,NA
"519",1980-06-08,9.69907455511746,NA
"520",1980-06-09,9.81597965747453,NA
"521",1980-06-10,9.76875869931406,NA
"522",1980-06-11,9.6747393116129,NA
"523",1980-06-12,9.5397436371862,NA
"524",1980-06-13,8.94446402381548,NA
"525",1980-06-14,9.26717331196531,NA
"526",1980-06-15,9.41573896663618,NA
"527",1980-06-16,9.59346561343934,NA
"528",1980-06-17,9.65832142950805,NA
"529",1980-06-18,9.58797923078572,NA
"530",1980-06-19,9.58284373442097,NA
"531",1980-06-20,9.99123026105081,NA
"532",1980-06-21,9.83716463282013,NA
"533",1980-06-22,9.58571064095439,NA
"534",1980-06-23,9.37983166828935,NA
"535",1980-06-24,9.71937843748618,NA
"536",1980-06-25,10.3837837412811,NA
"537",1980-06-26,10.918274435068,NA
"538",1980-06-27,10.7913518144603,NA
"539",1980-06-28,10.7777153556969,NA
"540",1980-06-29,10.8168057222484,NA
"541",1980-06-30,10.8211389259424,NA
"542",1980-07-01,10.6981707893469,NA
"543",1980-07-02,10.1969632644885,NA
"544",1980-07-03,9.61556057733883,NA
"545",1980-07-04,9.73600879141315,NA
"546",1980-07-05,9.63850069492067,NA
"547",1980-07-06,9.7679930321067,NA
"548",1980-07-07,9.87059391674904,NA
"549",1980-07-08,9.59419036528959,NA
"550",1980-07-09,9.21158543600411,NA
"551",1980-07-10,9.35830327101076,NA
"552",1980-07-11,9.20478076547742,NA
"553",1980-07-12,9.40799120918779,NA
"554",1980-07-13,9.23309691294604,NA
"555",1980-07-14,9.36279252870437,NA
"556",1980-07-15,9.56124493579845,NA
"557",1980-07-16,9.97987944305701,NA
"558",1980-07-17,9.95509281627576,NA
"559",1980-07-18,9.82447183030967,NA
"560",1980-07-19,9.46142559711961,NA
"561",1980-07-20,9.37063481876792,NA
"562",1980-07-21,8.8573159885805,NA
"563",1980-07-22,8.40722740667956,NA
"564",1980-07-23,7.98236071255326,NA
"565",1980-07-24,7.74452284152094,NA
"566",1980-07-25,8.14421346104429,NA
"567",1980-07-26,8.81323330649223,NA
"568",1980-07-27,9.07008515845568,NA
"569",1980-07-28,9.20633423753316,NA
"570",1980-07-29,9.44920826954533,NA
"571",1980-07-30,9.6606657608395,NA
"572",1980-07-31,9.8583725468729,NA
"573",1980-08-01,9.94077721246107,NA
"574",1980-08-02,9.37888871814667,NA
"575",1980-08-03,9.25339239013065,NA
"576",1980-08-04,9.31210981820442,NA
"577",1980-08-05,9.43600001900895,NA
"578",1980-08-06,9.83315731800662,NA
"579",1980-08-07,9.69917989535651,NA
"580",1980-08-08,9.61192291981294,NA
"581",1980-08-09,9.9214368483213,NA
"582",1980-08-10,10.5551893461224,NA
"583",1980-08-11,10.958308872318,NA
"584",1980-08-12,11.0576025098118,NA
"585",1980-08-13,10.7745614330976,NA
"586",1980-08-14,10.8845688797754,NA
"587",1980-08-15,10.3618133633376,NA
"588",1980-08-16,10.0376621917802,NA
"589",1980-08-17,9.23503380930268,NA
"590",1980-08-18,9.27813359059936,NA
"591",1980-08-19,9.87609797943642,NA
"592",1980-08-20,10.2934929734148,NA
"593",1980-08-21,10.7361211652311,NA
"594",1980-08-22,11.7937125950767,NA
"595",1980-08-23,12.2615989893081,NA
"596",1980-08-24,12.3722145472365,NA
"597",1980-08-25,11.6514349550613,NA
"598",1980-08-26,10.9619521280306,NA
"599",1980-08-27,10.6902928474699,NA
"600",1980-08-28,10.7726643435557,NA
"601",1980-08-29,10.5658442259794,NA
"602",1980-08-30,11.0928520109363,NA
"603",1980-08-31,11.4533710025845,NA
"604",1980-09-01,11.9654882433627,NA
"605",1980-09-02,12.18306280087,NA
"606",1980-09-03,12.4850139099023,NA
"607",1980-09-04,12.4319893960017,NA
"608",1980-09-05,12.2164528452252,NA
"609",1980-09-06,12.0309722300766,NA
"610",1980-09-07,12.1557190354484,NA
"611",1980-09-08,12.2700177529742,NA
"612",1980-09-09,12.2620841283802,NA
"613",1980-09-10,12.2365942275917,NA
"614",1980-09-11,12.0828882699818,NA
"615",1980-09-12,11.861701417709,NA
"616",1980-09-13,11.3405341906208,NA
"617",1980-09-14,11.4734356405386,NA
"618",1980-09-15,11.2200126592932,NA
"619",1980-09-16,11.7862671407494,NA
"620",1980-09-17,11.4852636248185,NA
"621",1980-09-18,11.5493595598497,NA
"622",1980-09-19,11.6817983690541,NA
"623",1980-09-20,11.8233127498831,NA
"624",1980-09-21,11.7798185850915,NA
"625",1980-09-22,12.2526814115534,NA
"626",1980-09-23,12.7648270037655,NA
"627",1980-09-24,14.0098496140494,NA
"628",1980-09-25,14.1225233273966,NA
"629",1980-09-26,14.3572720222352,NA
"630",1980-09-27,14.3475701311599,NA
"631",1980-09-28,14.932920768035,NA
"632",1980-09-29,16.0905564216025,NA
"633",1980-09-30,15.542522441242,NA
"634",1980-10-01,14.9776649735995,NA
"635",1980-10-02,14.9882527702048,NA
"636",1980-10-03,14.7558910257475,NA
"637",1980-10-04,15.4287836937781,NA
"638",1980-10-05,15.1368472879023,NA
"639",1980-10-06,13.5322548042811,NA
"640",1980-10-07,13.207980102861,NA
"641",1980-10-08,12.8935572010833,NA
"642",1980-10-09,13.0761201026513,NA
"643",1980-10-10,14.1178737298633,NA
"644",1980-10-11,13.411898421212,NA
"645",1980-10-12,12.8372765332392,NA
"646",1980-10-13,13.11086215956,NA
"647",1980-10-14,13.2526995804368,NA
"648",1980-10-15,13.6119416905374,NA
"649",1980-10-16,13.6350047412955,NA
"650",1980-10-17,13.4564917985199,NA
"651",1980-10-18,14.4130397276071,NA
"652",1980-10-19,15.6131999579042,NA
"653",1980-10-20,15.8473335869507,NA
"654",1980-10-21,16.4455818706805,NA
"655",1980-10-22,17.5382297438335,NA
"656",1980-10-23,17.1994012996094,NA
"657",1980-10-24,16.5484203404798,NA
"658",1980-10-25,16.1616602308435,NA
"659",1980-10-26,16.4173132476509,NA
"660",1980-10-27,15.9813245969054,NA
"661",1980-10-28,15.2243247220862,NA
"662",1980-10-29,13.6777026231432,NA
"663",1980-10-30,13.9630804086381,NA
"664",1980-10-31,14.161303341889,NA
"665",1980-11-01,13.604923160479,NA
"666",1980-11-02,11.9605347420906,NA
"667",1980-11-03,12.2105593940286,NA
"668",1980-11-04,12.4532705449507,NA
"669",1980-11-05,12.7613603416527,NA
"670",1980-11-06,12.6805288804479,NA
"671",1980-11-07,12.6599528721044,NA
"672",1980-11-08,13.0086687115116,NA
"673",1980-11-09,13.6888536544282,NA
"674",1980-11-10,14.7263242222014,NA
"675",1980-11-11,16.1419460119434,NA
"676",1980-11-12,17.572784728646,NA
"677",1980-11-13,18.9727530366919,NA
"678",1980-11-14,19.6869607098569,NA
"679",1980-11-15,20.6026790710292,NA
"680",1980-11-16,21.5804984861853,NA
"681",1980-11-17,22.0903634102305,NA
"682",1980-11-18,21.5059517799583,NA
"683",1980-11-19,20.5374105356531,NA
"684",1980-11-20,19.8318491140388,NA
"685",1980-11-21,19.3577901941911,NA
"686",1980-11-22,18.4324568136132,NA
"687",1980-11-23,17.0709758818621,NA
"688",1980-11-24,15.7592182356686,NA
"689",1980-11-25,16.5525905848511,NA
"690",1980-11-26,18.1490050922165,NA
"691",1980-11-27,18.8554337577382,NA
"692",1980-11-28,19.0474765839026,NA
"693",1980-11-29,19.0353770211624,NA
"694",1980-11-30,19.3940937999731,NA
"695",1980-12-01,20.2792937441855,NA
"696",1980-12-02,20.2700058423006,NA
"697",1980-12-03,19.1528099552386,NA
"698",1980-12-04,18.1708642362984,NA
"699",1980-12-05,18.3267400801115,NA
"700",1980-12-06,18.9626544134372,NA
"701",1980-12-07,19.3050025961199,NA
"702",1980-12-08,19.3385506770332,NA
"703",1980-12-09,20.3139759186797,NA
"704",1980-12-10,21.6297181872014,NA
"705",1980-12-11,22.234456881518,NA
"706",1980-12-12,22.3205207286583,NA
"707",1980-12-13,22.0265379833222,NA
"708",1980-12-14,21.4661525648973,NA
"709",1980-12-15,20.5341063207251,NA
"710",1980-12-16,18.8483307733145,NA
"711",1980-12-17,16.5969940650625,NA
"712",1980-12-18,15.2408694480946,NA
"713",1980-12-19,15.5069742041412,NA
"714",1980-12-20,16.9634828186463,NA
"715",1980-12-21,18.9005275024686,NA
"716",1980-12-22,19.6873564371542,NA
"717",1980-12-23,20.1620957664691,NA
"718",1980-12-24,21.0393336348061,NA
"719",1980-12-25,21.6468778656213,NA
"720",1980-12-26,21.7952998431285,NA
"721",1980-12-27,21.8667503556398,NA
"722",1980-12-28,21.2180040653033,NA
"723",1980-12-29,20.9065104402903,NA
"724",1980-12-30,21.3176369697883,NA
"725",1980-12-31,21.6719636883711,NA
"726",1981-01-01,22.0103570713172,NA
"727",1981-01-02,22.3947048791417,NA
"728",1981-01-03,21.998031748622,NA
"729",1981-01-04,21.9558806008475,NA
"730",1981-01-05,22.2710683625515,NA
"731",1981-01-06,22.2106723118516,NA
"732",1981-01-07,22.1392405833494,NA
"733",1981-01-08,22.0821203829351,NA
"734",1981-01-09,21.7293938532651,NA
"735",1981-01-10,21.6141976168854,NA
"736",1981-01-11,21.5359005830757,NA
"737",1981-01-12,21.5176378410881,NA
"738",1981-01-13,21.9499073419061,NA
"739",1981-01-14,22.2625429616267,NA
"740",1981-01-15,22.4392008223675,NA
"741",1981-01-16,22.6355021721174,NA
"742",1981-01-17,23.0327772106813,NA
"743",1981-01-18,23.102669621866,NA
"744",1981-01-19,23.0520164985838,NA
"745",1981-01-20,22.9981250814548,NA
"746",1981-01-21,22.5292398722992,NA
"747",1981-01-22,21.9246250289611,NA
"748",1981-01-23,21.5030304080519,NA
"749",1981-01-24,21.1133596263442,NA
"750",1981-01-25,21.6802129734581,NA
"751",1981-01-26,22.1911527345146,NA
"752",1981-01-27,21.7795000026082,NA
"753",1981-01-28,21.7904310811266,NA
"754",1981-01-29,21.910555734588,NA
"755",1981-01-30,21.918456789743,NA
"756",1981-01-31,21.7088688342423,NA
"757",1981-02-01,21.4035290036837,NA
"758",1981-02-02,21.5176059980124,NA
"759",1981-02-03,22.1584779731607,NA
"760",1981-02-04,22.1071768094519,NA
"761",1981-02-05,21.9059257661653,NA
"762",1981-02-06,21.6732601033026,NA
"763",1981-02-07,21.7805214622405,NA
"764",1981-02-08,21.831902298919,NA
"765",1981-02-09,21.044902215928,NA
"766",1981-02-10,19.9160061756884,NA
"767",1981-02-11,20.0395736297622,NA
"768",1981-02-12,20.776053756943,NA
"769",1981-02-13,21.591737791174,NA
"770",1981-02-14,21.9909912816874,NA
"771",1981-02-15,22.2341818536615,NA
"772",1981-02-16,22.6915081594418,NA
"773",1981-02-17,22.8835417635657,NA
"774",1981-02-18,22.8830557610098,NA
"775",1981-02-19,22.6565479431655,NA
"776",1981-02-20,22.0864288909613,NA
"777",1981-02-21,21.3251506594166,NA
"778",1981-02-22,20.1911650887607,NA
"779",1981-02-23,19.531190841369,NA
"780",1981-02-24,19.3524206298569,NA
"781",1981-02-25,19.5253688013957,NA
"782",1981-02-26,20.0045548718229,NA
"783",1981-02-27,20.8549487058215,NA
"784",1981-02-28,21.1262396691338,NA
"785",1981-03-01,21.0551609139324,NA
"786",1981-03-02,20.7132308196505,NA
"787",1981-03-03,20.3230283020145,NA
"788",1981-03-04,19.8762168292314,NA
"789",1981-03-05,19.1816900711394,NA
"790",1981-03-06,18.3189921152339,NA
"791",1981-03-07,18.3161076297162,NA
"792",1981-03-08,18.3515617428604,NA
"793",1981-03-09,17.9480978874718,NA
"794",1981-03-10,17.7650666512698,NA
"795",1981-03-11,17.8089135791402,NA
"796",1981-03-12,17.8328782390536,NA
"797",1981-03-13,17.0040494502973,NA
"798",1981-03-14,15.8986745587062,NA
"799",1981-03-15,15.5543838931883,NA
"800",1981-03-16,15.7581351892007,NA
"801",1981-03-17,16.1042367435934,NA
"802",1981-03-18,17.0422995137153,NA
"803",1981-03-19,17.3865201166451,NA
"804",1981-03-20,17.264579367901,NA
"805",1981-03-21,17.1894679880729,NA
"806",1981-03-22,17.0282593914734,NA
"807",1981-03-23,17.2918860243521,NA
"808",1981-03-24,16.9289307587512,NA
"809",1981-03-25,15.8682633446324,NA
"810",1981-03-26,15.512771597081,NA
"811",1981-03-27,16.3282694385247,NA
"812",1981-03-28,16.9000955020895,NA
"813",1981-03-29,17.5637042847713,NA
"814",1981-03-30,17.7654699479187,NA
"815",1981-03-31,18.4533068530088,NA
"816",1981-04-01,19.1046543995642,NA
"817",1981-04-02,19.7082240424882,NA
"818",1981-04-03,20.1594968667668,NA
"819",1981-04-04,20.6685540252647,NA
"820",1981-04-05,20.7024367029708,NA
"821",1981-04-06,20.3375035788829,NA
"822",1981-04-07,20.1604713336549,NA
"823",1981-04-08,20.1720808743461,NA
"824",1981-04-09,19.6291354159364,NA
"825",1981-04-10,18.8698535555348,NA
"826",1981-04-11,18.360638084782,NA
"827",1981-04-12,17.8136706154763,NA
"828",1981-04-13,17.768763128395,NA
"829",1981-04-14,17.4917929403496,NA
"830",1981-04-15,16.9469211250213,NA
"831",1981-04-16,16.6586928801659,NA
"832",1981-04-17,16.515386440294,NA
"833",1981-04-18,15.9541580795646,NA
"834",1981-04-19,15.9295261127081,NA
"835",1981-04-20,15.6296171140063,NA
"836",1981-04-21,15.3633853755077,NA
"837",1981-04-22,15.4702591128657,NA
"838",1981-04-23,15.6214227246699,NA
"839",1981-04-24,15.3681581177433,NA
"840",1981-04-25,14.6877699416673,NA
"841",1981-04-26,14.7789609407686,NA
"842",1981-04-27,14.7048155249918,NA
"843",1981-04-28,14.259971322471,NA
"844",1981-04-29,13.4610775520417,NA
"845",1981-04-30,13.0279571694949,NA
"846",1981-05-01,13.5983289463968,NA
"847",1981-05-02,14.4210447653983,NA
"848",1981-05-03,13.8233333094237,NA
"849",1981-05-04,14.0875650806415,NA
"850",1981-05-05,14.992724685522,NA
"851",1981-05-06,14.8987667338716,NA
"852",1981-05-07,14.8018044815652,NA
"853",1981-05-08,14.2850280583815,NA
"854",1981-05-09,13.4062724930905,NA
"855",1981-05-10,13.5431791698111,NA
"856",1981-05-11,13.2698925936401,NA
"857",1981-05-12,12.4853831383185,NA
"858",1981-05-13,12.417884828074,NA
"859",1981-05-14,12.4445095938128,NA
"860",1981-05-15,12.878910238887,NA
"861",1981-05-16,13.4912782970713,NA
"862",1981-05-17,12.8029735667759,NA
"863",1981-05-18,12.1568915704163,NA
"864",1981-05-19,11.60719469442,NA
"865",1981-05-20,11.3363911269649,NA
"866",1981-05-21,11.1924990462037,NA
"867",1981-05-22,10.6647560863596,NA
"868",1981-05-23,10.6720624382467,NA
"869",1981-05-24,11.3844367768637,NA
"870",1981-05-25,12.1202191473639,NA
"871",1981-05-26,12.8556321903789,NA
"872",1981-05-27,13.0249212939737,NA
"873",1981-05-28,13.0976488461159,NA
"874",1981-05-29,13.1990546581657,NA
"875",1981-05-30,13.0666331214399,NA
"876",1981-05-31,12.8534919868141,NA
"877",1981-06-01,12.4351967729505,NA
"878",1981-06-02,12.0781129076465,NA
"879",1981-06-03,12.1706840111093,NA
"880",1981-06-04,11.8023237477826,NA
"881",1981-06-05,11.0956949650275,NA
"882",1981-06-06,10.1137903678305,NA
"883",1981-06-07,9.67922721565521,NA
"884",1981-06-08,9.54477192788265,NA
"885",1981-06-09,9.48910581719434,NA
"886",1981-06-10,9.35258344336411,NA
"887",1981-06-11,9.19900822866628,NA
"888",1981-06-12,9.70741239303444,NA
"889",1981-06-13,10.447523950849,NA
"890",1981-06-14,10.5291601622289,NA
"891",1981-06-15,10.1988102228726,NA
"892",1981-06-16,9.48786362702593,NA
"893",1981-06-17,9.32286030575484,NA
"894",1981-06-18,9.03444356277613,NA
"895",1981-06-19,8.51092917685365,NA
"896",1981-06-20,8.11981217599313,NA
"897",1981-06-21,8.15849882962334,NA
"898",1981-06-22,8.18832477630331,NA
"899",1981-06-23,8.25526306012656,NA
"900",1981-06-24,7.93035624924943,NA
"901",1981-06-25,8.36387397144493,NA
"902",1981-06-26,8.79333281648209,NA
"903",1981-06-27,9.08999892691523,NA
"904",1981-06-28,9.48730802445706,NA
"905",1981-06-29,10.2369827904455,NA
"906",1981-06-30,11.2355844468416,NA
"907",1981-07-01,11.7351625991458,NA
"908",1981-07-02,11.5259387186197,NA
"909",1981-07-03,11.0519869964875,NA
"910",1981-07-04,10.7173065103064,NA
"911",1981-07-05,10.4494267578082,NA
"912",1981-07-06,9.70516121517574,NA
"913",1981-07-07,9.19702197926978,NA
"914",1981-07-08,8.98170057237308,NA
"915",1981-07-09,9.05332345124513,NA
"916",1981-07-10,9.10394336098641,NA
"917",1981-07-11,8.81476698843661,NA
"918",1981-07-12,8.45263664869132,NA
"919",1981-07-13,8.51269406975166,NA
"920",1981-07-14,8.45532390221799,NA
"921",1981-07-15,8.56688161086981,NA
"922",1981-07-16,8.64154004328929,NA
"923",1981-07-17,8.75634941364279,NA
"924",1981-07-18,9.16249321342074,NA
"925",1981-07-19,9.90065943059689,NA
"926",1981-07-20,10.4354370099915,NA
"927",1981-07-21,10.5256848397106,NA
"928",1981-07-22,10.6358581162444,NA
"929",1981-07-23,11.014397061619,NA
"930",1981-07-24,11.0600864273996,NA
"931",1981-07-25,11.1846283400191,NA
"932",1981-07-26,10.5363264819891,NA
"933",1981-07-27,10.2081691796185,NA
"934",1981-07-28,9.80139333584689,NA
"935",1981-07-29,9.59985591863236,NA
"936",1981-07-30,9.0427784549231,NA
"937",1981-07-31,9.01571375346838,NA
"938",1981-08-01,9.02705742563325,NA
"939",1981-08-02,9.52513892640314,NA
"940",1981-08-03,9.53791173217403,NA
"941",1981-08-04,10.0389014563197,NA
"942",1981-08-05,10.1989719123049,NA
"943",1981-08-06,10.2324099779647,NA
"944",1981-08-07,10.1854283644593,NA
"945",1981-08-08,9.76209045672685,NA
"946",1981-08-09,9.19177389437084,NA
"947",1981-08-10,9.10790265338712,NA
"948",1981-08-11,9.17346790499331,NA
"949",1981-08-12,9.190006246942,NA
"950",1981-08-13,9.41746142177545,NA
"951",1981-08-14,9.40732828300146,NA
"952",1981-08-15,10.0725198743489,NA
"953",1981-08-16,10.6431321117877,NA
"954",1981-08-17,10.5429636718241,NA
"955",1981-08-18,10.6402052126177,NA
"956",1981-08-19,11.0462185983356,NA
"957",1981-08-20,11.1696091023705,NA
"958",1981-08-21,11.2722961227788,NA
"959",1981-08-22,10.4801360982135,NA
"960",1981-08-23,9.86717741554721,NA
"961",1981-08-24,9.91773716202017,NA
"962",1981-08-25,9.69801022829112,NA
"963",1981-08-26,9.11130913675314,NA
"964",1981-08-27,8.46439857073994,NA
"965",1981-08-28,8.10070100095005,NA
"966",1981-08-29,8.22404805498003,NA
"967",1981-08-30,8.03076514564618,NA
"968",1981-08-31,8.05955033237435,NA
"969",1981-09-01,8.18242408426137,NA
"970",1981-09-02,8.52600403536418,NA
"971",1981-09-03,9.2310733332081,NA
"972",1981-09-04,9.60291081820258,NA
"973",1981-09-05,10.1808146830429,NA
"974",1981-09-06,11.1432699779184,NA
"975",1981-09-07,12.1684047421074,NA
"976",1981-09-08,12.7850314475443,NA
"977",1981-09-09,13.3155312844054,NA
"978",1981-09-10,14.2589440023375,NA
"979",1981-09-11,14.5435690242553,NA
"980",1981-09-12,14.7732526086791,NA
"981",1981-09-13,14.6661672602618,NA
"982",1981-09-14,14.3681381591408,NA
"983",1981-09-15,14.3879678834065,NA
"984",1981-09-16,14.8123737140476,NA
"985",1981-09-17,15.3680066157849,NA
"986",1981-09-18,15.3885723308158,NA
"987",1981-09-19,15.1728372026519,NA
"988",1981-09-20,15.9168564607058,NA
"989",1981-09-21,15.6220133627041,NA
"990",1981-09-22,15.0937600975039,NA
"991",1981-09-23,14.0444817011702,NA
"992",1981-09-24,12.3076088972851,NA
"993",1981-09-25,12.1472947060136,NA
"994",1981-09-26,11.9149133341526,NA
"995",1981-09-27,10.9217757485015,NA
"996",1981-09-28,11.0851302810149,NA
"997",1981-09-29,11.5541488101465,NA
"998",1981-09-30,12.1471239203024,NA
"999",1981-10-01,12.92238613496,NA
"1000",1981-10-02,12.9641692220823,NA
"1001",1981-10-03,12.8750565377654,NA
"1002",1981-10-04,13.1605364532786,NA
"1003",1981-10-05,13.4731307151251,NA
"1004",1981-10-06,14.073579265655,NA
"1005",1981-10-07,13.7810283104808,NA
"1006",1981-10-08,14.0807418178712,NA
"1007",1981-10-09,14.2538899733499,NA
"1008",1981-10-10,14.3756370079869,NA
"1009",1981-10-11,14.1621411888082,NA
"1010",1981-10-12,14.2386584334056,NA
"1011",1981-10-13,14.3033142124328,NA
"1012",1981-10-14,14.1967374658161,NA
"1013",1981-10-15,13.341757931488,NA
"1014",1981-10-16,13.3019031775061,NA
"1015",1981-10-17,13.6060932695671,NA
"1016",1981-10-18,14.3466800595232,NA
"1017",1981-10-19,14.3628783286666,NA
"1018",1981-10-20,13.4647484907744,NA
"1019",1981-10-21,13.862604767311,NA
"1020",1981-10-22,13.9669522522045,NA
"1021",1981-10-23,13.937409858039,NA
"1022",1981-10-24,14.1674006577052,NA
"1023",1981-10-25,14.2221662004758,NA
"1024",1981-10-26,15.4557725610739,NA
"1025",1981-10-27,15.9683803622678,NA
"1026",1981-10-28,16.0415462227914,NA
"1027",1981-10-29,16.5711606751745,NA
"1028",1981-10-30,16.978260563446,NA
"1029",1981-10-31,17.0192825320515,NA
"1030",1981-11-01,17.2296724170929,NA
"1031",1981-11-02,16.7073910420938,NA
"1032",1981-11-03,17.1450342023623,NA
"1033",1981-11-04,17.0246381801051,NA
"1034",1981-11-05,16.6171632514503,NA
"1035",1981-11-06,16.2998781408958,NA
"1036",1981-11-07,16.396646505386,NA
"1037",1981-11-08,16.7654247282062,NA
"1038",1981-11-09,16.3817289806442,NA
"1039",1981-11-10,15.4129833138437,NA
"1040",1981-11-11,15.1794312312206,NA
"1041",1981-11-12,15.0974999570358,NA
"1042",1981-11-13,15.1846959664598,NA
"1043",1981-11-14,14.9151379425371,NA
"1044",1981-11-15,13.3789292071051,NA
"1045",1981-11-16,12.4801967326834,NA
"1046",1981-11-17,12.5783721599196,NA
"1047",1981-11-18,13.1411174066155,NA
"1048",1981-11-19,13.8405185599246,NA
"1049",1981-11-20,14.2193536444486,NA
"1050",1981-11-21,14.9741136426278,NA
"1051",1981-11-22,16.7429939682682,NA
"1052",1981-11-23,17.8703888128038,NA
"1053",1981-11-24,18.1984169396413,NA
"1054",1981-11-25,18.51641869089,NA
"1055",1981-11-26,19.198938678742,NA
"1056",1981-11-27,20.3579680238563,NA
"1057",1981-11-28,20.6616912453531,NA
"1058",1981-11-29,20.2310301802135,NA
"1059",1981-11-30,19.9820355140826,NA
"1060",1981-12-01,20.3299432528337,NA
"1061",1981-12-02,20.6919607850463,NA
"1062",1981-12-03,20.4395087020974,NA
"1063",1981-12-04,20.1696534082759,NA
"1064",1981-12-05,19.8713383165081,NA
"1065",1981-12-06,20.0741703693444,NA
"1066",1981-12-07,19.9528893479636,NA
"1067",1981-12-08,19.4885601002054,NA
"1068",1981-12-09,18.7738342442894,NA
"1069",1981-12-10,19.0784546481717,NA
"1070",1981-12-11,18.4474901094583,NA
"1071",1981-12-12,17.9389209050417,NA
"1072",1981-12-13,17.1661899759585,NA
"1073",1981-12-14,17.1279104053367,NA
"1074",1981-12-15,17.5667142281405,NA
"1075",1981-12-16,18.4295991489926,NA
"1076",1981-12-17,18.3944243812728,NA
"1077",1981-12-18,18.2152246741479,NA
"1078",1981-12-19,18.3082197513465,NA
"1079",1981-12-20,18.668061387544,NA
"1080",1981-12-21,19.1129070218628,NA
"1081",1981-12-22,19.0717042071602,NA
"1082",1981-12-23,18.5883933077361,NA
"1083",1981-12-24,17.9930155120752,NA
"1084",1981-12-25,18.2443515388581,NA
"1085",1981-12-26,19.0726444193793,NA
"1086",1981-12-27,19.5332854599576,NA
"1087",1981-12-28,19.8174836891445,NA
"1088",1981-12-29,20.3073413846343,NA
"1089",1981-12-30,21.1708714788308,NA
"1090",1981-12-31,21.6268282232737,NA
"1091",1982-01-01,21.5439583605897,NA
"1092",1982-01-02,21.1595927901295,NA
"1093",1982-01-03,20.9229334174564,NA
"1094",1982-01-04,20.5925173543604,NA
"1095",1982-01-05,20.6004436374418,NA
"1096",1982-01-06,19.7375483914683,NA
"1097",1982-01-07,19.2207051887445,NA
"1098",1982-01-08,19.3351103944598,NA
"1099",1982-01-09,19.9604966979457,NA
"1100",1982-01-10,20.8520565009538,NA
"1101",1982-01-11,21.8705415942925,NA
"1102",1982-01-12,21.5777384358829,NA
"1103",1982-01-13,21.4929804962876,NA
"1104",1982-01-14,21.6306599793995,NA
"1105",1982-01-15,22.0540608623407,NA
"1106",1982-01-16,22.2968889369722,NA
"1107",1982-01-17,22.0488359178662,NA
"1108",1982-01-18,21.7085617999247,NA
"1109",1982-01-19,22.3481098002099,NA
"1110",1982-01-20,22.8617421913718,NA
"1111",1982-01-21,23.0577164184671,NA
"1112",1982-01-22,23.0341355083138,NA
"1113",1982-01-23,23.1278874410758,NA
"1114",1982-01-24,23.1440487605668,NA
"1115",1982-01-25,23.0257299229759,NA
"1116",1982-01-26,22.567953085138,NA
"1117",1982-01-27,21.9303626167826,NA
"1118",1982-01-28,21.5083528949748,NA
"1119",1982-01-29,21.3464696999748,NA
"1120",1982-01-30,19.918704679327,NA
"1121",1982-01-31,18.8035326160417,NA
"1122",1982-02-01,19.0364217716056,NA
"1123",1982-02-02,19.6194810518512,NA
"1124",1982-02-03,19.800486741386,NA
"1125",1982-02-04,19.454194984875,NA
"1126",1982-02-05,19.4997316435173,NA
"1127",1982-02-06,20.4050658908994,NA
"1128",1982-02-07,21.461180924205,NA
"1129",1982-02-08,21.8836565333466,NA
"1130",1982-02-09,21.7224327432738,NA
"1131",1982-02-10,21.8225578184778,NA
"1132",1982-02-11,22.187614565265,NA
"1133",1982-02-12,22.469563181106,NA
"1134",1982-02-13,22.610393075921,NA
"1135",1982-02-14,22.7105652982119,NA
"1136",1982-02-15,22.686742552043,NA
"1137",1982-02-16,22.694799680332,NA
"1138",1982-02-17,22.4889812501564,NA
"1139",1982-02-18,21.9899411164654,NA
"1140",1982-02-19,21.519115802898,NA
"1141",1982-02-20,20.5569929997223,NA
"1142",1982-02-21,19.1547413162096,NA
"1143",1982-02-22,18.7980931101295,NA
"1144",1982-02-23,18.5476561544038,NA
"1145",1982-02-24,18.4606727892604,NA
"1146",1982-02-25,18.7431421108773,NA
"1147",1982-02-26,17.9269181960314,NA
"1148",1982-02-27,17.6602447468752,NA
"1149",1982-02-28,17.5602277066138,NA
"1150",1982-03-01,16.8896752479012,NA
"1151",1982-03-02,17.0249425800545,NA
"1152",1982-03-03,17.8056154209403,NA
"1153",1982-03-04,18.6760743132647,NA
"1154",1982-03-05,20.0269533194328,NA
"1155",1982-03-06,20.7696571673676,NA
"1156",1982-03-07,21.297194364084,NA
"1157",1982-03-08,21.1999623829216,NA
"1158",1982-03-09,21.0099804931658,NA
"1159",1982-03-10,20.3673713968849,NA
"1160",1982-03-11,19.5953795838298,NA
"1161",1982-03-12,18.6064446678217,NA
"1162",1982-03-13,18.3168531327922,NA
"1163",1982-03-14,18.3468387351077,NA
"1164",1982-03-15,19.6405489053967,NA
"1165",1982-03-16,20.3237862802654,NA
"1166",1982-03-17,20.4974777435859,NA
"1167",1982-03-18,20.4352945227925,NA
"1168",1982-03-19,20.5154739583943,NA
"1169",1982-03-20,20.5731059919179,NA
"1170",1982-03-21,20.880253670274,NA
"1171",1982-03-22,20.3003806762811,NA
"1172",1982-03-23,19.5221632385424,NA
"1173",1982-03-24,19.4888261749491,NA
"1174",1982-03-25,19.7657369444543,NA
"1175",1982-03-26,19.6249489334349,NA
"1176",1982-03-27,18.9033201920959,NA
"1177",1982-03-28,17.5817477002992,NA
"1178",1982-03-29,17.0742823025353,NA
"1179",1982-03-30,17.3506513267364,NA
"1180",1982-03-31,17.3463445385779,NA
"1181",1982-04-01,17.5429155589908,NA
"1182",1982-04-02,17.1776930011738,NA
"1183",1982-04-03,16.6746666041547,NA
"1184",1982-04-04,16.3199476120677,NA
"1185",1982-04-05,16.2186340427673,NA
"1186",1982-04-06,16.1271290571598,NA
"1187",1982-04-07,16.0161069128489,NA
"1188",1982-04-08,15.4713968786053,NA
"1189",1982-04-09,16.0637968192737,NA
"1190",1982-04-10,17.0666106199787,NA
"1191",1982-04-11,17.8021015966221,NA
"1192",1982-04-12,18.5148641935065,NA
"1193",1982-04-13,19.1771039643412,NA
"1194",1982-04-14,19.8353570877314,NA
"1195",1982-04-15,19.7820417350677,NA
"1196",1982-04-16,19.0312235864859,NA
"1197",1982-04-17,18.1307369755824,NA
"1198",1982-04-18,17.3213052223815,NA
"1199",1982-04-19,16.3580851077949,NA
"1200",1982-04-20,15.3276265112119,NA
"1201",1982-04-21,14.2216877975983,NA
"1202",1982-04-22,14.2755013780884,NA
"1203",1982-04-23,15.0795422213635,NA
"1204",1982-04-24,15.4757272481991,NA
"1205",1982-04-25,14.8737727819206,NA
"1206",1982-04-26,14.1375295564301,NA
"1207",1982-04-27,13.4523304426251,NA
"1208",1982-04-28,12.9364089200853,NA
"1209",1982-04-29,12.2414095550513,NA
"1210",1982-04-30,11.5187140346982,NA
"1211",1982-05-01,11.2820573440527,NA
"1212",1982-05-02,12.2093861328611,NA
"1213",1982-05-03,13.3817520631447,NA
"1214",1982-05-04,13.8591893251742,NA
"1215",1982-05-05,13.9938264198533,NA
"1216",1982-05-06,13.8011400659374,NA
"1217",1982-05-07,13.6990427945857,NA
"1218",1982-05-08,13.2742173513488,NA
"1219",1982-05-09,12.9746698595399,NA
"1220",1982-05-10,12.3472028079423,NA
"1221",1982-05-11,12.1403370701142,NA
"1222",1982-05-12,12.3088511393314,NA
"1223",1982-05-13,12.1652207244308,NA
"1224",1982-05-14,11.5842345405693,NA
"1225",1982-05-15,11.3898469222852,NA
"1226",1982-05-16,11.0984166982231,NA
"1227",1982-05-17,11.7314481518936,NA
"1228",1982-05-18,12.5419296122511,NA
"1229",1982-05-19,12.090889426791,NA
"1230",1982-05-20,12.3860656571811,NA
"1231",1982-05-21,12.3879805577645,NA
"1232",1982-05-22,12.430036924167,NA
"1233",1982-05-23,12.4900191329218,NA
"1234",1982-05-24,11.9217839943512,NA
"1235",1982-05-25,11.3782872447225,NA
"1236",1982-05-26,11.7735524278632,NA
"1237",1982-05-27,12.2679503750742,NA
"1238",1982-05-28,12.6828261975334,NA
"1239",1982-05-29,13.0408459408196,NA
"1240",1982-05-30,12.7446490142356,NA
"1241",1982-05-31,12.2298116294256,NA
"1242",1982-06-01,11.8588442606056,NA
"1243",1982-06-02,10.9032345826651,NA
"1244",1982-06-03,9.45441701800313,NA
"1245",1982-06-04,8.66772617417306,NA
"1246",1982-06-05,7.55568341792727,NA
"1247",1982-06-06,6.93732359614343,NA
"1248",1982-06-07,6.46148553434393,NA
"1249",1982-06-08,5.71845199717153,NA
"1250",1982-06-09,6.02144884301203,NA
"1251",1982-06-10,6.49592004018362,NA
"1252",1982-06-11,7.08103112391147,NA
"1253",1982-06-12,7.55466348432708,NA
"1254",1982-06-13,7.71269573116553,NA
"1255",1982-06-14,8.32128719135295,NA
"1256",1982-06-15,8.64213924256541,NA
"1257",1982-06-16,8.83400650562969,NA
"1258",1982-06-17,8.80331631193569,NA
"1259",1982-06-18,8.51842188902259,NA
"1260",1982-06-19,8.77859074220307,NA
"1261",1982-06-20,9.17856630953902,NA
"1262",1982-06-21,8.90049214336167,NA
"1263",1982-06-22,9.19170834741603,NA
"1264",1982-06-23,8.84760045122236,NA
"1265",1982-06-24,8.5090691972273,NA
"1266",1982-06-25,8.13811331030814,NA
"1267",1982-06-26,8.05440583936474,NA
"1268",1982-06-27,8.1207315817843,NA
"1269",1982-06-28,8.5336727846294,NA
"1270",1982-06-29,8.61377481922663,NA
"1271",1982-06-30,8.66302612923866,NA
"1272",1982-07-01,8.70509660794742,NA
"1273",1982-07-02,9.31540530760752,NA
"1274",1982-07-03,8.9029243150133,NA
"1275",1982-07-04,8.52865592253382,NA
"1276",1982-07-05,8.21491517631694,NA
"1277",1982-07-06,7.841787773683,NA
"1278",1982-07-07,7.87172329681304,NA
"1279",1982-07-08,7.86484676598643,NA
"1280",1982-07-09,7.75676170638448,NA
"1281",1982-07-10,8.21998310774444,NA
"1282",1982-07-11,8.434713632701,NA
"1283",1982-07-12,8.43659869255227,NA
"1284",1982-07-13,8.50594067082063,NA
"1285",1982-07-14,8.09378271890054,NA
"1286",1982-07-15,7.85358666645188,NA
"1287",1982-07-16,7.34126616038283,NA
"1288",1982-07-17,6.82793416407199,NA
"1289",1982-07-18,6.6253023545,NA
"1290",1982-07-19,5.98072959742315,NA
"1291",1982-07-20,5.56666192086322,NA
"1292",1982-07-21,5.59847209112495,NA
"1293",1982-07-22,5.93716927526405,NA
"1294",1982-07-23,6.64119523980096,NA
"1295",1982-07-24,7.35521928244881,NA
"1296",1982-07-25,7.96829328702416,NA
"1297",1982-07-26,8.82514151985176,NA
"1298",1982-07-27,9.43271159138625,NA
"1299",1982-07-28,9.59239095199118,NA
"1300",1982-07-29,9.3606392748479,NA
"1301",1982-07-30,9.16062654358932,NA
"1302",1982-07-31,9.08430635999528,NA
"1303",1982-08-01,8.84605342644581,NA
"1304",1982-08-02,9.31412000291393,NA
"1305",1982-08-03,9.054156367064,NA
"1306",1982-08-04,9.09526932574061,NA
"1307",1982-08-05,9.44692254129287,NA
"1308",1982-08-06,9.19954221945891,NA
"1309",1982-08-07,9.20885349801549,NA
"1310",1982-08-08,9.509054478162,NA
"1311",1982-08-09,9.64155958824954,NA
"1312",1982-08-10,9.98430046978635,NA
"1313",1982-08-11,10.3446260649463,NA
"1314",1982-08-12,10.4846996754351,NA
"1315",1982-08-13,10.8271944922254,NA
"1316",1982-08-14,10.8343698855844,NA
"1317",1982-08-15,10.3901187158468,NA
"1318",1982-08-16,9.79031453857287,NA
"1319",1982-08-17,9.48572015946085,NA
"1320",1982-08-18,9.64484229010034,NA
"1321",1982-08-19,10.2302356041847,NA
"1322",1982-08-20,11.2748997421231,NA
"1323",1982-08-21,11.3063550731663,NA
"1324",1982-08-22,11.5893126539927,NA
"1325",1982-08-23,12.3175255420254,NA
"1326",1982-08-24,13.2920564829512,NA
"1327",1982-08-25,13.2871125908402,NA
"1328",1982-08-26,12.7463419247193,NA
"1329",1982-08-27,12.253300400566,NA
"1330",1982-08-28,13.1879761522831,NA
"1331",1982-08-29,14.142711736514,NA
"1332",1982-08-30,13.4704397401807,NA
"1333",1982-08-31,12.8857497336895,NA
"1334",1982-09-01,13.6471883101736,NA
"1335",1982-09-02,14.1003897881197,NA
"1336",1982-09-03,13.3227789718834,NA
"1337",1982-09-04,12.2911214242525,NA
"1338",1982-09-05,11.5317197882571,NA
"1339",1982-09-06,11.175550201642,NA
"1340",1982-09-07,11.4197641462354,NA
"1341",1982-09-08,10.3485576784959,NA
"1342",1982-09-09,9.40495303058532,NA
"1343",1982-09-10,9.85365203817749,NA
"1344",1982-09-11,9.92304453102915,NA
"1345",1982-09-12,9.62143836172017,NA
"1346",1982-09-13,10.3039033022714,NA
"1347",1982-09-14,10.5905031175056,NA
"1348",1982-09-15,12.1296744072769,NA
"1349",1982-09-16,13.8515149926313,NA
"1350",1982-09-17,14.1883189137502,NA
"1351",1982-09-18,14.1377295945626,NA
"1352",1982-09-19,13.9727098012355,NA
"1353",1982-09-20,13.7436921492847,NA
"1354",1982-09-21,13.4630494465375,NA
"1355",1982-09-22,12.6683312712383,NA
"1356",1982-09-23,12.3309290834426,NA
"1357",1982-09-24,12.7315914813906,NA
"1358",1982-09-25,12.859375514179,NA
"1359",1982-09-26,13.3070858493398,NA
"1360",1982-09-27,13.5521217735761,NA
"1361",1982-09-28,13.1364346288592,NA
"1362",1982-09-29,12.2355528820119,NA
"1363",1982-09-30,11.5209747524576,NA
"1364",1982-10-01,10.8180472417025,NA
"1365",1982-10-02,11.7012575676277,NA
"1366",1982-10-03,12.1878499143309,NA
"1367",1982-10-04,11.9416043567889,NA
"1368",1982-10-05,12.5337324408401,NA
"1369",1982-10-06,13.956307108679,NA
"1370",1982-10-07,14.2874796671813,NA
"1371",1982-10-08,14.1303109957353,NA
"1372",1982-10-09,13.2383298239256,NA
"1373",1982-10-10,12.6779218578699,NA
"1374",1982-10-11,13.5351466805973,NA
"1375",1982-10-12,13.9363988899591,NA
"1376",1982-10-13,13.3800342446094,NA
"1377",1982-10-14,12.9038397443401,NA
"1378",1982-10-15,13.2834827733929,NA
"1379",1982-10-16,13.2727004284364,NA
"1380",1982-10-17,13.1053418199763,NA
"1381",1982-10-18,13.141656417919,NA
"1382",1982-10-19,12.4457294752903,NA
"1383",1982-10-20,12.0715327557962,NA
"1384",1982-10-21,12.2040584823991,NA
"1385",1982-10-22,12.3516133519277,NA
"1386",1982-10-23,12.7860632135228,NA
"1387",1982-10-24,13.9518319611087,NA
"1388",1982-10-25,15.0207159517492,NA
"1389",1982-10-26,16.1355723043964,NA
"1390",1982-10-27,16.4879316124976,NA
"1391",1982-10-28,16.9026517589635,NA
"1392",1982-10-29,17.6124335313734,NA
"1393",1982-10-30,17.4059970483941,NA
"1394",1982-10-31,16.60332932804,NA
"1395",1982-11-01,15.1882081003128,NA
"1396",1982-11-02,15.0132864406475,NA
"1397",1982-11-03,16.1644355973955,NA
"1398",1982-11-04,17.3251843994063,NA
"1399",1982-11-05,18.4372640967951,NA
"1400",1982-11-06,19.7469748566932,NA
"1401",1982-11-07,20.169236144099,NA
"1402",1982-11-08,20.2764605538587,NA
"1403",1982-11-09,20.1159939271533,NA
"1404",1982-11-10,19.2206641938347,NA
"1405",1982-11-11,18.5547961248794,NA
"1406",1982-11-12,17.8486513750758,NA
"1407",1982-11-13,18.0578058764966,NA
"1408",1982-11-14,19.0697406231788,NA
"1409",1982-11-15,19.6582395709356,NA
"1410",1982-11-16,19.3500389037146,NA
"1411",1982-11-17,19.3209857050467,NA
"1412",1982-11-18,18.8424212235443,NA
"1413",1982-11-19,18.1301422757836,NA
"1414",1982-11-20,17.2530385768709,NA
"1415",1982-11-21,16.6598346127816,NA
"1416",1982-11-22,17.1858164458091,NA
"1417",1982-11-23,18.8387722627215,NA
"1418",1982-11-24,20.3805506702016,NA
"1419",1982-11-25,20.6476962271434,NA
"1420",1982-11-26,20.6574109962607,NA
"1421",1982-11-27,20.4511543625371,NA
"1422",1982-11-28,20.5885298381686,NA
"1423",1982-11-29,20.7154878878904,NA
"1424",1982-11-30,20.0507379908728,NA
"1425",1982-12-01,18.525227876871,NA
"1426",1982-12-02,18.5133536797355,NA
"1427",1982-12-03,18.4122417871636,NA
"1428",1982-12-04,18.3635177938858,NA
"1429",1982-12-05,17.8565519850348,NA
"1430",1982-12-06,16.8849834059491,NA
"1431",1982-12-07,15.999973597654,NA
"1432",1982-12-08,16.14160679715,NA
"1433",1982-12-09,16.1306661943744,NA
"1434",1982-12-10,16.3881054842715,NA
"1435",1982-12-11,17.0637644167636,NA
"1436",1982-12-12,18.1564880601364,NA
"1437",1982-12-13,18.7253279357993,NA
"1438",1982-12-14,19.9539770970613,NA
"1439",1982-12-15,20.387219719056,NA
"1440",1982-12-16,20.8436164230049,NA
"1441",1982-12-17,20.967828634993,NA
"1442",1982-12-18,20.6648300436424,NA
"1443",1982-12-19,19.7898943653306,NA
"1444",1982-12-20,19.1605518041916,NA
"1445",1982-12-21,18.6638798127673,NA
"1446",1982-12-22,19.3723331734083,NA
"1447",1982-12-23,19.921234072361,NA
"1448",1982-12-24,20.1255303297079,NA
"1449",1982-12-25,20.3221935623091,NA
"1450",1982-12-26,20.915138722486,NA
"1451",1982-12-27,21.387410868494,NA
"1452",1982-12-28,21.6707953984194,NA
"1453",1982-12-29,21.7122738765736,NA
"1454",1982-12-30,21.5872238335481,NA
"1455",1982-12-31,21.9024730088147,NA
"1456",1983-01-01,22.1368205121292,NA
"1457",1983-01-02,21.7107173471837,NA
"1458",1983-01-03,21.3447373641139,NA
"1459",1983-01-04,21.0400929052013,NA
"1460",1983-01-05,20.3488611909673,NA
"1461",1983-01-06,20.0607493577255,NA
"1462",1983-01-07,20.2848377314773,NA
"1463",1983-01-08,20.2842036858692,NA
"1464",1983-01-09,20.1973603842954,NA
"1465",1983-01-10,19.8241001325677,NA
"1466",1983-01-11,19.0581841613552,NA
"1467",1983-01-12,18.5756280556589,NA
"1468",1983-01-13,17.7937641837075,NA
"1469",1983-01-14,16.2117210544497,NA
"1470",1983-01-15,15.3331955182976,NA
"1471",1983-01-16,15.2970544316077,NA
"1472",1983-01-17,15.6802358293814,NA
"1473",1983-01-18,16.1911883665299,NA
"1474",1983-01-19,17.0885756216088,NA
"1475",1983-01-20,18.2709864983202,NA
"1476",1983-01-21,19.5047750706524,NA
"1477",1983-01-22,20.592797742528,NA
"1478",1983-01-23,20.8330831976498,NA
"1479",1983-01-24,21.1264101170612,NA
"1480",1983-01-25,21.8280399443903,NA
"1481",1983-01-26,21.4354432082492,NA
"1482",1983-01-27,20.9610932019686,NA
"1483",1983-01-28,20.5529217373263,NA
"1484",1983-01-29,20.3274429766044,NA
"1485",1983-01-30,21.120479979856,NA
"1486",1983-01-31,21.9766065368674,NA
"1487",1983-02-01,21.718706270382,NA
"1488",1983-02-02,21.9655420598807,NA
"1489",1983-02-03,22.1330890076489,NA
"1490",1983-02-04,22.2107973954345,NA
"1491",1983-02-05,22.2393537308436,NA
"1492",1983-02-06,22.3500537733142,NA
"1493",1983-02-07,22.2861538231378,NA
"1494",1983-02-08,22.3441366252761,NA
"1495",1983-02-09,22.4885814949882,NA
"1496",1983-02-10,22.5145755295398,NA
"1497",1983-02-11,22.3199097773224,NA
"1498",1983-02-12,21.8696598071031,NA
"1499",1983-02-13,21.2783741151866,NA
"1500",1983-02-14,20.7964774001779,NA
"1501",1983-02-15,21.2794645640223,NA
"1502",1983-02-16,21.6770999618347,NA
"1503",1983-02-17,21.3910880924403,NA
"1504",1983-02-18,21.3585660818146,NA
"1505",1983-02-19,21.5837868158951,NA
"1506",1983-02-20,21.7120902968511,NA
"1507",1983-02-21,21.7780928011368,NA
"1508",1983-02-22,21.3877133977934,NA
"1509",1983-02-23,20.9830354675879,NA
"1510",1983-02-24,21.5504960262533,NA
"1511",1983-02-25,22.1524414052846,NA
"1512",1983-02-26,22.5940716734192,NA
"1513",1983-02-27,22.8135494122259,NA
"1514",1983-02-28,22.8985878727278,NA
"1515",1983-03-01,23.0114622217614,NA
"1516",1983-03-02,23.0718701494678,NA
"1517",1983-03-03,23.1216927834559,NA
"1518",1983-03-04,23.0523935858436,NA
"1519",1983-03-05,22.8382780429686,NA
"1520",1983-03-06,22.8193677469623,NA
"1521",1983-03-07,22.6897382966456,NA
"1522",1983-03-08,22.421224768149,NA
"1523",1983-03-09,21.9209089144055,NA
"1524",1983-03-10,21.3496884819084,NA
"1525",1983-03-11,21.4805620996602,NA
"1526",1983-03-12,21.4887936410154,NA
"1527",1983-03-13,20.6191072046732,NA
"1528",1983-03-14,19.7109572185595,NA
"1529",1983-03-15,19.0387556526425,NA
"1530",1983-03-16,19.0558051810672,NA
"1531",1983-03-17,18.8845784649031,NA
"1532",1983-03-18,18.7046823182547,NA
"1533",1983-03-19,18.7333675702094,NA
"1534",1983-03-20,19.1201068914912,NA
"1535",1983-03-21,19.1861015912603,NA
"1536",1983-03-22,19.103618750873,NA
"1537",1983-03-23,18.74236717368,NA
"1538",1983-03-24,18.1067057171714,NA
"1539",1983-03-25,16.8879005803435,NA
"1540",1983-03-26,15.871989835902,NA
"1541",1983-03-27,14.7953335589785,NA
"1542",1983-03-28,14.2817344737896,NA
"1543",1983-03-29,14.5817919580013,NA
"1544",1983-03-30,14.677946524633,NA
"1545",1983-03-31,14.9543805787946,NA
"1546",1983-04-01,15.1085259446381,NA
"1547",1983-04-02,14.8954238290345,NA
"1548",1983-04-03,15.0772616245248,NA
"1549",1983-04-04,15.0717326336347,NA
"1550",1983-04-05,13.948139084547,NA
"1551",1983-04-06,13.2350139206477,NA
"1552",1983-04-07,12.5715505249276,NA
"1553",1983-04-08,12.4690351018169,NA
"1554",1983-04-09,12.6233836207449,NA
"1555",1983-04-10,12.764349645469,NA
"1556",1983-04-11,12.8502936614551,NA
"1557",1983-04-12,13.4415884087905,NA
"1558",1983-04-13,13.8978251167665,NA
"1559",1983-04-14,13.8292670731292,NA
"1560",1983-04-15,13.1690967132302,NA
"1561",1983-04-16,12.5591171036224,NA
"1562",1983-04-17,11.7138902727487,NA
"1563",1983-04-18,11.4093227257652,NA
"1564",1983-04-19,11.3771430292414,NA
"1565",1983-04-20,11.7952340417675,NA
"1566",1983-04-21,12.8811182763759,NA
"1567",1983-04-22,14.3284684388014,NA
"1568",1983-04-23,14.7961388312394,NA
"1569",1983-04-24,15.1760205762774,NA
"1570",1983-04-25,15.5128080347007,NA
"1571",1983-04-26,15.4839085238841,NA
"1572",1983-04-27,14.9529179833376,NA
"1573",1983-04-28,14.0206237561733,NA
"1574",1983-04-29,13.0166543384134,NA
"1575",1983-04-30,13.2825270995263,NA
"1576",1983-05-01,13.6200989685482,NA
"1577",1983-05-02,13.5392907291043,NA
"1578",1983-05-03,13.7152477057653,NA
"1579",1983-05-04,13.9122377159633,NA
"1580",1983-05-05,14.1470086742237,NA
"1581",1983-05-06,14.2059199912808,NA
"1582",1983-05-07,14.097668000796,NA
"1583",1983-05-08,13.8888747563196,NA
"1584",1983-05-09,13.9196030552591,NA
"1585",1983-05-10,13.7570528237084,NA
"1586",1983-05-11,13.7657315483929,NA
"1587",1983-05-12,13.7690074928732,NA
"1588",1983-05-13,14.3406920357786,NA
"1589",1983-05-14,14.3023983731276,NA
"1590",1983-05-15,13.7885666371472,NA
"1591",1983-05-16,12.9991790014147,NA
"1592",1983-05-17,12.1861083502657,NA
"1593",1983-05-18,12.0598829689455,NA
"1594",1983-05-19,11.7780348403335,NA
"1595",1983-05-20,11.0905648106109,NA
"1596",1983-05-21,10.5495932767456,NA
"1597",1983-05-22,11.0547825732278,NA
"1598",1983-05-23,11.8611869873415,NA
"1599",1983-05-24,12.358335123499,NA
"1600",1983-05-25,12.426317244509,NA
"1601",1983-05-26,12.6916911760598,NA
"1602",1983-05-27,12.5767465345106,NA
"1603",1983-05-28,12.6011566920222,NA
"1604",1983-05-29,11.9242709625689,NA
"1605",1983-05-30,11.5275961987196,NA
"1606",1983-05-31,11.4983878269388,NA
"1607",1983-06-01,11.090366607604,NA
"1608",1983-06-02,10.4497408764625,NA
"1609",1983-06-03,10.2242813024886,NA
"1610",1983-06-04,10.1526475200225,NA
"1611",1983-06-05,10.4808788290481,NA
"1612",1983-06-06,10.8947499071433,NA
"1613",1983-06-07,10.3850174577292,NA
"1614",1983-06-08,10.1984622056736,NA
"1615",1983-06-09,10.3160640047363,NA
"1616",1983-06-10,9.71320933571537,NA
"1617",1983-06-11,9.80349340155496,NA
"1618",1983-06-12,9.50317076499148,NA
"1619",1983-06-13,8.71778254729168,NA
"1620",1983-06-14,8.98950175079584,NA
"1621",1983-06-15,9.16679957848217,NA
"1622",1983-06-16,9.05971951078789,NA
"1623",1983-06-17,9.2706649240985,NA
"1624",1983-06-18,9.14551873695858,NA
"1625",1983-06-19,9.55741774944911,NA
"1626",1983-06-20,9.98096316906187,NA
"1627",1983-06-21,10.1126316858788,NA
"1628",1983-06-22,9.85026318365476,NA
"1629",1983-06-23,10.1330965150746,NA
"1630",1983-06-24,10.5149558235511,NA
"1631",1983-06-25,9.85285219064575,NA
"1632",1983-06-26,8.77602115259706,NA
"1633",1983-06-27,8.17458672082677,NA
"1634",1983-06-28,7.82124468060655,NA
"1635",1983-06-29,8.15643536478919,NA
"1636",1983-06-30,8.35870179085103,NA
"1637",1983-07-01,8.50044076723425,NA
"1638",1983-07-02,9.00592520008522,NA
"1639",1983-07-03,9.52651910927863,NA
"1640",1983-07-04,9.7923933666744,NA
"1641",1983-07-05,9.81130949585668,NA
"1642",1983-07-06,9.49553066393008,NA
"1643",1983-07-07,8.83384357302848,NA
"1644",1983-07-08,8.17942870225215,NA
"1645",1983-07-09,7.65946343627899,NA
"1646",1983-07-10,7.44797422794317,NA
"1647",1983-07-11,7.5962257405765,NA
"1648",1983-07-12,7.58754614981961,NA
"1649",1983-07-13,7.89739556750279,NA
"1650",1983-07-14,8.01265775316538,NA
"1651",1983-07-15,8.32678932992834,NA
"1652",1983-07-16,8.62903716133421,NA
"1653",1983-07-17,8.97364098119784,NA
"1654",1983-07-18,8.86225853177657,NA
"1655",1983-07-19,8.37376737157727,NA
"1656",1983-07-20,7.7280715208625,NA
"1657",1983-07-21,7.78242780232904,NA
"1658",1983-07-22,7.72325843919615,NA
"1659",1983-07-23,7.41973893187116,NA
"1660",1983-07-24,7.00074131206702,NA
"1661",1983-07-25,7.0727441920733,NA
"1662",1983-07-26,8.15648021785825,NA
"1663",1983-07-27,8.71451889326717,NA
"1664",1983-07-28,8.87895584268056,NA
"1665",1983-07-29,9.07355947666731,NA
"1666",1983-07-30,9.94414485149348,NA
"1667",1983-07-31,10.4559362275216,NA
"1668",1983-08-01,10.3960239632596,NA
"1669",1983-08-02,9.82377840278635,NA
"1670",1983-08-03,9.59110041175767,NA
"1671",1983-08-04,9.04644711288202,NA
"1672",1983-08-05,8.9841423710116,NA
"1673",1983-08-06,9.01234619298451,NA
"1674",1983-08-07,9.29301142985299,NA
"1675",1983-08-08,9.5461299731933,NA
"1676",1983-08-09,10.0160880661877,NA
"1677",1983-08-10,10.6266869824962,NA
"1678",1983-08-11,11.153880431247,NA
"1679",1983-08-12,11.312395866685,NA
"1680",1983-08-13,11.5548945625569,NA
"1681",1983-08-14,12.1743934764998,NA
"1682",1983-08-15,12.7461349783877,NA
"1683",1983-08-16,12.3024943357208,NA
"1684",1983-08-17,11.5006464463458,NA
"1685",1983-08-18,11.185149290878,NA
"1686",1983-08-19,11.1289825783824,NA
"1687",1983-08-20,10.8704691681902,NA
"1688",1983-08-21,10.5524345386937,NA
"1689",1983-08-22,10.0705111592027,NA
"1690",1983-08-23,10.8199194845168,NA
"1691",1983-08-24,12.0803555983743,NA
"1692",1983-08-25,12.5219966414194,NA
"1693",1983-08-26,12.4608593665933,NA
"1694",1983-08-27,12.1286720920883,NA
"1695",1983-08-28,11.5668601912304,NA
"1696",1983-08-29,11.8370288043366,NA
"1697",1983-08-30,11.7635853981227,NA
"1698",1983-08-31,11.4369675652662,NA
"1699",1983-09-01,11.9503023597701,NA
"1700",1983-09-02,12.248800962715,NA
"1701",1983-09-03,12.2806632811762,NA
"1702",1983-09-04,12.5532329112334,NA
"1703",1983-09-05,12.4564475965011,NA
"1704",1983-09-06,12.3544338292085,NA
"1705",1983-09-07,12.4335152580027,NA
"1706",1983-09-08,12.1678910035764,NA
"1707",1983-09-09,12.1924307850399,NA
"1708",1983-09-10,12.47548412878,NA
"1709",1983-09-11,11.7469199571112,NA
"1710",1983-09-12,11.3408811197852,NA
"1711",1983-09-13,10.9239645494805,NA
"1712",1983-09-14,10.0808704363231,NA
"1713",1983-09-15,9.73865109899876,NA
"1714",1983-09-16,9.86877602837367,NA
"1715",1983-09-17,9.77680686180106,NA
"1716",1983-09-18,10.7868389352573,NA
"1717",1983-09-19,11.6332567862821,NA
"1718",1983-09-20,11.7061844165054,NA
"1719",1983-09-21,12.1460820812508,NA
"1720",1983-09-22,13.0105115024191,NA
"1721",1983-09-23,12.8018195281684,NA
"1722",1983-09-24,12.5509127000093,NA
"1723",1983-09-25,11.8908730836146,NA
"1724",1983-09-26,11.4264198757266,NA
"1725",1983-09-27,12.6060776217998,NA
"1726",1983-09-28,12.9536911100535,NA
"1727",1983-09-29,12.3956591445039,NA
"1728",1983-09-30,12.6946195286051,NA
"1729",1983-10-01,13.8074171803912,NA
"1730",1983-10-02,13.9396859073871,NA
"1731",1983-10-03,13.4385465627169,NA
"1732",1983-10-04,12.4578950546577,NA
"1733",1983-10-05,12.1077377220351,NA
"1734",1983-10-06,11.7846983833147,NA
"1735",1983-10-07,11.3745860004636,NA
"1736",1983-10-08,10.8396231905707,NA
"1737",1983-10-09,11.402953586386,NA
"1738",1983-10-10,12.3734635474959,NA
"1739",1983-10-11,13.2964200539587,NA
"1740",1983-10-12,14.0823008800401,NA
"1741",1983-10-13,15.0032220739977,NA
"1742",1983-10-14,15.8722279903123,NA
"1743",1983-10-15,15.7941882642811,NA
"1744",1983-10-16,15.4937324807695,NA
"1745",1983-10-17,14.9850499803699,NA
"1746",1983-10-18,14.548996758747,NA
"1747",1983-10-19,13.7120893306712,NA
"1748",1983-10-20,13.0229040919312,NA
"1749",1983-10-21,12.7182515777034,NA
"1750",1983-10-22,13.4064568671904,NA
"1751",1983-10-23,13.8755981189076,NA
"1752",1983-10-24,14.6012540235289,NA
"1753",1983-10-25,14.6567142768274,NA
"1754",1983-10-26,15.9618839759834,NA
"1755",1983-10-27,16.5785259386273,NA
"1756",1983-10-28,16.0702760959029,NA
"1757",1983-10-29,15.5548787050488,NA
"1758",1983-10-30,15.3143670916042,NA
"1759",1983-10-31,15.0080466875201,NA
"1760",1983-11-01,15.1093118024338,NA
"1761",1983-11-02,14.5484603975928,NA
"1762",1983-11-03,13.8936708026733,NA
"1763",1983-11-04,13.9512359692685,NA
"1764",1983-11-05,14.1718415389726,NA
"1765",1983-11-06,15.2540400849885,NA
"1766",1983-11-07,15.9110484126142,NA
"1767",1983-11-08,15.6455218732102,NA
"1768",1983-11-09,15.2700571064448,NA
"1769",1983-11-10,15.1620003854267,NA
"1770",1983-11-11,15.7770369274246,NA
"1771",1983-11-12,15.9745593223771,NA
"1772",1983-11-13,15.9305761110151,NA
"1773",1983-11-14,15.7650853308262,NA
"1774",1983-11-15,15.5435273611148,NA
"1775",1983-11-16,14.7617699494967,NA
"1776",1983-11-17,14.7409257070597,NA
"1777",1983-11-18,14.3070380452701,NA
"1778",1983-11-19,14.0831626261867,NA
"1779",1983-11-20,13.5797936643059,NA
"1780",1983-11-21,14.017201210279,NA
"1781",1983-11-22,14.8205723439195,NA
"1782",1983-11-23,16.5528908311737,NA
"1783",1983-11-24,17.6393041712997,NA
"1784",1983-11-25,18.4120445437993,NA
"1785",1983-11-26,18.9610123024479,NA
"1786",1983-11-27,19.3505592204477,NA
"1787",1983-11-28,19.3115133244582,NA
"1788",1983-11-29,19.9451663720932,NA
"1789",1983-11-30,19.4063855367575,NA
"1790",1983-12-01,19.0313714597786,NA
"1791",1983-12-02,18.8900335227211,NA
"1792",1983-12-03,18.5238204030362,NA
"1793",1983-12-04,18.0442771024833,NA
"1794",1983-12-05,17.8742555252935,NA
"1795",1983-12-06,16.7251055558434,NA
"1796",1983-12-07,16.6195235957712,NA
"1797",1983-12-08,16.5278273702957,NA
"1798",1983-12-09,16.5573029299975,NA
"1799",1983-12-10,17.0783453266753,NA
"1800",1983-12-11,17.9721031650641,NA
"1801",1983-12-12,18.1174101221618,NA
"1802",1983-12-13,18.7045934323463,NA
"1803",1983-12-14,19.3361715014542,NA
"1804",1983-12-15,19.6637926794588,NA
"1805",1983-12-16,19.8027126347766,NA
"1806",1983-12-17,19.8577380128155,NA
"1807",1983-12-18,20.0262685807352,NA
"1808",1983-12-19,20.8993390316055,NA
"1809",1983-12-20,21.6084974273233,NA
"1810",1983-12-21,21.6553948451738,NA
"1811",1983-12-22,21.8740093574844,NA
"1812",1983-12-23,22.2736882819666,NA
"1813",1983-12-24,22.6426061152769,NA
"1814",1983-12-25,22.4984109757779,NA
"1815",1983-12-26,21.7963208685054,NA
"1816",1983-12-27,21.1281115055499,NA
"1817",1983-12-28,21.4873729844898,NA
"1818",1983-12-29,21.8801596810277,NA
"1819",1983-12-30,21.484793929177,NA
"1820",1983-12-31,20.8256545968914,NA
"1821",1984-01-01,20.6359999083922,NA
"1822",1984-01-02,20.7208643992781,NA
"1823",1984-01-03,20.3646769953633,NA
"1824",1984-01-04,19.7425582083605,NA
"1825",1984-01-05,19.4636246044132,NA
"1826",1984-01-06,19.6009626028191,NA
"1827",1984-01-07,19.686742398884,NA
"1828",1984-01-08,19.7286602703607,NA
"1829",1984-01-09,19.7780418128294,NA
"1830",1984-01-10,20.2471042979724,NA
"1831",1984-01-11,20.5560885625594,NA
"1832",1984-01-12,20.5016296854264,NA
"1833",1984-01-13,21.0504728264055,NA
"1834",1984-01-14,21.2837926778048,NA
"1835",1984-01-15,21.2066856724673,NA
"1836",1984-01-16,20.8925549175594,NA
"1837",1984-01-17,20.44601662191,NA
"1838",1984-01-18,19.8996180230933,NA
"1839",1984-01-19,19.3651005324318,NA
"1840",1984-01-20,18.3445600104412,NA
"1841",1984-01-21,17.4822123853959,NA
"1842",1984-01-22,17.3884890597072,NA
"1843",1984-01-23,18.6073961022457,NA
"1844",1984-01-24,19.5853952687139,NA
"1845",1984-01-25,19.4869412122269,NA
"1846",1984-01-26,19.0561268405647,NA
"1847",1984-01-27,18.8104839806788,NA
"1848",1984-01-28,19.3037079697006,NA
"1849",1984-01-29,19.3957727594965,NA
"1850",1984-01-30,18.388843199365,NA
"1851",1984-01-31,17.4821914700987,NA
"1852",1984-02-01,17.9745795569711,NA
"1853",1984-02-02,18.8526035578511,NA
"1854",1984-02-03,19.8106840490001,NA
"1855",1984-02-04,20.1149469084234,NA
"1856",1984-02-05,20.7803350105102,NA
"1857",1984-02-06,21.4210367608435,NA
"1858",1984-02-07,21.6611634302286,NA
"1859",1984-02-08,21.7362373235373,NA
"1860",1984-02-09,21.4678960718499,NA
"1861",1984-02-10,21.0831984649178,NA
"1862",1984-02-11,21.152449877157,NA
"1863",1984-02-12,20.5549208503269,NA
"1864",1984-02-13,19.8416649072284,NA
"1865",1984-02-14,19.9092259207619,NA
"1866",1984-02-15,20.1861522602204,NA
"1867",1984-02-16,20.274482407141,NA
"1868",1984-02-17,20.2857718880552,NA
"1869",1984-02-18,20.2018589686066,NA
"1870",1984-02-19,20.9515803896737,NA
"1871",1984-02-20,21.5541509212057,NA
"1872",1984-02-21,21.450505707335,NA
"1873",1984-02-22,21.4212975633251,NA
"1874",1984-02-23,21.2709562844891,NA
"1875",1984-02-24,21.0079636025903,NA
"1876",1984-02-25,20.6184475824464,NA
"1877",1984-02-26,20.5036985048756,NA
"1878",1984-02-27,19.6871751153714,NA
"1879",1984-02-28,19.1115477767989,NA
"1880",1984-02-29,18.2863829516458,NA
"1881",1984-03-01,18.0440778382607,NA
"1882",1984-03-02,17.9713674794877,NA
"1883",1984-03-03,17.6822750013735,NA
"1884",1984-03-04,16.8523149127865,NA
"1885",1984-03-05,17.7989621333354,NA
"1886",1984-03-06,19.1984840858133,NA
"1887",1984-03-07,19.3669801411471,NA
"1888",1984-03-08,19.3050946489359,NA
"1889",1984-03-09,19.5623997745207,NA
"1890",1984-03-10,19.6909399799608,NA
"1891",1984-03-11,19.3710784980545,NA
"1892",1984-03-12,19.2246562762185,NA
"1893",1984-03-13,17.8375397266817,NA
"1894",1984-03-14,17.6682483655409,NA
"1895",1984-03-15,17.7642532367912,NA
"1896",1984-03-16,17.6139947655461,NA
"1897",1984-03-17,17.9281571426958,NA
"1898",1984-03-18,17.962686412313,NA
"1899",1984-03-19,17.0896978012356,NA
"1900",1984-03-20,17.5392470459752,NA
"1901",1984-03-21,17.8467138409752,NA
"1902",1984-03-22,18.5520219280444,NA
"1903",1984-03-23,18.9416549229363,NA
"1904",1984-03-24,18.8796481811272,NA
"1905",1984-03-25,18.3745880532017,NA
"1906",1984-03-26,17.9836306117825,NA
"1907",1984-03-27,17.0903503426811,NA
"1908",1984-03-28,16.382330704212,NA
"1909",1984-03-29,15.6358330537058,NA
"1910",1984-03-30,15.1700559251614,NA
"1911",1984-03-31,14.3137587142531,NA
"1912",1984-04-01,14.4817553624041,NA
"1913",1984-04-02,15.0300733233529,NA
"1914",1984-04-03,15.3268751750402,NA
"1915",1984-04-04,15.2239619607801,NA
"1916",1984-04-05,15.0184463380824,NA
"1917",1984-04-06,14.8785765928885,NA
"1918",1984-04-07,14.9552391554149,NA
"1919",1984-04-08,15.1813878793132,NA
"1920",1984-04-09,15.0354637798213,NA
"1921",1984-04-10,15.5894093976817,NA
"1922",1984-04-11,16.250287640889,NA
"1923",1984-04-12,16.5369519812754,NA
"1924",1984-04-13,16.5774724877213,NA
"1925",1984-04-14,17.0540124671054,NA
"1926",1984-04-15,17.4472120869621,NA
"1927",1984-04-16,17.3968141374701,NA
"1928",1984-04-17,17.3715772227566,NA
"1929",1984-04-18,16.8875408946332,NA
"1930",1984-04-19,16.4890076785804,NA
"1931",1984-04-20,15.9991585772596,NA
"1932",1984-04-21,15.2286878285478,NA
"1933",1984-04-22,14.6478216837488,NA
"1934",1984-04-23,14.3010815724513,NA
"1935",1984-04-24,13.8381747888801,NA
"1936",1984-04-25,13.6575429406637,NA
"1937",1984-04-26,13.4053548905335,NA
"1938",1984-04-27,13.3526567977257,NA
"1939",1984-04-28,13.2788314464149,NA
"1940",1984-04-29,12.9285587136327,NA
"1941",1984-04-30,13.1283528649901,NA
"1942",1984-05-01,13.44882483496,NA
"1943",1984-05-02,14.1456019889818,NA
"1944",1984-05-03,14.0335380254699,NA
"1945",1984-05-04,13.275433466778,NA
"1946",1984-05-05,12.6958205962271,NA
"1947",1984-05-06,12.2512234499446,NA
"1948",1984-05-07,11.6412861371657,NA
"1949",1984-05-08,10.7518053159518,NA
"1950",1984-05-09,9.9019274773985,NA
"1951",1984-05-10,10.0155603891732,NA
"1952",1984-05-11,10.6558705665914,NA
"1953",1984-05-12,10.818643184009,NA
"1954",1984-05-13,11.0370014354796,NA
"1955",1984-05-14,11.2748410403443,NA
"1956",1984-05-15,11.7428740567399,NA
"1957",1984-05-16,11.9038015915241,NA
"1958",1984-05-17,12.0158478835341,NA
"1959",1984-05-18,12.2954517712245,NA
"1960",1984-05-19,12.8342526124988,NA
"1961",1984-05-20,13.6238082540298,NA
"1962",1984-05-21,14.4267162272462,NA
"1963",1984-05-22,14.4891079801741,NA
"1964",1984-05-23,14.4433385537549,NA
"1965",1984-05-24,14.2169868907475,NA
"1966",1984-05-25,13.7787975737721,NA
"1967",1984-05-26,13.6172471729617,NA
"1968",1984-05-27,13.0441303811558,NA
"1969",1984-05-28,12.4616826472277,NA
"1970",1984-05-29,12.1273920242292,NA
"1971",1984-05-30,11.9343540843771,NA
"1972",1984-05-31,11.9806239123052,NA
"1973",1984-06-01,11.7713123852937,NA
"1974",1984-06-02,11.7627362516923,NA
"1975",1984-06-03,11.8719697005897,NA
"1976",1984-06-04,11.815649645447,NA
"1977",1984-06-05,12.0102562352458,NA
"1978",1984-06-06,12.3702868252564,NA
"1979",1984-06-07,12.5917777491182,NA
"1980",1984-06-08,12.7484786307605,NA
"1981",1984-06-09,12.0395390491149,NA
"1982",1984-06-10,11.4531319823734,NA
"1983",1984-06-11,10.9974957290409,NA
"1984",1984-06-12,10.2943375755691,NA
"1985",1984-06-13,9.50852953995789,NA
"1986",1984-06-14,9.07306875243829,NA
"1987",1984-06-15,9.50041173176991,NA
"1988",1984-06-16,9.60312412674974,NA
"1989",1984-06-17,9.90662569569298,NA
"1990",1984-06-18,9.74927049398849,NA
"1991",1984-06-19,9.68278384201819,NA
"1992",1984-06-20,9.36720653862444,NA
"1993",1984-06-21,8.89756822785579,NA
"1994",1984-06-22,8.39505224978504,NA
"1995",1984-06-23,9.00575011888112,NA
"1996",1984-06-24,8.8826143906852,NA
"1997",1984-06-25,8.86435382216438,NA
"1998",1984-06-26,8.9365703356075,NA
"1999",1984-06-27,9.15525816077495,NA
"2000",1984-06-28,9.45181449576877,NA
"2001",1984-06-29,9.19707085408107,NA
"2002",1984-06-30,8.79499827811724,NA
"2003",1984-07-01,8.68934366090861,NA
"2004",1984-07-02,8.29184936589172,NA
"2005",1984-07-03,8.28488287695689,NA
"2006",1984-07-04,8.41153786661928,NA
"2007",1984-07-05,8.15610984984123,NA
"2008",1984-07-06,8.16619500126422,NA
"2009",1984-07-07,8.25462331642765,NA
"2010",1984-07-08,8.4672891526386,NA
"2011",1984-07-09,9.05288431132229,NA
"2012",1984-07-10,9.27599522332963,NA
"2013",1984-07-11,9.46340576924341,NA
"2014",1984-07-12,9.6690540066882,NA
"2015",1984-07-13,9.28195154550946,NA
"2016",1984-07-14,8.64880887483613,NA
"2017",1984-07-15,8.2148725537858,NA
"2018",1984-07-16,7.86895050878454,NA
"2019",1984-07-17,7.9377129626905,NA
"2020",1984-07-18,7.97521818312723,NA
"2021",1984-07-19,7.54900039005216,NA
"2022",1984-07-20,7.91139619702709,NA
"2023",1984-07-21,8.26034086197929,NA
"2024",1984-07-22,8.28417836116224,NA
"2025",1984-07-23,8.75452799983509,NA
"2026",1984-07-24,8.86762334014322,NA
"2027",1984-07-25,8.48462023389566,NA
"2028",1984-07-26,8.60706239240618,NA
"2029",1984-07-27,8.56657030195666,NA
"2030",1984-07-28,8.88981207131693,NA
"2031",1984-07-29,9.14083381241549,NA
"2032",1984-07-30,9.30860195910415,NA
"2033",1984-07-31,9.61911771508015,NA
"2034",1984-08-01,10.1473371920213,NA
"2035",1984-08-02,10.8846811665512,NA
"2036",1984-08-03,11.4357334354698,NA
"2037",1984-08-04,11.8885519196533,NA
"2038",1984-08-05,12.2269049288333,NA
"2039",1984-08-06,12.2686436153789,NA
"2040",1984-08-07,12.3950552910553,NA
"2041",1984-08-08,12.5710201258985,NA
"2042",1984-08-09,12.1732985841518,NA
"2043",1984-08-10,11.4826837406371,NA
"2044",1984-08-11,10.9590767735165,NA
"2045",1984-08-12,10.5214027248258,NA
"2046",1984-08-13,10.1434672086818,NA
"2047",1984-08-14,9.61515566745489,NA
"2048",1984-08-15,9.08588649341459,NA
"2049",1984-08-16,8.92381474098014,NA
"2050",1984-08-17,9.15235027514926,NA
"2051",1984-08-18,9.0144029219549,NA
"2052",1984-08-19,9.24977766230417,NA
"2053",1984-08-20,9.35196671964107,NA
"2054",1984-08-21,9.53275378623561,NA
"2055",1984-08-22,9.66465391574748,NA
"2056",1984-08-23,10.2384451449766,NA
"2057",1984-08-24,10.1846753606945,NA
"2058",1984-08-25,10.5845287032042,NA
"2059",1984-08-26,10.4739157222631,NA
"2060",1984-08-27,10.2524673822529,NA
"2061",1984-08-28,9.89452454049188,NA
"2062",1984-08-29,9.97130778391754,NA
"2063",1984-08-30,10.1138323267761,NA
"2064",1984-08-31,10.6543988938923,NA
"2065",1984-09-01,10.7384196524784,NA
"2066",1984-09-02,11.1464358094561,NA
"2067",1984-09-03,11.3301367984102,NA
"2068",1984-09-04,11.3586900621683,NA
"2069",1984-09-05,11.4444590705835,NA
"2070",1984-09-06,11.4639724062457,NA
"2071",1984-09-07,11.451674246221,NA
"2072",1984-09-08,11.3971690926814,NA
"2073",1984-09-09,11.505753172476,NA
"2074",1984-09-10,11.8917183943658,NA
"2075",1984-09-11,11.6006441337676,NA
"2076",1984-09-12,11.517718937361,NA
"2077",1984-09-13,11.0079786750624,NA
"2078",1984-09-14,10.8797729481086,NA
"2079",1984-09-15,11.2719178152345,NA
"2080",1984-09-16,10.9341061432328,NA
"2081",1984-09-17,10.4493749821122,NA
"2082",1984-09-18,10.9142532771345,NA
"2083",1984-09-19,11.000012900588,NA
"2084",1984-09-20,11.0422827388808,NA
"2085",1984-09-21,10.5909924669178,NA
"2086",1984-09-22,9.70596447699121,NA
"2087",1984-09-23,9.50649126558378,NA
"2088",1984-09-24,9.61808087969817,NA
"2089",1984-09-25,9.4591561560813,NA
"2090",1984-09-26,9.44330963930749,NA
"2091",1984-09-27,9.43280873700138,NA
"2092",1984-09-28,9.3744039564922,NA
"2093",1984-09-29,9.2889730030498,NA
"2094",1984-09-30,9.35097294409601,NA
"2095",1984-10-01,9.99508687058696,NA
"2096",1984-10-02,11.2339273034888,NA
"2097",1984-10-03,11.5366381123587,NA
"2098",1984-10-04,11.8632128746221,NA
"2099",1984-10-05,12.5358473186541,NA
"2100",1984-10-06,13.4274406390173,NA
"2101",1984-10-07,14.6668396913699,NA
"2102",1984-10-08,15.6311434042345,NA
"2103",1984-10-09,15.3938108864414,NA
"2104",1984-10-10,15.2452626970923,NA
"2105",1984-10-11,15.3869473922206,NA
"2106",1984-10-12,16.257820299098,NA
"2107",1984-10-13,16.0185419638077,NA
"2108",1984-10-14,15.2715551164684,NA
"2109",1984-10-15,14.0079231591874,NA
"2110",1984-10-16,12.885229882268,NA
"2111",1984-10-17,12.4965355402793,NA
"2112",1984-10-18,12.199820035918,NA
"2113",1984-10-19,11.088993968909,NA
"2114",1984-10-20,10.9235424375954,NA
"2115",1984-10-21,10.6378128049777,NA
"2116",1984-10-22,11.0907971995144,NA
"2117",1984-10-23,13.143356108113,NA
"2118",1984-10-24,14.1082219008808,NA
"2119",1984-10-25,14.4010453036325,NA
"2120",1984-10-26,14.9500573900755,NA
"2121",1984-10-27,15.8845043816999,NA
"2122",1984-10-28,16.1517153665113,NA
"2123",1984-10-29,15.9292585958265,NA
"2124",1984-10-30,15.3386176184573,NA
"2125",1984-10-31,16.056433419881,NA
"2126",1984-11-01,16.5627231646375,NA
"2127",1984-11-02,16.5127938278992,NA
"2128",1984-11-03,16.0914836279206,NA
"2129",1984-11-04,15.9246931858477,NA
"2130",1984-11-05,15.818892206827,NA
"2131",1984-11-06,15.7026574657076,NA
"2132",1984-11-07,15.6062383615794,NA
"2133",1984-11-08,16.3666475935533,NA
"2134",1984-11-09,17.6363058695744,NA
"2135",1984-11-10,17.8160980767752,NA
"2136",1984-11-11,18.0544941020971,NA
"2137",1984-11-12,18.33445922491,NA
"2138",1984-11-13,18.1731576549478,NA
"2139",1984-11-14,17.4640126723388,NA
"2140",1984-11-15,16.3754567288935,NA
"2141",1984-11-16,15.5850828613175,NA
"2142",1984-11-17,16.5212654270302,NA
"2143",1984-11-18,17.9380228716281,NA
"2144",1984-11-19,18.315058703159,NA
"2145",1984-11-20,18.5765488596632,NA
"2146",1984-11-21,18.522848678657,NA
"2147",1984-11-22,18.2449500609615,NA
"2148",1984-11-23,17.5330946930883,NA
"2149",1984-11-24,16.5454463040463,NA
"2150",1984-11-25,16.1296694617265,NA
"2151",1984-11-26,17.4458957311903,NA
"2152",1984-11-27,17.4208920877156,NA
"2153",1984-11-28,17.7069368498555,NA
"2154",1984-11-29,18.1373474796917,NA
"2155",1984-11-30,18.354935527574,NA
"2156",1984-12-01,18.6359075429734,NA
"2157",1984-12-02,17.7503833887685,NA
"2158",1984-12-03,15.7072951203509,NA
"2159",1984-12-04,15.4076863858213,NA
"2160",1984-12-05,15.4860920001432,NA
"2161",1984-12-06,15.9656964088524,NA
"2162",1984-12-07,16.7354413935737,NA
"2163",1984-12-08,17.094189147579,NA
"2164",1984-12-09,17.8722314801706,NA
"2165",1984-12-10,18.8924784332644,NA
"2166",1984-12-11,19.1429445940026,NA
"2167",1984-12-12,19.12137274027,NA
"2168",1984-12-13,18.9270772117673,NA
"2169",1984-12-14,18.5098752954889,NA
"2170",1984-12-15,17.8975813611518,NA
"2171",1984-12-16,17.476646792546,NA
"2172",1984-12-17,17.4856009092162,NA
"2173",1984-12-18,17.4842047095778,NA
"2174",1984-12-19,17.4037455014669,NA
"2175",1984-12-20,16.9344936909017,NA
"2176",1984-12-21,16.8456134374943,NA
"2177",1984-12-22,17.2685667184291,NA
"2178",1984-12-23,17.8427190938697,NA
"2179",1984-12-24,18.1653272504191,NA
"2180",1984-12-25,18.0520677689579,NA
"2181",1984-12-26,18.0523430036259,NA
"2182",1984-12-27,18.7660433433777,NA
"2183",1984-12-28,19.4206830394189,NA
"2184",1984-12-29,20.0172845192885,NA
"2185",1984-12-30,20.1913144828979,NA
"2186",1984-12-31,19.9398521513122,NA
"2187",1985-01-01,20.4280570789008,NA
"2188",1985-01-02,20.4150987994174,NA
"2189",1985-01-03,20.1376291957694,NA
"2190",1985-01-04,19.6993011659348,NA
"2191",1985-01-05,18.6737404848713,NA
"2192",1985-01-06,17.8528975692344,NA
"2193",1985-01-07,17.5570175665252,NA
"2194",1985-01-08,17.3994382725214,NA
"2195",1985-01-09,17.6943644953361,NA
"2196",1985-01-10,17.9112017593253,NA
"2197",1985-01-11,18.2055375552673,NA
"2198",1985-01-12,19.2872900681093,NA
"2199",1985-01-13,20.5499797325117,NA
"2200",1985-01-14,21.2926256385902,NA
"2201",1985-01-15,21.3504039840063,NA
"2202",1985-01-16,21.3558199398305,NA
"2203",1985-01-17,21.1146582441039,NA
"2204",1985-01-18,20.8014210717167,NA
"2205",1985-01-19,20.1847669114668,NA
"2206",1985-01-20,19.2154411589157,NA
"2207",1985-01-21,18.9117512329784,NA
"2208",1985-01-22,18.8009471894315,NA
"2209",1985-01-23,18.9332029059265,NA
"2210",1985-01-24,19.3375389860194,NA
"2211",1985-01-25,19.9639586432946,NA
"2212",1985-01-26,20.7792680414675,NA
"2213",1985-01-27,20.9175032667429,NA
"2214",1985-01-28,20.7566217483649,NA
"2215",1985-01-29,21.5493177988955,NA
"2216",1985-01-30,21.8628220228545,NA
"2217",1985-01-31,21.7636203362049,NA
"2218",1985-02-01,21.5333887070017,NA
"2219",1985-02-02,21.2792227217599,NA
"2220",1985-02-03,21.6921733094663,NA
"2221",1985-02-04,21.9179194260271,NA
"2222",1985-02-05,21.7761758114005,NA
"2223",1985-02-06,21.3368009984245,NA
"2224",1985-02-07,21.2689782054553,NA
"2225",1985-02-08,21.2047194705847,NA
"2226",1985-02-09,21.0712490375613,NA
"2227",1985-02-10,20.7068194372913,NA
"2228",1985-02-11,20.5841476188811,NA
"2229",1985-02-12,20.239348022563,NA
"2230",1985-02-13,20.345970974591,NA
"2231",1985-02-14,20.5821767575275,NA
"2232",1985-02-15,20.9967479181949,NA
"2233",1985-02-16,20.4911008909178,NA
"2234",1985-02-17,19.8990175842636,NA
"2235",1985-02-18,19.2418902268872,NA
"2236",1985-02-19,19.2020953200289,NA
"2237",1985-02-20,19.7424192780168,NA
"2238",1985-02-21,20.412940159047,NA
"2239",1985-02-22,19.9516856805748,NA
"2240",1985-02-23,20.0762993679856,NA
"2241",1985-02-24,20.3156591685362,NA
"2242",1985-02-25,20.1856224148649,NA
"2243",1985-02-26,19.452510208349,NA
"2244",1985-02-27,18.8358639468587,NA
"2245",1985-02-28,17.7831377318111,NA
"2246",1985-03-01,17.9501011462686,NA
"2247",1985-03-02,17.8610835205987,NA
"2248",1985-03-03,17.6994255711422,NA
"2249",1985-03-04,17.2692020827538,NA
"2250",1985-03-05,17.1112455187236,NA
"2251",1985-03-06,16.7779194103589,NA
"2252",1985-03-07,16.9786016554894,NA
"2253",1985-03-08,17.3197832567375,NA
"2254",1985-03-09,18.2965642121597,NA
"2255",1985-03-10,19.2274959001992,NA
"2256",1985-03-11,20.5759803106751,NA
"2257",1985-03-12,21.6673133520943,NA
"2258",1985-03-13,22.4637886362119,NA
"2259",1985-03-14,22.8494844451898,NA
"2260",1985-03-15,22.906637748913,NA
"2261",1985-03-16,22.6731312053074,NA
"2262",1985-03-17,22.2422577373701,NA
"2263",1985-03-18,21.6800237218632,NA
"2264",1985-03-19,21.1573488406038,NA
"2265",1985-03-20,20.575454034154,NA
"2266",1985-03-21,20.1175471707912,NA
"2267",1985-03-22,20.1572599900016,NA
"2268",1985-03-23,20.5312234473309,NA
"2269",1985-03-24,20.4300385113478,NA
"2270",1985-03-25,20.3240852374849,NA
"2271",1985-03-26,20.0562821827728,NA
"2272",1985-03-27,19.8540429017437,NA
"2273",1985-03-28,19.6263960167671,NA
"2274",1985-03-29,18.8316800669473,NA
"2275",1985-03-30,18.5785410024112,NA
"2276",1985-03-31,19.3405538714708,NA
"2277",1985-04-01,19.1073315081732,NA
"2278",1985-04-02,18.6697428608418,NA
"2279",1985-04-03,18.3770775695483,NA
"2280",1985-04-04,18.0679374410514,NA
"2281",1985-04-05,18.2059807340931,NA
"2282",1985-04-06,18.0772556798815,NA
"2283",1985-04-07,17.6414468576848,NA
"2284",1985-04-08,17.9254495708211,NA
"2285",1985-04-09,18.5071992325557,NA
"2286",1985-04-10,18.8874610634261,NA
"2287",1985-04-11,19.490617089844,NA
"2288",1985-04-12,20.1426680933516,NA
"2289",1985-04-13,20.8387840613725,NA
"2290",1985-04-14,20.5786398020822,NA
"2291",1985-04-15,20.1659038407937,NA
"2292",1985-04-16,19.2451438701659,NA
"2293",1985-04-17,18.0441866106177,NA
"2294",1985-04-18,16.4619643854773,NA
"2295",1985-04-19,14.6262479458478,NA
"2296",1985-04-20,12.6899978233565,NA
"2297",1985-04-21,11.8746177633696,NA
"2298",1985-04-22,11.778831899845,NA
"2299",1985-04-23,12.3423830376328,NA
"2300",1985-04-24,12.6823178947875,NA
"2301",1985-04-25,13.0554607589131,NA
"2302",1985-04-26,13.328271864232,NA
"2303",1985-04-27,13.9539099640961,NA
"2304",1985-04-28,14.8154157034327,NA
"2305",1985-04-29,15.4836201719907,NA
"2306",1985-04-30,15.8618972983477,NA
"2307",1985-05-01,16.2697196109876,NA
"2308",1985-05-02,16.3855042846048,NA
"2309",1985-05-03,16.6263597281049,NA
"2310",1985-05-04,16.7139060372681,NA
"2311",1985-05-05,17.0108807464792,NA
"2312",1985-05-06,16.4073149181191,NA
"2313",1985-05-07,15.5897858386014,NA
"2314",1985-05-08,15.0313994600188,NA
"2315",1985-05-09,14.9421169594436,NA
"2316",1985-05-10,14.8581557349908,NA
"2317",1985-05-11,14.2994725047822,NA
"2318",1985-05-12,13.446510473567,NA
"2319",1985-05-13,13.9672457207267,NA
"2320",1985-05-14,14.1893245980682,NA
"2321",1985-05-15,13.8434127250882,NA
"2322",1985-05-16,13.0330785645708,NA
"2323",1985-05-17,12.6281668007207,NA
"2324",1985-05-18,11.8229306432228,NA
"2325",1985-05-19,10.9994739210916,NA
"2326",1985-05-20,9.69069835480012,NA
"2327",1985-05-21,9.14701655706079,NA
"2328",1985-05-22,9.50672348016408,NA
"2329",1985-05-23,9.85580055620494,NA
"2330",1985-05-24,9.32579080680285,NA
"2331",1985-05-25,9.7794086862745,NA
"2332",1985-05-26,10.4900109490055,NA
"2333",1985-05-27,11.7401542777779,NA
"2334",1985-05-28,12.4894333585664,NA
"2335",1985-05-29,12.5280925500228,NA
"2336",1985-05-30,12.4585293964176,NA
"2337",1985-05-31,12.6555696929543,NA
"2338",1985-06-01,12.2974953746201,NA
"2339",1985-06-02,11.5509553801003,NA
"2340",1985-06-03,10.5424030701966,NA
"2341",1985-06-04,9.58024491140879,NA
"2342",1985-06-05,9.36365766235257,NA
"2343",1985-06-06,9.03933099406894,NA
"2344",1985-06-07,8.67214450791712,NA
"2345",1985-06-08,8.85854937465248,NA
"2346",1985-06-09,9.17751882447176,NA
"2347",1985-06-10,9.21276007722052,NA
"2348",1985-06-11,9.5084490610953,NA
"2349",1985-06-12,9.44874716681027,NA
"2350",1985-06-13,9.84843248233141,NA
"2351",1985-06-14,10.2325778298418,NA
"2352",1985-06-15,10.1275508979429,NA
"2353",1985-06-16,10.0153171421825,NA
"2354",1985-06-17,10.1668003107119,NA
"2355",1985-06-18,10.2408079741953,NA
"2356",1985-06-19,10.2151717311528,NA
"2357",1985-06-20,9.88360462962048,NA
"2358",1985-06-21,9.55881680917387,NA
"2359",1985-06-22,9.18922927966569,NA
"2360",1985-06-23,9.34018403629009,NA
"2361",1985-06-24,9.19866073336962,NA
"2362",1985-06-25,9.31516359269406,NA
"2363",1985-06-26,9.42133732244101,NA
"2364",1985-06-27,9.87995037113277,NA
"2365",1985-06-28,10.3557662283605,NA
"2366",1985-06-29,10.9677700006995,NA
"2367",1985-06-30,11.0835937711429,NA
"2368",1985-07-01,11.5578566594826,NA
"2369",1985-07-02,11.7613525760854,NA
"2370",1985-07-03,11.5735524637437,NA
"2371",1985-07-04,10.9484621909219,NA
"2372",1985-07-05,10.226246626537,NA
"2373",1985-07-06,9.82590805729822,NA
"2374",1985-07-07,9.44293466394786,NA
"2375",1985-07-08,8.9541727597521,NA
"2376",1985-07-09,8.28409700572604,NA
"2377",1985-07-10,8.07375264334027,NA
"2378",1985-07-11,8.1677776239727,NA
"2379",1985-07-12,8.2240696535578,NA
"2380",1985-07-13,8.49116948069048,NA
"2381",1985-07-14,8.74574742800455,NA
"2382",1985-07-15,8.66530462790057,NA
"2383",1985-07-16,8.83553900303209,NA
"2384",1985-07-17,8.82254004140306,NA
"2385",1985-07-18,8.76600999281159,NA
"2386",1985-07-19,8.82479563221015,NA
"2387",1985-07-20,8.88352064065371,NA
"2388",1985-07-21,8.85959754586543,NA
"2389",1985-07-22,8.39582954682289,NA
"2390",1985-07-23,7.77869336392784,NA
"2391",1985-07-24,7.62240974403786,NA
"2392",1985-07-25,7.91786849996196,NA
"2393",1985-07-26,8.1003147187901,NA
"2394",1985-07-27,8.41069902469781,NA
"2395",1985-07-28,8.775923799434,NA
"2396",1985-07-29,9.12441026589365,NA
"2397",1985-07-30,9.49526715852791,NA
"2398",1985-07-31,9.52109986303067,NA
"2399",1985-08-01,9.14701100102918,NA
"2400",1985-08-02,9.08175678527691,NA
"2401",1985-08-03,8.43228221154194,NA
"2402",1985-08-04,8.20138805977123,NA
"2403",1985-08-05,8.60182586209719,NA
"2404",1985-08-06,9.13701573782952,NA
"2405",1985-08-07,9.63096567940403,NA
"2406",1985-08-08,9.61358286174509,NA
"2407",1985-08-09,9.52031576467479,NA
"2408",1985-08-10,9.33318341919004,NA
"2409",1985-08-11,9.05911915248966,NA
"2410",1985-08-12,8.85639173790122,NA
"2411",1985-08-13,8.99238817089281,NA
"2412",1985-08-14,9.23704987504208,NA
"2413",1985-08-15,9.48336181909057,NA
"2414",1985-08-16,10.0004450428003,NA
"2415",1985-08-17,10.4920674303779,NA
"2416",1985-08-18,10.6342439853598,NA
"2417",1985-08-19,10.4271806456338,NA
"2418",1985-08-20,9.9540603532681,NA
"2419",1985-08-21,9.76887076833513,NA
"2420",1985-08-22,10.1144892347713,NA
"2421",1985-08-23,9.99776344762465,NA
"2422",1985-08-24,10.2761581821517,NA
"2423",1985-08-25,10.4779385035939,NA
"2424",1985-08-26,10.870639320278,NA
"2425",1985-08-27,11.7806634118014,NA
"2426",1985-08-28,11.3367993665293,NA
"2427",1985-08-29,11.2494503141503,NA
"2428",1985-08-30,11.4245944858444,NA
"2429",1985-08-31,11.3920898863943,NA
"2430",1985-09-01,10.8353786360723,NA
"2431",1985-09-02,10.6594847892149,NA
"2432",1985-09-03,9.93669510673202,NA
"2433",1985-09-04,10.0369005509264,NA
"2434",1985-09-05,9.77870615853383,NA
"2435",1985-09-06,9.48952103488825,NA
"2436",1985-09-07,9.40217798162396,NA
"2437",1985-09-08,10.3095679693385,NA
"2438",1985-09-09,11.1138759257146,NA
"2439",1985-09-10,11.7170843721176,NA
"2440",1985-09-11,12.4258752642622,NA
"2441",1985-09-12,13.0500557539236,NA
"2442",1985-09-13,13.4222787932481,NA
"2443",1985-09-14,13.3121834950698,NA
"2444",1985-09-15,13.2567660791312,NA
"2445",1985-09-16,12.3915414248831,NA
"2446",1985-09-17,12.0874786085979,NA
"2447",1985-09-18,11.3898267963853,NA
"2448",1985-09-19,10.7270916936019,NA
"2449",1985-09-20,10.3109132981803,NA
"2450",1985-09-21,10.1728945260108,NA
"2451",1985-09-22,10.0109306335545,NA
"2452",1985-09-23,11.0998626259159,NA
"2453",1985-09-24,11.7154590484397,NA
"2454",1985-09-25,12.1378592765813,NA
"2455",1985-09-26,11.9469034895938,NA
"2456",1985-09-27,11.928357591918,NA
"2457",1985-09-28,11.7980181597313,NA
"2458",1985-09-29,11.4098133393216,NA
"2459",1985-09-30,10.8156592285856,NA
"2460",1985-10-01,10.4867648332904,NA
"2461",1985-10-02,10.7553246545675,NA
"2462",1985-10-03,12.1437461654438,NA
"2463",1985-10-04,13.9032669896503,NA
"2464",1985-10-05,14.288635466201,NA
"2465",1985-10-06,14.7797372786377,NA
"2466",1985-10-07,15.0404781112837,NA
"2467",1985-10-08,15.4899177696252,NA
"2468",1985-10-09,16.0228965700843,NA
"2469",1985-10-10,16.4407574983717,NA
"2470",1985-10-11,15.4727095669849,NA
"2471",1985-10-12,15.5189803831144,NA
"2472",1985-10-13,15.6475622551727,NA
"2473",1985-10-14,16.2772139424914,NA
"2474",1985-10-15,16.4592712733559,NA
"2475",1985-10-16,16.3245402883434,NA
"2476",1985-10-17,15.7284148210741,NA
"2477",1985-10-18,15.2125097298443,NA
"2478",1985-10-19,14.9028011845835,NA
"2479",1985-10-20,14.4522466214133,NA
"2480",1985-10-21,14.0749336743857,NA
"2481",1985-10-22,13.337033018224,NA
"2482",1985-10-23,12.5816886750321,NA
"2483",1985-10-24,12.0921263143038,NA
"2484",1985-10-25,12.7109059089385,NA
"2485",1985-10-26,13.4199513427546,NA
"2486",1985-10-27,14.2117098303302,NA
"2487",1985-10-28,14.7047370528189,NA
"2488",1985-10-29,15.0442970617052,NA
"2489",1985-10-30,14.9640691350378,NA
"2490",1985-10-31,15.0023157115381,NA
"2491",1985-11-01,15.1323602468313,NA
"2492",1985-11-02,15.1578987137301,NA
"2493",1985-11-03,15.3880994377715,NA
"2494",1985-11-04,15.4344869807446,NA
"2495",1985-11-05,15.9049971046677,NA
"2496",1985-11-06,16.7949280592716,NA
"2497",1985-11-07,17.2185477317898,NA
"2498",1985-11-08,17.410539600952,NA
"2499",1985-11-09,18.0386305052321,NA
"2500",1985-11-10,18.2316158481088,NA
"2501",1985-11-11,17.8543855639272,NA
"2502",1985-11-12,18.1611999717094,NA
"2503",1985-11-13,19.0924496052703,NA
"2504",1985-11-14,18.8141563907886,NA
"2505",1985-11-15,18.4664668909958,NA
"2506",1985-11-16,17.9554872265586,NA
"2507",1985-11-17,17.0602861618009,NA
"2508",1985-11-18,16.5086457197969,NA
"2509",1985-11-19,15.6146377632299,NA
"2510",1985-11-20,14.0136428872306,NA
"2511",1985-11-21,13.9264016467137,NA
"2512",1985-11-22,14.3252050273089,NA
"2513",1985-11-23,15.0999299727456,NA
"2514",1985-11-24,15.7894784780125,NA
"2515",1985-11-25,16.337894598842,NA
"2516",1985-11-26,16.7112129069404,NA
"2517",1985-11-27,17.2452363452655,NA
"2518",1985-11-28,17.5771687984229,NA
"2519",1985-11-29,17.4985955441775,NA
"2520",1985-11-30,17.0155366672366,NA
"2521",1985-12-01,17.2003520370313,NA
"2522",1985-12-02,17.7349871323927,NA
"2523",1985-12-03,17.8418352192162,NA
"2524",1985-12-04,17.740046719826,NA
"2525",1985-12-05,18.3681713691304,NA
"2526",1985-12-06,18.8967112136002,NA
"2527",1985-12-07,18.9805755006363,NA
"2528",1985-12-08,18.8406772521067,NA
"2529",1985-12-09,18.3830031516215,NA
"2530",1985-12-10,18.0564469769741,NA
"2531",1985-12-11,17.9426732013557,NA
"2532",1985-12-12,17.3395955504731,NA
"2533",1985-12-13,16.889312988929,NA
"2534",1985-12-14,17.0001956930951,NA
"2535",1985-12-15,17.257165075625,NA
"2536",1985-12-16,17.0726633677584,NA
"2537",1985-12-17,17.1722467814902,NA
"2538",1985-12-18,17.3757150280307,NA
"2539",1985-12-19,17.8647006853157,NA
"2540",1985-12-20,17.9818204705796,NA
"2541",1985-12-21,17.665641869339,NA
"2542",1985-12-22,17.0725578322297,NA
"2543",1985-12-23,16.9932281318388,NA
"2544",1985-12-24,17.2140161286508,NA
"2545",1985-12-25,17.3385637992421,NA
"2546",1985-12-26,16.737378031152,NA
"2547",1985-12-27,16.3775398758883,NA
"2548",1985-12-28,16.4852335990478,NA
"2549",1985-12-29,17.8111632567714,NA
"2550",1985-12-30,18.4085610780038,NA
"2551",1985-12-31,18.1843136997648,NA
"2552",1986-01-01,17.9550951259059,NA
"2553",1986-01-02,18.1512702668825,NA
"2554",1986-01-03,18.5859951411169,NA
"2555",1986-01-04,18.4752502013226,NA
"2556",1986-01-05,17.5286806803595,NA
"2557",1986-01-06,17.6429671760019,NA
"2558",1986-01-07,18.4109447598556,NA
"2559",1986-01-08,18.264742291821,NA
"2560",1986-01-09,18.2149228343679,NA
"2561",1986-01-10,17.8857879226717,NA
"2562",1986-01-11,18.525701885336,NA
"2563",1986-01-12,18.57526934242,NA
"2564",1986-01-13,18.4625958626134,NA
"2565",1986-01-14,18.9348819064058,NA
"2566",1986-01-15,19.2422871764643,NA
"2567",1986-01-16,19.1211216965229,NA
"2568",1986-01-17,19.1362365046756,NA
"2569",1986-01-18,18.8649114462427,NA
"2570",1986-01-19,18.9504057240697,NA
"2571",1986-01-20,18.8151234052018,NA
"2572",1986-01-21,17.775530867518,NA
"2573",1986-01-22,17.6622654873784,NA
"2574",1986-01-23,18.1687358200438,NA
"2575",1986-01-24,18.7478850666907,NA
"2576",1986-01-25,18.8056798590791,NA
"2577",1986-01-26,18.7667558984537,NA
"2578",1986-01-27,18.8604215511619,NA
"2579",1986-01-28,19.6026324945421,NA
"2580",1986-01-29,20.5056164440675,NA
"2581",1986-01-30,20.5093495261714,NA
"2582",1986-01-31,20.5709090524653,NA
"2583",1986-02-01,20.8328737093558,NA
"2584",1986-02-02,20.499077215114,NA
"2585",1986-02-03,20.3436671673041,NA
"2586",1986-02-04,19.7745892066669,NA
"2587",1986-02-05,18.8079190832354,NA
"2588",1986-02-06,18.807057703547,NA
"2589",1986-02-07,19.4247130520703,NA
"2590",1986-02-08,19.5228362756074,NA
"2591",1986-02-09,19.7985618020309,NA
"2592",1986-02-10,19.8119029765092,NA
"2593",1986-02-11,19.7718065238462,NA
"2594",1986-02-12,20.2948262994262,NA
"2595",1986-02-13,20.9863275805042,NA
"2596",1986-02-14,21.186152340384,NA
"2597",1986-02-15,21.0530407336184,NA
"2598",1986-02-16,21.6796941533282,NA
"2599",1986-02-17,21.7909228446828,NA
"2600",1986-02-18,21.7006354893595,NA
"2601",1986-02-19,21.3193766969947,NA
"2602",1986-02-20,20.5327720040225,NA
"2603",1986-02-21,19.2532503684561,NA
"2604",1986-02-22,18.6283417921152,NA
"2605",1986-02-23,17.4740791804321,NA
"2606",1986-02-24,17.4405243051242,NA
"2607",1986-02-25,18.0800399277359,NA
"2608",1986-02-26,18.7427371341429,NA
"2609",1986-02-27,19.726980649564,NA
"2610",1986-02-28,20.394108214451,NA
"2611",1986-03-01,20.5647554102085,NA
"2612",1986-03-02,20.8441913208015,NA
"2613",1986-03-03,21.0402805725419,NA
"2614",1986-03-04,21.1334481470391,NA
"2615",1986-03-05,21.3817826701065,NA
"2616",1986-03-06,21.6426866398187,NA
"2617",1986-03-07,21.1082163319407,NA
"2618",1986-03-08,20.9765414202354,NA
"2619",1986-03-09,20.6140558668568,NA
"2620",1986-03-10,19.984796676813,NA
"2621",1986-03-11,19.1994948821319,NA
"2622",1986-03-12,18.4708717079515,NA
"2623",1986-03-13,17.7379771780655,NA
"2624",1986-03-14,18.2625343671222,NA
"2625",1986-03-15,18.4701877882323,NA
"2626",1986-03-16,18.8328860602388,NA
"2627",1986-03-17,19.3550523802954,NA
"2628",1986-03-18,19.9942069929265,NA
"2629",1986-03-19,20.4851050466503,NA
"2630",1986-03-20,20.6508482795568,NA
"2631",1986-03-21,20.8855464684423,NA
"2632",1986-03-22,21.0345849690014,NA
"2633",1986-03-23,21.0443296885716,NA
"2634",1986-03-24,20.8750030218228,NA
"2635",1986-03-25,20.5778865131623,NA
"2636",1986-03-26,20.1203789118062,NA
"2637",1986-03-27,19.1695297399075,NA
"2638",1986-03-28,18.6410142401623,NA
"2639",1986-03-29,19.2895201607125,NA
"2640",1986-03-30,19.1541552593372,NA
"2641",1986-03-31,18.9246421048177,NA
"2642",1986-04-01,18.7333568809175,NA
"2643",1986-04-02,18.9356042286989,NA
"2644",1986-04-03,19.8020565290669,NA
"2645",1986-04-04,19.8591279908203,NA
"2646",1986-04-05,18.4408029871612,NA
"2647",1986-04-06,18.0598044256257,NA
"2648",1986-04-07,17.8458960023149,NA
"2649",1986-04-08,17.6317395347589,NA
"2650",1986-04-09,16.795605938302,NA
"2651",1986-04-10,16.1076309390271,NA
"2652",1986-04-11,15.3469649289701,NA
"2653",1986-04-12,15.638836701077,NA
"2654",1986-04-13,16.2371366037852,NA
"2655",1986-04-14,17.4956005468969,NA
"2656",1986-04-15,17.717841356802,NA
"2657",1986-04-16,17.3433383308594,NA
"2658",1986-04-17,16.7066698118345,NA
"2659",1986-04-18,16.5504455371894,NA
"2660",1986-04-19,16.4243917137731,NA
"2661",1986-04-20,15.9086136179064,NA
"2662",1986-04-21,14.7363474650019,NA
"2663",1986-04-22,14.3634204657968,NA
"2664",1986-04-23,14.771071747075,NA
"2665",1986-04-24,14.756620160269,NA
"2666",1986-04-25,14.4337758834813,NA
"2667",1986-04-26,14.2760598317924,NA
"2668",1986-04-27,13.7924321485444,NA
"2669",1986-04-28,13.146773460012,NA
"2670",1986-04-29,12.6578725750021,NA
"2671",1986-04-30,12.1187983436286,NA
"2672",1986-05-01,11.7090041292763,NA
"2673",1986-05-02,11.8347612465055,NA
"2674",1986-05-03,11.9536357079081,NA
"2675",1986-05-04,12.0491537156473,NA
"2676",1986-05-05,12.4914298906093,NA
"2677",1986-05-06,12.3731395304403,NA
"2678",1986-05-07,12.6811303287478,NA
"2679",1986-05-08,13.1361818421291,NA
"2680",1986-05-09,13.275104532837,NA
"2681",1986-05-10,13.0550550143749,NA
"2682",1986-05-11,13.2674509036929,NA
"2683",1986-05-12,13.3278499305143,NA
"2684",1986-05-13,13.7510935355479,NA
"2685",1986-05-14,13.7246798130782,NA
"2686",1986-05-15,13.4445484419943,NA
"2687",1986-05-16,13.8556511800994,NA
"2688",1986-05-17,14.0536427426667,NA
"2689",1986-05-18,14.0665659527804,NA
"2690",1986-05-19,13.7968600819995,NA
"2691",1986-05-20,13.5852117551971,NA
"2692",1986-05-21,13.152294940868,NA
"2693",1986-05-22,13.0768712645156,NA
"2694",1986-05-23,12.4868831441005,NA
"2695",1986-05-24,12.0116783768083,NA
"2696",1986-05-25,11.7697930159365,NA
"2697",1986-05-26,11.4920882080375,NA
"2698",1986-05-27,11.4581411064691,NA
"2699",1986-05-28,11.5765182791405,NA
"2700",1986-05-29,11.3519476588358,NA
"2701",1986-05-30,11.274219298806,NA
"2702",1986-05-31,11.2444620192159,NA
"2703",1986-06-01,10.8879053863294,NA
"2704",1986-06-02,11.0616277457141,NA
"2705",1986-06-03,11.0028778260766,NA
"2706",1986-06-04,11.0109038174472,NA
"2707",1986-06-05,11.0127214419122,NA
"2708",1986-06-06,11.0700842133926,NA
"2709",1986-06-07,11.4016930599808,NA
"2710",1986-06-08,11.6440165788083,NA
"2711",1986-06-09,11.7474104216786,NA
"2712",1986-06-10,11.5551889573063,NA
"2713",1986-06-11,11.3745093214227,NA
"2714",1986-06-12,11.1426928297464,NA
"2715",1986-06-13,10.874478189002,NA
"2716",1986-06-14,10.325101115133,NA
"2717",1986-06-15,10.4381359278952,NA
"2718",1986-06-16,10.1242168461977,NA
"2719",1986-06-17,9.96927020621646,NA
"2720",1986-06-18,9.85542890715377,NA
"2721",1986-06-19,9.47134170342609,NA
"2722",1986-06-20,9.04047445708675,NA
"2723",1986-06-21,8.9220621033748,NA
"2724",1986-06-22,8.14851638652156,NA
"2725",1986-06-23,7.73196645479974,NA
"2726",1986-06-24,7.52540241289058,NA
"2727",1986-06-25,7.6011692262826,NA
"2728",1986-06-26,7.69619106517735,NA
"2729",1986-06-27,8.06426559279446,NA
"2730",1986-06-28,8.18528631492731,NA
"2731",1986-06-29,8.50732436725258,NA
"2732",1986-06-30,8.71403533608223,NA
"2733",1986-07-01,8.89164077072197,NA
"2734",1986-07-02,9.10636549786731,NA
"2735",1986-07-03,9.64879912798051,NA
"2736",1986-07-04,9.8075629835356,NA
"2737",1986-07-05,9.63961697662979,NA
"2738",1986-07-06,10.070354303773,NA
"2739",1986-07-07,9.89025261230834,NA
"2740",1986-07-08,9.37751800610464,NA
"2741",1986-07-09,8.6541575188813,NA
"2742",1986-07-10,8.21522868960659,NA
"2743",1986-07-11,7.85542346230048,NA
"2744",1986-07-12,7.83776332761767,NA
"2745",1986-07-13,7.28556571032173,NA
"2746",1986-07-14,7.37967994882941,NA
"2747",1986-07-15,8.13605130063705,NA
"2748",1986-07-16,8.20761388809618,NA
"2749",1986-07-17,8.39705705568491,NA
"2750",1986-07-18,8.71240423320672,NA
"2751",1986-07-19,9.0646697196118,NA
"2752",1986-07-20,9.1964120999004,NA
"2753",1986-07-21,9.41927515485871,NA
"2754",1986-07-22,9.40356137294241,NA
"2755",1986-07-23,9.98967757123182,NA
"2756",1986-07-24,9.56693759155431,NA
"2757",1986-07-25,8.55373138794677,NA
"2758",1986-07-26,7.98852088100604,NA
"2759",1986-07-27,7.69178678221483,NA
"2760",1986-07-28,7.5120450517952,NA
"2761",1986-07-29,7.4399440523471,NA
"2762",1986-07-30,7.32784996576863,NA
"2763",1986-07-31,7.51563788713133,NA
"2764",1986-08-01,8.4796555765489,NA
"2765",1986-08-02,9.17022347198994,NA
"2766",1986-08-03,9.69279521055755,NA
"2767",1986-08-04,9.88280355590099,NA
"2768",1986-08-05,9.97042994449313,NA
"2769",1986-08-06,9.80440159480624,NA
"2770",1986-08-07,10.0078469756622,NA
"2771",1986-08-08,10.0310104597989,NA
"2772",1986-08-09,9.68307970137697,NA
"2773",1986-08-10,9.53639391709598,NA
"2774",1986-08-11,9.20734897967192,NA
"2775",1986-08-12,9.04450691605343,NA
"2776",1986-08-13,9.27833921015912,NA
"2777",1986-08-14,9.37450375247228,NA
"2778",1986-08-15,9.46157963779462,NA
"2779",1986-08-16,9.72684752939941,NA
"2780",1986-08-17,9.49000942589578,NA
"2781",1986-08-18,9.74645148302253,NA
"2782",1986-08-19,9.7639367659017,NA
"2783",1986-08-20,9.71328047414833,NA
"2784",1986-08-21,9.97480568912717,NA
"2785",1986-08-22,10.6899054000938,NA
"2786",1986-08-23,10.9735939196832,NA
"2787",1986-08-24,11.2055995766839,NA
"2788",1986-08-25,11.2449743258145,NA
"2789",1986-08-26,11.4102389833856,NA
"2790",1986-08-27,11.5554615301762,NA
"2791",1986-08-28,11.7584029107627,NA
"2792",1986-08-29,10.7970495854787,NA
"2793",1986-08-30,10.2981943580138,NA
"2794",1986-08-31,10.6361232571711,NA
"2795",1986-09-01,11.0888533818393,NA
"2796",1986-09-02,11.2753008703089,NA
"2797",1986-09-03,11.4337757790337,NA
"2798",1986-09-04,11.5694807266232,NA
"2799",1986-09-05,11.826634311027,NA
"2800",1986-09-06,11.8208548069484,NA
"2801",1986-09-07,11.5882542625202,NA
"2802",1986-09-08,11.370584445275,NA
"2803",1986-09-09,11.1938132558082,NA
"2804",1986-09-10,10.9204517317348,NA
"2805",1986-09-11,10.5567373936371,NA
"2806",1986-09-12,10.7209891653232,NA
"2807",1986-09-13,11.0727544744411,NA
"2808",1986-09-14,11.1964746551068,NA
"2809",1986-09-15,11.6125709605353,NA
"2810",1986-09-16,11.7328140939971,NA
"2811",1986-09-17,11.9144161221581,NA
"2812",1986-09-18,11.5153938192577,NA
"2813",1986-09-19,11.4454714429558,NA
"2814",1986-09-20,11.614924105177,NA
"2815",1986-09-21,11.6077768921574,NA
"2816",1986-09-22,11.1898277908652,NA
"2817",1986-09-23,11.4841460848891,NA
"2818",1986-09-24,11.7336501223318,NA
"2819",1986-09-25,12.4594701045587,NA
"2820",1986-09-26,12.7280037771839,NA
"2821",1986-09-27,12.4347092004841,NA
"2822",1986-09-28,12.4380331087249,NA
"2823",1986-09-29,12.7822707510534,NA
"2824",1986-09-30,13.2332948191165,NA
"2825",1986-10-01,13.9113236808098,NA
"2826",1986-10-02,13.5098566297253,NA
"2827",1986-10-03,13.2794459783668,NA
"2828",1986-10-04,13.6331251957316,NA
"2829",1986-10-05,14.3443687316137,NA
"2830",1986-10-06,14.4364236565162,NA
"2831",1986-10-07,13.4083057759908,NA
"2832",1986-10-08,12.3659768284018,NA
"2833",1986-10-09,12.2959329257942,NA
"2834",1986-10-10,12.3361425048071,NA
"2835",1986-10-11,12.1597673158081,NA
"2836",1986-10-12,12.5208037230754,NA
"2837",1986-10-13,12.7391792309431,NA
"2838",1986-10-14,12.8175061520031,NA
"2839",1986-10-15,13.0029422039258,NA
"2840",1986-10-16,13.3817256299293,NA
"2841",1986-10-17,14.4067287139572,NA
"2842",1986-10-18,14.4439358679222,NA
"2843",1986-10-19,13.192798883082,NA
"2844",1986-10-20,12.4012397019385,NA
"2845",1986-10-21,13.2464434653425,NA
"2846",1986-10-22,12.5778573169625,NA
"2847",1986-10-23,12.0380284484752,NA
"2848",1986-10-24,10.6631361101596,NA
"2849",1986-10-25,10.4051305679464,NA
"2850",1986-10-26,10.6527111483538,NA
"2851",1986-10-27,10.827317176465,NA
"2852",1986-10-28,10.7474169054892,NA
"2853",1986-10-29,11.906322636133,NA
"2854",1986-10-30,13.0409198013146,NA
"2855",1986-10-31,13.4175861995073,NA
"2856",1986-11-01,13.9005370485954,NA
"2857",1986-11-02,14.544819327863,NA
"2858",1986-11-03,16.0514426423292,NA
"2859",1986-11-04,17.139109400358,NA
"2860",1986-11-05,17.7072631420474,NA
"2861",1986-11-06,17.1575213433065,NA
"2862",1986-11-07,17.1273429777548,NA
"2863",1986-11-08,17.1918060373371,NA
"2864",1986-11-09,17.2428972493523,NA
"2865",1986-11-10,16.8014719470431,NA
"2866",1986-11-11,15.3866512686741,NA
"2867",1986-11-12,14.4744099421091,NA
"2868",1986-11-13,14.9469849248272,NA
"2869",1986-11-14,16.0596867557883,NA
"2870",1986-11-15,16.7240628585479,NA
"2871",1986-11-16,17.1114676903554,NA
"2872",1986-11-17,16.5839586824687,NA
"2873",1986-11-18,16.4146920613667,NA
"2874",1986-11-19,16.298086854064,NA
"2875",1986-11-20,15.6710462996409,NA
"2876",1986-11-21,15.0713760524392,NA
"2877",1986-11-22,14.9628229564827,NA
"2878",1986-11-23,14.3024096462642,NA
"2879",1986-11-24,14.7620413061871,NA
"2880",1986-11-25,16.2460801104264,NA
"2881",1986-11-26,16.2341785458647,NA
"2882",1986-11-27,16.385610195939,NA
"2883",1986-11-28,16.3036734355216,NA
"2884",1986-11-29,16.1853397471308,NA
"2885",1986-11-30,17.0868057095612,NA
"2886",1986-12-01,17.8132797783723,NA
"2887",1986-12-02,17.85683113254,NA
"2888",1986-12-03,18.8322787743713,NA
"2889",1986-12-04,19.6668106812178,NA
"2890",1986-12-05,20.5291956358222,NA
"2891",1986-12-06,20.9032888601966,NA
"2892",1986-12-07,20.1892010536372,NA
"2893",1986-12-08,19.1412605192917,NA
"2894",1986-12-09,18.6885335940575,NA
"2895",1986-12-10,18.0985249337558,NA
"2896",1986-12-11,17.3161591550466,NA
"2897",1986-12-12,16.1627897209237,NA
"2898",1986-12-13,15.1056098574769,NA
"2899",1986-12-14,15.1495715045245,NA
"2900",1986-12-15,15.9041933174557,NA
"2901",1986-12-16,15.2220380511735,NA
"2902",1986-12-17,14.7860470072473,NA
"2903",1986-12-18,14.8915152261011,NA
"2904",1986-12-19,14.8488692485426,NA
"2905",1986-12-20,15.0481987196535,NA
"2906",1986-12-21,15.2748204854794,NA
"2907",1986-12-22,14.5627840193134,NA
"2908",1986-12-23,14.9285137974035,NA
"2909",1986-12-24,15.7921442531778,NA
"2910",1986-12-25,16.7384303291511,NA
"2911",1986-12-26,17.1222680721592,NA
"2912",1986-12-27,17.462314193011,NA
"2913",1986-12-28,17.7538776798495,NA
"2914",1986-12-29,18.7092315319074,NA
"2915",1986-12-30,19.9558031807167,NA
"2916",1986-12-31,19.6390347427788,NA
"2917",1987-01-01,19.3322397093548,NA
"2918",1987-01-02,19.4312848650999,NA
"2919",1987-01-03,19.1709671215984,NA
"2920",1987-01-04,19.0808917483334,NA
"2921",1987-01-05,18.560487111461,NA
"2922",1987-01-06,17.934564340003,NA
"2923",1987-01-07,18.0740366005128,NA
"2924",1987-01-08,17.3843035488468,NA
"2925",1987-01-09,17.0348690665031,NA
"2926",1987-01-10,17.8603754427136,NA
"2927",1987-01-11,18.0657134631045,NA
"2928",1987-01-12,18.0755200990157,NA
"2929",1987-01-13,17.6621202371828,NA
"2930",1987-01-14,17.6251535873438,NA
"2931",1987-01-15,18.5036967194537,NA
"2932",1987-01-16,19.0984047359294,NA
"2933",1987-01-17,18.6841718576478,NA
"2934",1987-01-18,18.6618390708501,NA
"2935",1987-01-19,18.7375991248889,NA
"2936",1987-01-20,18.7638960124662,NA
"2937",1987-01-21,18.6394367641037,NA
"2938",1987-01-22,18.0764182840893,NA
"2939",1987-01-23,17.7822988737111,NA
"2940",1987-01-24,18.4449370413047,NA
"2941",1987-01-25,18.9142024508831,NA
"2942",1987-01-26,19.0666397841143,NA
"2943",1987-01-27,18.6026961005715,NA
"2944",1987-01-28,18.6641874834525,NA
"2945",1987-01-29,18.8401299613245,NA
"2946",1987-01-30,19.2369321344389,NA
"2947",1987-01-31,19.3920105890094,NA
"2948",1987-02-01,19.6163662447705,NA
"2949",1987-02-02,19.9496974295288,NA
"2950",1987-02-03,19.9910277410803,NA
"2951",1987-02-04,20.0895856424819,NA
"2952",1987-02-05,20.4931997215843,NA
"2953",1987-02-06,20.8695289178171,NA
"2954",1987-02-07,21.0339216122028,NA
"2955",1987-02-08,20.7276421197637,NA
"2956",1987-02-09,20.869925099805,NA
"2957",1987-02-10,20.859900145357,NA
"2958",1987-02-11,20.7764083187215,NA
"2959",1987-02-12,20.6102514493109,NA
"2960",1987-02-13,20.49998043083,NA
"2961",1987-02-14,20.4470317778944,NA
"2962",1987-02-15,20.5903490726789,NA
"2963",1987-02-16,20.590593144371,NA
"2964",1987-02-17,21.3831217506539,NA
"2965",1987-02-18,22.1286064136727,NA
"2966",1987-02-19,22.4497884578029,NA
"2967",1987-02-20,21.9051600066199,NA
"2968",1987-02-21,21.0073680012294,NA
"2969",1987-02-22,20.3360563066718,NA
"2970",1987-02-23,19.9359529115124,NA
"2971",1987-02-24,18.9259003791946,NA
"2972",1987-02-25,17.4995865707033,NA
"2973",1987-02-26,16.6532252681388,NA
"2974",1987-02-27,17.7456461241451,NA
"2975",1987-02-28,17.7659216572286,NA
"2976",1987-03-01,17.9259068662516,NA
"2977",1987-03-02,17.5953675359552,NA
"2978",1987-03-03,17.9670774218137,NA
"2979",1987-03-04,18.6585314201378,NA
"2980",1987-03-05,19.0508429098232,NA
"2981",1987-03-06,17.9481773235841,NA
"2982",1987-03-07,18.0017614408185,NA
"2983",1987-03-08,17.5968822201387,NA
"2984",1987-03-09,17.2139114975502,NA
"2985",1987-03-10,16.8379135478239,NA
"2986",1987-03-11,16.3879002225928,NA
"2987",1987-03-12,15.4684951677486,NA
"2988",1987-03-13,15.2241451578145,NA
"2989",1987-03-14,15.420330794797,NA
"2990",1987-03-15,16.6908503194663,NA
"2991",1987-03-16,18.1234329840819,NA
"2992",1987-03-17,19.2387298671943,NA
"2993",1987-03-18,19.7526508702677,NA
"2994",1987-03-19,19.8146775232644,NA
"2995",1987-03-20,20.0162150560493,NA
"2996",1987-03-21,19.9165691683121,NA
"2997",1987-03-22,19.3834343304083,NA
"2998",1987-03-23,18.0405046145215,NA
"2999",1987-03-24,16.6687625129933,NA
"3000",1987-03-25,15.8610213627806,NA
"3001",1987-03-26,16.1598620624177,NA
"3002",1987-03-27,17.080596310723,NA
"3003",1987-03-28,17.1581546734128,NA
"3004",1987-03-29,16.7894137235576,NA
"3005",1987-03-30,16.8395946270989,NA
"3006",1987-03-31,16.953823196183,NA
"3007",1987-04-01,16.9076437166509,NA
"3008",1987-04-02,17.0005036109135,NA
"3009",1987-04-03,16.7355272733114,NA
"3010",1987-04-04,17.6256581962475,NA
"3011",1987-04-05,19.0904840223457,NA
"3012",1987-04-06,19.704505461067,NA
"3013",1987-04-07,19.7748519314502,NA
"3014",1987-04-08,19.3306132371904,NA
"3015",1987-04-09,18.6318515599275,NA
"3016",1987-04-10,18.342910865351,NA
"3017",1987-04-11,18.2391988847485,NA
"3018",1987-04-12,17.3938513874747,NA
"3019",1987-04-13,16.583576012846,NA
"3020",1987-04-14,16.1974307996623,NA
"3021",1987-04-15,16.2111926750613,NA
"3022",1987-04-16,16.2207034676212,NA
"3023",1987-04-17,15.9469314087283,NA
"3024",1987-04-18,15.3757299685011,NA
"3025",1987-04-19,14.123877562447,NA
"3026",1987-04-20,13.4297846234283,NA
"3027",1987-04-21,12.9463591330513,NA
"3028",1987-04-22,12.9634053116201,NA
"3029",1987-04-23,12.7671021601101,NA
"3030",1987-04-24,12.5019221724921,NA
"3031",1987-04-25,12.3615734557013,NA
"3032",1987-04-26,13.9218807180048,NA
"3033",1987-04-27,15.5601551459015,NA
"3034",1987-04-28,16.2414011582055,NA
"3035",1987-04-29,16.477081590191,NA
"3036",1987-04-30,16.6074362774708,NA
"3037",1987-05-01,16.7826763999325,NA
"3038",1987-05-02,16.1199779706683,NA
"3039",1987-05-03,14.9456863474169,NA
"3040",1987-05-04,13.941462828359,NA
"3041",1987-05-05,13.6564915373511,NA
"3042",1987-05-06,13.4518295522114,NA
"3043",1987-05-07,13.5508721089121,NA
"3044",1987-05-08,13.5324084971943,NA
"3045",1987-05-09,13.9417249056983,NA
"3046",1987-05-10,14.4738381480155,NA
"3047",1987-05-11,15.1335737331008,NA
"3048",1987-05-12,15.6558802744476,NA
"3049",1987-05-13,15.8623602472402,NA
"3050",1987-05-14,15.9051726720892,NA
"3051",1987-05-15,15.4656310237457,NA
"3052",1987-05-16,15.1753837903584,NA
"3053",1987-05-17,14.6533395402672,NA
"3054",1987-05-18,13.5997000307677,NA
"3055",1987-05-19,12.7510070683037,NA
"3056",1987-05-20,12.3427013185153,NA
"3057",1987-05-21,11.619625840919,NA
"3058",1987-05-22,11.9556226919785,NA
"3059",1987-05-23,12.2798332769836,NA
"3060",1987-05-24,12.1551894237521,NA
"3061",1987-05-25,12.1985841098726,NA
"3062",1987-05-26,11.4726743936281,NA
"3063",1987-05-27,10.6377239119648,NA
"3064",1987-05-28,10.805750229988,NA
"3065",1987-05-29,10.470277089372,NA
"3066",1987-05-30,9.71488667016712,NA
"3067",1987-05-31,9.51947365991038,NA
"3068",1987-06-01,9.40905110265767,NA
"3069",1987-06-02,10.0187982407246,NA
"3070",1987-06-03,10.7418939404525,NA
"3071",1987-06-04,10.665448325846,NA
"3072",1987-06-05,10.3994584608791,NA
"3073",1987-06-06,10.5643236416481,NA
"3074",1987-06-07,10.6569880259099,NA
"3075",1987-06-08,11.3295020686162,NA
"3076",1987-06-09,11.9381100010541,NA
"3077",1987-06-10,12.473650863563,NA
"3078",1987-06-11,12.3985041583999,NA
"3079",1987-06-12,12.0336703660935,NA
"3080",1987-06-13,11.5752188188498,NA
"3081",1987-06-14,11.6402221333459,NA
"3082",1987-06-15,10.6982820200262,NA
"3083",1987-06-16,9.69377972226964,NA
"3084",1987-06-17,9.04896563022282,NA
"3085",1987-06-18,9.46046553461582,NA
"3086",1987-06-19,10.4152990239658,NA
"3087",1987-06-20,11.0879355299296,NA
"3088",1987-06-21,11.2010846849256,NA
"3089",1987-06-22,11.7197113242938,NA
"3090",1987-06-23,12.0872384126789,NA
"3091",1987-06-24,11.9540350909988,NA
"3092",1987-06-25,11.4095569173148,NA
"3093",1987-06-26,10.8723214162911,NA
"3094",1987-06-27,10.3101872171772,NA
"3095",1987-06-28,9.61698812425212,NA
"3096",1987-06-29,9.15506349481879,NA
"3097",1987-06-30,8.8705178684855,NA
"3098",1987-07-01,8.94142332922055,NA
"3099",1987-07-02,9.0164315601802,NA
"3100",1987-07-03,8.86486437235234,NA
"3101",1987-07-04,9.04568163449164,NA
"3102",1987-07-05,9.45471425422975,NA
"3103",1987-07-06,9.38440269036579,NA
"3104",1987-07-07,9.37832464488575,NA
"3105",1987-07-08,9.31502527823588,NA
"3106",1987-07-09,9.75477399948278,NA
"3107",1987-07-10,9.81639685888338,NA
"3108",1987-07-11,9.51350758391781,NA
"3109",1987-07-12,9.26524988346753,NA
"3110",1987-07-13,9.54632208678288,NA
"3111",1987-07-14,9.9385208760005,NA
"3112",1987-07-15,9.74495488149723,NA
"3113",1987-07-16,9.5080725972121,NA
"3114",1987-07-17,9.55766712791797,NA
"3115",1987-07-18,9.69474501301643,NA
"3116",1987-07-19,9.17909043870317,NA
"3117",1987-07-20,8.71285001272899,NA
"3118",1987-07-21,8.27067475934806,NA
"3119",1987-07-22,8.18818238353583,NA
"3120",1987-07-23,7.8220878121586,NA
"3121",1987-07-24,7.43673784880195,NA
"3122",1987-07-25,7.51083417301779,NA
"3123",1987-07-26,7.93628448596818,NA
"3124",1987-07-27,8.03984131895044,NA
"3125",1987-07-28,8.12589818437301,NA
"3126",1987-07-29,8.1400586532146,NA
"3127",1987-07-30,8.34247451435279,NA
"3128",1987-07-31,8.74069650294254,NA
"3129",1987-08-01,8.96740026377758,NA
"3130",1987-08-02,9.04018313509909,NA
"3131",1987-08-03,9.32465294026826,NA
"3132",1987-08-04,9.43329273806474,NA
"3133",1987-08-05,9.8767999871618,NA
"3134",1987-08-06,9.87779303984138,NA
"3135",1987-08-07,10.0784806191062,NA
"3136",1987-08-08,9.80299237706688,NA
"3137",1987-08-09,9.59428949869184,NA
"3138",1987-08-10,9.38067012084249,NA
"3139",1987-08-11,9.17763169793557,NA
"3140",1987-08-12,9.22614303342847,NA
"3141",1987-08-13,9.4340939060535,NA
"3142",1987-08-14,9.59673938082962,NA
"3143",1987-08-15,9.99009110816129,NA
"3144",1987-08-16,10.0508019551528,NA
"3145",1987-08-17,10.0808286717074,NA
"3146",1987-08-18,10.2826659739347,NA
"3147",1987-08-19,10.1927649749636,NA
"3148",1987-08-20,10.1185176917268,NA
"3149",1987-08-21,9.92893823039309,NA
"3150",1987-08-22,9.95414828773172,NA
"3151",1987-08-23,10.384357230166,NA
"3152",1987-08-24,10.4307528622561,NA
"3153",1987-08-25,10.5879095378486,NA
"3154",1987-08-26,10.9693472119982,NA
"3155",1987-08-27,11.0620267114831,NA
"3156",1987-08-28,11.2983961808629,NA
"3157",1987-08-29,11.1654485332197,NA
"3158",1987-08-30,11.0809670770923,NA
"3159",1987-08-31,10.6804000372017,NA
"3160",1987-09-01,10.2596132646006,NA
"3161",1987-09-02,9.71908678641949,NA
"3162",1987-09-03,9.30542608932864,NA
"3163",1987-09-04,8.87679219791777,NA
"3164",1987-09-05,8.69772115118712,NA
"3165",1987-09-06,8.60124163409408,NA
"3166",1987-09-07,9.32694710032263,NA
"3167",1987-09-08,10.0495762133419,NA
"3168",1987-09-09,10.0300054979099,NA
"3169",1987-09-10,10.103503563881,NA
"3170",1987-09-11,10.2451513498351,NA
"3171",1987-09-12,10.3438087504959,NA
"3172",1987-09-13,10.5175285875474,NA
"3173",1987-09-14,10.5534964478164,NA
"3174",1987-09-15,10.2757812816063,NA
"3175",1987-09-16,10.4929731655786,NA
"3176",1987-09-17,11.1188577289571,NA
"3177",1987-09-18,12.1833332080761,NA
"3178",1987-09-19,12.409258639404,NA
"3179",1987-09-20,12.2905796853724,NA
"3180",1987-09-21,12.3721151411424,NA
"3181",1987-09-22,12.9536644460433,NA
"3182",1987-09-23,13.9587982744697,NA
"3183",1987-09-24,14.9564087508647,NA
"3184",1987-09-25,15.2567150495677,NA
"3185",1987-09-26,16.7856321036325,NA
"3186",1987-09-27,18.3132162457381,NA
"3187",1987-09-28,18.7719531953846,NA
"3188",1987-09-29,18.5914455919043,NA
"3189",1987-09-30,17.7138112512299,NA
"3190",1987-10-01,16.5986960861852,NA
"3191",1987-10-02,15.572305060172,NA
"3192",1987-10-03,14.7128563255664,NA
"3193",1987-10-04,12.9914731532906,NA
"3194",1987-10-05,12.5345718185588,NA
"3195",1987-10-06,12.2722505984217,NA
"3196",1987-10-07,12.2964928451795,NA
"3197",1987-10-08,12.2713532839625,NA
"3198",1987-10-09,12.2161962685019,NA
"3199",1987-10-10,11.3705497469641,NA
"3200",1987-10-11,11.0944821555219,NA
"3201",1987-10-12,10.7421699660001,NA
"3202",1987-10-13,10.9605197117566,NA
"3203",1987-10-14,11.8996375246484,NA
"3204",1987-10-15,12.6028712309776,NA
"3205",1987-10-16,12.5687041614067,NA
"3206",1987-10-17,12.6808867370535,NA
"3207",1987-10-18,13.0607658781591,NA
"3208",1987-10-19,13.4004463685288,NA
"3209",1987-10-20,13.5829553973841,NA
"3210",1987-10-21,13.0424477900365,NA
"3211",1987-10-22,12.8451689219712,NA
"3212",1987-10-23,12.989158926913,NA
"3213",1987-10-24,13.1087518477794,NA
"3214",1987-10-25,13.6671251336725,NA
"3215",1987-10-26,14.3227519474967,NA
"3216",1987-10-27,14.4725378714539,NA
"3217",1987-10-28,14.4758968129351,NA
"3218",1987-10-29,14.8519078310424,NA
"3219",1987-10-30,16.2019124007282,NA
"3220",1987-10-31,17.6223067353839,NA
"3221",1987-11-01,19.2405336166902,NA
"3222",1987-11-02,19.5842555779028,NA
"3223",1987-11-03,19.3351217890246,NA
"3224",1987-11-04,19.3673051248081,NA
"3225",1987-11-05,19.0594974826508,NA
"3226",1987-11-06,18.2956333945309,NA
"3227",1987-11-07,17.7426265004986,NA
"3228",1987-11-08,16.697351080616,NA
"3229",1987-11-09,15.8934632160022,NA
"3230",1987-11-10,16.1393120717296,NA
"3231",1987-11-11,16.2219516455561,NA
"3232",1987-11-12,16.4907524286728,NA
"3233",1987-11-13,16.4610844739431,NA
"3234",1987-11-14,16.2287311703973,NA
"3235",1987-11-15,16.7865252493567,NA
"3236",1987-11-16,18.1970343045573,NA
"3237",1987-11-17,19.5527060013517,NA
"3238",1987-11-18,20.8892571692418,NA
"3239",1987-11-19,21.3126824952241,NA
"3240",1987-11-20,21.3123963675114,NA
"3241",1987-11-21,21.0598773346092,NA
"3242",1987-11-22,20.6911461689752,NA
"3243",1987-11-23,19.862807782414,NA
"3244",1987-11-24,18.4357984512,NA
"3245",1987-11-25,16.7451767804802,NA
"3246",1987-11-26,15.8851916697109,NA
"3247",1987-11-27,15.7235053524803,NA
"3248",1987-11-28,16.8016420949008,NA
"3249",1987-11-29,16.4486531261387,NA
"3250",1987-11-30,16.4099899077162,NA
"3251",1987-12-01,16.1042702125301,NA
"3252",1987-12-02,15.8845033520391,NA
"3253",1987-12-03,15.7530607634405,NA
"3254",1987-12-04,15.8572451232562,NA
"3255",1987-12-05,14.6148553136398,NA
"3256",1987-12-06,13.8785641853668,NA
"3257",1987-12-07,13.6100204521476,NA
"3258",1987-12-08,14.5172473337233,NA
"3259",1987-12-09,15.6187475755033,NA
"3260",1987-12-10,16.7406316177581,NA
"3261",1987-12-11,17.4994092306148,NA
"3262",1987-12-12,18.5974841739091,NA
"3263",1987-12-13,19.8825732183043,NA
"3264",1987-12-14,21.0808003896011,NA
"3265",1987-12-15,21.8410634532049,NA
"3266",1987-12-16,21.7994080457023,NA
"3267",1987-12-17,21.6423985425211,NA
"3268",1987-12-18,21.2398784622965,NA
"3269",1987-12-19,20.8291776594545,NA
"3270",1987-12-20,20.2210170440677,NA
"3271",1987-12-21,19.1792803120897,NA
"3272",1987-12-22,18.3703063799096,NA
"3273",1987-12-23,18.309938725857,NA
"3274",1987-12-24,17.9270808247762,NA
"3275",1987-12-25,18.3599044241343,NA
"3276",1987-12-26,19.3661416470411,NA
"3277",1987-12-27,19.6505899814219,NA
"3278",1987-12-28,19.4522440634674,NA
"3279",1987-12-29,19.3550498389503,NA
"3280",1987-12-30,20.0877152555451,NA
"3281",1987-12-31,20.7043835101653,NA
"3282",1988-01-01,20.5906422722184,NA
"3283",1988-01-02,19.6385300884693,NA
"3284",1988-01-03,19.2641959185189,NA
"3285",1988-01-04,19.4933475174441,NA
"3286",1988-01-05,19.7099976689623,NA
"3287",1988-01-06,19.6956753856128,NA
"3288",1988-01-07,20.2457137508638,NA
"3289",1988-01-08,21.1304643840519,NA
"3290",1988-01-09,21.6308674831556,NA
"3291",1988-01-10,22.2706075411875,NA
"3292",1988-01-11,22.6954564605257,NA
"3293",1988-01-12,22.909737530971,NA
"3294",1988-01-13,22.9265301636947,NA
"3295",1988-01-14,22.9275306538816,NA
"3296",1988-01-15,22.7057346044804,NA
"3297",1988-01-16,22.5519631403502,NA
"3298",1988-01-17,22.1624953113679,NA
"3299",1988-01-18,21.6209533315248,NA
"3300",1988-01-19,21.3313883384332,NA
"3301",1988-01-20,20.7315559973895,NA
"3302",1988-01-21,19.6946311246514,NA
"3303",1988-01-22,19.622942312981,NA
"3304",1988-01-23,19.1310619762298,NA
"3305",1988-01-24,18.6962919680956,NA
"3306",1988-01-25,18.4095160167296,NA
"3307",1988-01-26,17.9607925311374,NA
"3308",1988-01-27,18.6342446258613,NA
"3309",1988-01-28,19.9003293550407,NA
"3310",1988-01-29,20.8281614734825,NA
"3311",1988-01-30,21.3400649421724,NA
"3312",1988-01-31,21.3963305946818,NA
"3313",1988-02-01,21.3915014584371,NA
"3314",1988-02-02,21.285768110102,NA
"3315",1988-02-03,20.79468081326,NA
"3316",1988-02-04,20.1164763658546,NA
"3317",1988-02-05,19.0533841778322,NA
"3318",1988-02-06,18.1836837110202,NA
"3319",1988-02-07,18.1186496487499,NA
"3320",1988-02-08,18.1642646894741,NA
"3321",1988-02-09,18.232986755114,NA
"3322",1988-02-10,18.6407261886259,NA
"3323",1988-02-11,18.9871928086277,NA
"3324",1988-02-12,19.1403035726729,NA
"3325",1988-02-13,19.7814086409105,NA
"3326",1988-02-14,20.2115931240187,NA
"3327",1988-02-15,20.609613972012,NA
"3328",1988-02-16,20.8205614126373,NA
"3329",1988-02-17,20.9610179553329,NA
"3330",1988-02-18,20.4504240255685,NA
"3331",1988-02-19,19.9430247590297,NA
"3332",1988-02-20,19.7548803691104,NA
"3333",1988-02-21,19.5508798342258,NA
"3334",1988-02-22,19.3854201546357,NA
"3335",1988-02-23,19.2264199001521,NA
"3336",1988-02-24,19.0614491892424,NA
"3337",1988-02-25,19.7604800565075,NA
"3338",1988-02-26,20.7744303279284,NA
"3339",1988-02-27,20.9633958620928,NA
"3340",1988-02-28,21.0346228780814,NA
"3341",1988-02-29,21.1244648582979,NA
"3342",1988-03-01,21.2062573473277,NA
"3343",1988-03-02,21.6635876728727,NA
"3344",1988-03-03,21.0760188434773,NA
"3345",1988-03-04,20.1796939699939,NA
"3346",1988-03-05,20.0201434250424,NA
"3347",1988-03-06,20.0334491977635,NA
"3348",1988-03-07,20.3206509023433,NA
"3349",1988-03-08,20.4827723059047,NA
"3350",1988-03-09,19.7742123984987,NA
"3351",1988-03-10,19.8534007780528,NA
"3352",1988-03-11,19.461516987841,NA
"3353",1988-03-12,19.1456977696772,NA
"3354",1988-03-13,18.6341294218809,NA
"3355",1988-03-14,17.5973938939168,NA
"3356",1988-03-15,16.5509980279688,NA
"3357",1988-03-16,15.7645488145664,NA
"3358",1988-03-17,15.5455507812441,NA
"3359",1988-03-18,16.5432676826044,NA
"3360",1988-03-19,17.4022089811516,NA
"3361",1988-03-20,18.4625119018215,NA
"3362",1988-03-21,19.4675227035681,NA
"3363",1988-03-22,20.2188470116431,NA
"3364",1988-03-23,20.8043408441295,NA
"3365",1988-03-24,21.1777061060031,NA
"3366",1988-03-25,21.3503566956269,NA
"3367",1988-03-26,21.4815471745273,NA
"3368",1988-03-27,21.3939636015706,NA
"3369",1988-03-28,21.2599561035837,NA
"3370",1988-03-29,21.1953331372784,NA
"3371",1988-03-30,20.9708292728119,NA
"3372",1988-03-31,20.6219631370386,NA
"3373",1988-04-01,20.2217884437711,NA
"3374",1988-04-02,19.4724943924545,NA
"3375",1988-04-03,18.8754483079964,NA
"3376",1988-04-04,18.1402557378126,NA
"3377",1988-04-05,17.6251542103286,NA
"3378",1988-04-06,17.308043740761,NA
"3379",1988-04-07,17.2799762905699,NA
"3380",1988-04-08,16.7196372341786,NA
"3381",1988-04-09,16.3369873070495,NA
"3382",1988-04-10,15.9718005690211,NA
"3383",1988-04-11,16.0998763272122,NA
"3384",1988-04-12,16.2119992679921,NA
"3385",1988-04-13,16.2122440116869,NA
"3386",1988-04-14,16.1637406687191,NA
"3387",1988-04-15,16.0168996350489,NA
"3388",1988-04-16,15.8645894838419,NA
"3389",1988-04-17,16.2295725435886,NA
"3390",1988-04-18,16.5268223508863,NA
"3391",1988-04-19,16.5349564850146,NA
"3392",1988-04-20,16.6572606174895,NA
"3393",1988-04-21,16.6508706748827,NA
"3394",1988-04-22,17.076676773366,NA
"3395",1988-04-23,17.3824095764118,NA
"3396",1988-04-24,17.3491734562425,NA
"3397",1988-04-25,17.2928917093879,NA
"3398",1988-04-26,16.5263724790564,NA
"3399",1988-04-27,16.2252065548995,NA
"3400",1988-04-28,16.4044068509911,NA
"3401",1988-04-29,16.8757851415107,NA
"3402",1988-04-30,17.4733262775731,NA
"3403",1988-05-01,17.9224749415712,NA
"3404",1988-05-02,18.1059548854981,NA
"3405",1988-05-03,18.9699580788026,NA
"3406",1988-05-04,19.4133050813516,NA
"3407",1988-05-05,19.3863935731681,NA
"3408",1988-05-06,19.1471316563995,NA
"3409",1988-05-07,18.5888148548589,NA
"3410",1988-05-08,17.9740914235555,NA
"3411",1988-05-09,17.2555324123986,NA
"3412",1988-05-10,16.1540950118487,NA
"3413",1988-05-11,15.1175074250649,NA
"3414",1988-05-12,14.0744254796179,NA
"3415",1988-05-13,13.5424725101239,NA
"3416",1988-05-14,13.9148800795899,NA
"3417",1988-05-15,14.0736456970882,NA
"3418",1988-05-16,14.0781523209667,NA
"3419",1988-05-17,14.2837497033259,NA
"3420",1988-05-18,14.4995164361742,NA
"3421",1988-05-19,14.7702192113516,NA
"3422",1988-05-20,14.4983923411686,NA
"3423",1988-05-21,13.7774143660108,NA
"3424",1988-05-22,13.361461565129,NA
"3425",1988-05-23,13.1191935497525,NA
"3426",1988-05-24,13.0168634570713,NA
"3427",1988-05-25,13.0058844389621,NA
"3428",1988-05-26,12.9229497842426,NA
"3429",1988-05-27,13.0328794482443,NA
"3430",1988-05-28,12.8403078956431,NA
"3431",1988-05-29,12.5824319751123,NA
"3432",1988-05-30,12.1347698649403,NA
"3433",1988-05-31,11.812937646486,NA
"3434",1988-06-01,11.5834229623106,NA
"3435",1988-06-02,11.8322800216496,NA
"3436",1988-06-03,12.203681437232,NA
"3437",1988-06-04,12.7600916465723,NA
"3438",1988-06-05,12.6793319533478,NA
"3439",1988-06-06,12.9961043027282,NA
"3440",1988-06-07,12.8341176835684,NA
"3441",1988-06-08,12.4273912083698,NA
"3442",1988-06-09,11.8828137113678,NA
"3443",1988-06-10,11.0733495251259,NA
"3444",1988-06-11,10.5881144769605,NA
"3445",1988-06-12,10.8119477473467,NA
"3446",1988-06-13,10.8343375808911,NA
"3447",1988-06-14,11.2664030848103,NA
"3448",1988-06-15,11.1750923748506,NA
"3449",1988-06-16,10.8944576978614,NA
"3450",1988-06-17,10.9056179102773,NA
"3451",1988-06-18,10.7048593580681,NA
"3452",1988-06-19,10.3784536662024,NA
"3453",1988-06-20,10.1055185319285,NA
"3454",1988-06-21,9.60517151589728,NA
"3455",1988-06-22,9.5796363801202,NA
"3456",1988-06-23,9.77364447365275,NA
"3457",1988-06-24,9.64993625651592,NA
"3458",1988-06-25,9.50264257915255,NA
"3459",1988-06-26,9.57883628061028,NA
"3460",1988-06-27,9.75137515763278,NA
"3461",1988-06-28,9.64202088181122,NA
"3462",1988-06-29,9.84131329576796,NA
"3463",1988-06-30,9.72011312931964,NA
"3464",1988-07-01,9.63641527138166,NA
"3465",1988-07-02,9.43775632925381,NA
"3466",1988-07-03,9.3341408107508,NA
"3467",1988-07-04,9.2151918781662,NA
"3468",1988-07-05,9.98833381926013,NA
"3469",1988-07-06,10.4920181595807,NA
"3470",1988-07-07,11.0722224229568,NA
"3471",1988-07-08,11.7074704232364,NA
"3472",1988-07-09,11.9167915381614,NA
"3473",1988-07-10,11.909263605416,NA
"3474",1988-07-11,12.1546501143675,NA
"3475",1988-07-12,11.9612537878797,NA
"3476",1988-07-13,11.7066215612324,NA
"3477",1988-07-14,11.5721980414864,NA
"3478",1988-07-15,11.0463012028624,NA
"3479",1988-07-16,11.2917210384486,NA
"3480",1988-07-17,11.5318656753946,NA
"3481",1988-07-18,11.2899607558413,NA
"3482",1988-07-19,11.0449188209448,NA
"3483",1988-07-20,10.8046704049233,NA
"3484",1988-07-21,10.4146979042179,NA
"3485",1988-07-22,10.2688861983835,NA
"3486",1988-07-23,10.0024635133478,NA
"3487",1988-07-24,10.0489236016475,NA
"3488",1988-07-25,9.98364351436789,NA
"3489",1988-07-26,9.79515362176838,NA
"3490",1988-07-27,9.97658813422882,NA
"3491",1988-07-28,10.071751954347,NA
"3492",1988-07-29,10.0901701510108,NA
"3493",1988-07-30,10.1970308702529,NA
"3494",1988-07-31,9.76600539354539,NA
"3495",1988-08-01,9.82985792134298,NA
"3496",1988-08-02,10.220712155243,NA
"3497",1988-08-03,10.1829216257657,NA
"3498",1988-08-04,10.2376842277504,NA
"3499",1988-08-05,9.97320509294394,NA
"3500",1988-08-06,9.92354823948124,NA
"3501",1988-08-07,9.67111990707285,NA
"3502",1988-08-08,9.15172433311672,NA
"3503",1988-08-09,8.65319930779657,NA
"3504",1988-08-10,8.47903292622219,NA
"3505",1988-08-11,8.2456372548376,NA
"3506",1988-08-12,8.61106112707601,NA
"3507",1988-08-13,9.11731487428071,NA
"3508",1988-08-14,9.98341144422374,NA
"3509",1988-08-15,10.7534110180267,NA
"3510",1988-08-16,11.8135747937866,NA
"3511",1988-08-17,12.123879481791,NA
"3512",1988-08-18,12.394488960353,NA
"3513",1988-08-19,12.7809396096479,NA
"3514",1988-08-20,12.5515432930982,NA
"3515",1988-08-21,11.9417633698,NA
"3516",1988-08-22,11.4105245339893,NA
"3517",1988-08-23,10.2727972614691,NA
"3518",1988-08-24,9.83753217125508,NA
"3519",1988-08-25,9.99638772866166,NA
"3520",1988-08-26,10.0434028937844,NA
"3521",1988-08-27,9.64020396753812,NA
"3522",1988-08-28,9.81866186956567,NA
"3523",1988-08-29,10.2706771486036,NA
"3524",1988-08-30,11.157674609681,NA
"3525",1988-08-31,12.2403692090389,NA
"3526",1988-09-01,12.6876505183756,NA
"3527",1988-09-02,12.5207195407176,NA
"3528",1988-09-03,12.8853065912142,NA
"3529",1988-09-04,12.7808222597703,NA
"3530",1988-09-05,12.7284423071109,NA
"3531",1988-09-06,12.4854722878918,NA
"3532",1988-09-07,11.8742205016434,NA
"3533",1988-09-08,12.1873862995246,NA
"3534",1988-09-09,12.9229982578066,NA
"3535",1988-09-10,13.3094212671939,NA
"3536",1988-09-11,13.6239644974479,NA
"3537",1988-09-12,13.2308932774253,NA
"3538",1988-09-13,12.8703824306382,NA
"3539",1988-09-14,12.7057107940535,NA
"3540",1988-09-15,11.9182598584696,NA
"3541",1988-09-16,11.6130769866036,NA
"3542",1988-09-17,11.3340258446372,NA
"3543",1988-09-18,11.1948040401662,NA
"3544",1988-09-19,11.401733691403,NA
"3545",1988-09-20,11.7085970036944,NA
"3546",1988-09-21,12.3370211715092,NA
"3547",1988-09-22,13.5321276195461,NA
"3548",1988-09-23,13.155951645565,NA
"3549",1988-09-24,12.866009981655,NA
"3550",1988-09-25,13.056914853539,NA
"3551",1988-09-26,13.897427228136,NA
"3552",1988-09-27,13.97442058154,NA
"3553",1988-09-28,13.7264939906062,NA
"3554",1988-09-29,12.6805910671018,NA
"3555",1988-09-30,13.2270903423554,NA
"3556",1988-10-01,13.4267001339411,NA
"3557",1988-10-02,13.6747348977096,NA
"3558",1988-10-03,14.0254227431782,NA
"3559",1988-10-04,14.3998906286714,NA
"3560",1988-10-05,14.2527543129784,NA
"3561",1988-10-06,13.9374934306889,NA
"3562",1988-10-07,14.0560783441393,NA
"3563",1988-10-08,14.2290244108041,NA
"3564",1988-10-09,13.9683694693255,NA
"3565",1988-10-10,13.1233432328128,NA
"3566",1988-10-11,13.3325032897206,NA
"3567",1988-10-12,13.1689946182275,NA
"3568",1988-10-13,14.3592980436511,NA
"3569",1988-10-14,13.7688398096738,NA
"3570",1988-10-15,13.790996499412,NA
"3571",1988-10-16,13.84583369455,NA
"3572",1988-10-17,13.8029824977188,NA
"3573",1988-10-18,13.819170134389,NA
"3574",1988-10-19,14.6671622373436,NA
"3575",1988-10-20,15.0231876958676,NA
"3576",1988-10-21,15.1631528135756,NA
"3577",1988-10-22,15.1284529807825,NA
"3578",1988-10-23,15.2292419015031,NA
"3579",1988-10-24,15.0490164650852,NA
"3580",1988-10-25,15.1524404593794,NA
"3581",1988-10-26,15.1892042188751,NA
"3582",1988-10-27,14.0613274662465,NA
"3583",1988-10-28,14.6399648594462,NA
"3584",1988-10-29,14.9077432261076,NA
"3585",1988-10-30,15.2474495223575,NA
"3586",1988-10-31,16.0483848005721,NA
"3587",1988-11-01,16.9034932222742,NA
"3588",1988-11-02,17.5175235153358,NA
"3589",1988-11-03,17.9891701445084,NA
"3590",1988-11-04,17.4873833913108,NA
"3591",1988-11-05,17.2841870820949,NA
"3592",1988-11-06,17.5644983113645,NA
"3593",1988-11-07,18.2638953069532,NA
"3594",1988-11-08,17.5781872539998,NA
"3595",1988-11-09,16.5238650486438,NA
"3596",1988-11-10,16.3273625523593,NA
"3597",1988-11-11,17.0766077239633,NA
"3598",1988-11-12,18.7323430602025,NA
"3599",1988-11-13,19.6872048195656,NA
"3600",1988-11-14,18.5288804572067,NA
"3601",1988-11-15,17.7920910828273,NA
"3602",1988-11-16,17.6974006124752,NA
"3603",1988-11-17,17.4381904578042,NA
"3604",1988-11-18,17.1911378058689,NA
"3605",1988-11-19,16.7134211087104,NA
"3606",1988-11-20,15.3715866618492,NA
"3607",1988-11-21,15.8785540428577,NA
"3608",1988-11-22,16.3985484010146,NA
"3609",1988-11-23,16.8565551534114,NA
"3610",1988-11-24,17.2215583383349,NA
"3611",1988-11-25,17.0761666399677,NA
"3612",1988-11-26,15.8218947774911,NA
"3613",1988-11-27,15.3879771394382,NA
"3614",1988-11-28,15.3287410056957,NA
"3615",1988-11-29,15.2553201005944,NA
"3616",1988-11-30,15.1046274875157,NA
"3617",1988-12-01,15.3848751560669,NA
"3618",1988-12-02,16.1769967490116,NA
"3619",1988-12-03,17.3196731202659,NA
"3620",1988-12-04,18.2849398812275,NA
"3621",1988-12-05,18.4557289331247,NA
"3622",1988-12-06,18.5956687271119,NA
"3623",1988-12-07,18.9838769811491,NA
"3624",1988-12-08,19.177411628978,NA
"3625",1988-12-09,19.525706247908,NA
"3626",1988-12-10,19.1683759367799,NA
"3627",1988-12-11,18.4288373866355,NA
"3628",1988-12-12,18.5870401773778,NA
"3629",1988-12-13,19.3271093131816,NA
"3630",1988-12-14,20.0859300400284,NA
"3631",1988-12-15,20.8030920017022,NA
"3632",1988-12-16,21.2078470289358,NA
"3633",1988-12-17,21.7853629768364,NA
"3634",1988-12-18,22.3367641677397,NA
"3635",1988-12-19,22.4881154842051,NA
"3636",1988-12-20,22.2494713816398,NA
"3637",1988-12-21,21.7853086807638,NA
"3638",1988-12-22,21.4033057538362,NA
"3639",1988-12-23,21.1138922964468,NA
"3640",1988-12-24,21.2840217087108,NA
"3641",1988-12-25,21.0062952489856,NA
"3642",1988-12-26,20.4906313447766,NA
"3643",1988-12-27,20.3377201247829,NA
"3644",1988-12-28,20.2190857586485,NA
"3645",1988-12-29,20.0098004381817,NA
"3646",1988-12-30,19.5436400113949,NA
"3647",1988-12-31,18.5135495010091,NA
"3648",1989-01-01,18.9021226635202,NA
"3649",1989-01-02,20.0741266644533,NA
"3650",1989-01-03,20.3122704246884,NA
"3651",1989-01-04,20.1417024155568,NA
"3652",1989-01-05,19.6080278863923,NA
"3653",1989-01-06,19.1887922407041,NA
"3654",1989-01-07,19.4404121819633,NA
"3655",1989-01-08,19.4040391876828,NA
"3656",1989-01-09,18.5798026596505,NA
"3657",1989-01-10,18.2135524641705,NA
"3658",1989-01-11,18.1786831741458,NA
"3659",1989-01-12,18.4142826587866,NA
"3660",1989-01-13,18.9297650445837,NA
"3661",1989-01-14,19.4611806885738,NA
"3662",1989-01-15,19.9913250645718,NA
"3663",1989-01-16,20.5288642651797,NA
"3664",1989-01-17,20.8852698602726,NA
"3665",1989-01-18,21.0814862536622,NA
"3666",1989-01-19,21.2993784104293,NA
"3667",1989-01-20,21.0252183991037,NA
"3668",1989-01-21,20.2453583913794,NA
"3669",1989-01-22,19.0946600646694,NA
"3670",1989-01-23,18.9209727419792,NA
"3671",1989-01-24,19.4826731169943,NA
"3672",1989-01-25,20.2807718904338,NA
"3673",1989-01-26,20.9165729671629,NA
"3674",1989-01-27,21.742448307433,NA
"3675",1989-01-28,22.457988819468,NA
"3676",1989-01-29,22.7462518358826,NA
"3677",1989-01-30,22.6437410001582,NA
"3678",1989-01-31,22.3627896205297,NA
"3679",1989-02-01,22.1221929010851,NA
"3680",1989-02-02,21.7829044584983,NA
"3681",1989-02-03,21.04247891439,NA
"3682",1989-02-04,20.170280098438,NA
"3683",1989-02-05,19.931024589125,NA
"3684",1989-02-06,20.2924842699264,NA
"3685",1989-02-07,21.0041344817824,NA
"3686",1989-02-08,21.2489686350976,NA
"3687",1989-02-09,20.8924500387653,NA
"3688",1989-02-10,20.8683897850133,NA
"3689",1989-02-11,20.8676997785686,NA
"3690",1989-02-12,21.0807875420251,NA
"3691",1989-02-13,20.8076675136184,NA
"3692",1989-02-14,20.2839372733598,NA
"3693",1989-02-15,20.0245006873411,NA
"3694",1989-02-16,20.6045968779843,NA
"3695",1989-02-17,21.2728893476627,NA
"3696",1989-02-18,21.4544729436448,NA
"3697",1989-02-19,20.897735343923,NA
"3698",1989-02-20,20.6502454857944,NA
"3699",1989-02-21,20.3459367670003,NA
"3700",1989-02-22,20.0660029200857,NA
"3701",1989-02-23,20.0950968837244,NA
"3702",1989-02-24,19.9877614355511,NA
"3703",1989-02-25,19.5778996250903,NA
"3704",1989-02-26,19.8867443576192,NA
"3705",1989-02-27,20.7273186744626,NA
"3706",1989-02-28,21.6770938790056,NA
"3707",1989-03-01,22.3186485265229,NA
"3708",1989-03-02,22.6181182949965,NA
"3709",1989-03-03,22.7622141884153,NA
"3710",1989-03-04,23.0287967755367,NA
"3711",1989-03-05,23.1273587420416,NA
"3712",1989-03-06,23.1396279238643,NA
"3713",1989-03-07,23.1374908174502,NA
"3714",1989-03-08,23.1218439289855,NA
"3715",1989-03-09,23.0834444847768,NA
"3716",1989-03-10,22.870879944083,NA
"3717",1989-03-11,22.6513803284591,NA
"3718",1989-03-12,22.1462535894235,NA
"3719",1989-03-13,21.4013354866493,NA
"3720",1989-03-14,20.3182316592592,NA
"3721",1989-03-15,19.1818912654686,NA
"3722",1989-03-16,17.9782348225946,NA
"3723",1989-03-17,17.8929652413878,NA
"3724",1989-03-18,17.8118428230521,NA
"3725",1989-03-19,18.0718888957706,NA
"3726",1989-03-20,18.3386970759473,NA
"3727",1989-03-21,18.8430571178734,NA
"3728",1989-03-22,19.1150587095267,NA
"3729",1989-03-23,19.2592987600834,NA
"3730",1989-03-24,18.712997071518,NA
"3731",1989-03-25,17.8973885896218,NA
"3732",1989-03-26,17.361102499845,NA
"3733",1989-03-27,16.7517422152172,NA
"3734",1989-03-28,15.9074043498419,NA
"3735",1989-03-29,15.5494689951138,NA
"3736",1989-03-30,15.6802564328048,NA
"3737",1989-03-31,16.0276366602103,NA
"3738",1989-04-01,16.398308413176,NA
"3739",1989-04-02,16.5363252516083,NA
"3740",1989-04-03,17.0840805028511,NA
"3741",1989-04-04,18.2181545985808,NA
"3742",1989-04-05,18.0302194658227,NA
"3743",1989-04-06,17.6955667757965,NA
"3744",1989-04-07,17.4397203753709,NA
"3745",1989-04-08,17.3646176263602,NA
"3746",1989-04-09,17.4746454456509,NA
"3747",1989-04-10,17.0930156958671,NA
"3748",1989-04-11,16.1186080744017,NA
"3749",1989-04-12,16.2538086350242,NA
"3750",1989-04-13,15.9914201729928,NA
"3751",1989-04-14,15.8753723539953,NA
"3752",1989-04-15,15.9716419387194,NA
"3753",1989-04-16,15.4197449228395,NA
"3754",1989-04-17,15.2738340891021,NA
"3755",1989-04-18,14.9748212744077,NA
"3756",1989-04-19,14.8324884774385,NA
"3757",1989-04-20,15.0186602324966,NA
"3758",1989-04-21,15.0447721973072,NA
"3759",1989-04-22,14.6360397509054,NA
"3760",1989-04-23,14.9861105671077,NA
"3761",1989-04-24,15.3669017115478,NA
"3762",1989-04-25,15.8979880268446,NA
"3763",1989-04-26,16.4172097798831,NA
"3764",1989-04-27,16.6760821696283,NA
"3765",1989-04-28,16.9685271670111,NA
"3766",1989-04-29,17.1434771200733,NA
"3767",1989-04-30,17.1433561271033,NA
"3768",1989-05-01,16.5944458175714,NA
"3769",1989-05-02,16.0076239832713,NA
"3770",1989-05-03,15.6113093315885,NA
"3771",1989-05-04,14.9422895699677,NA
"3772",1989-05-05,14.4937178628257,NA
"3773",1989-05-06,14.1896764804823,NA
"3774",1989-05-07,13.8735151325382,NA
"3775",1989-05-08,14.2478574554462,NA
"3776",1989-05-09,14.4407442119563,NA
"3777",1989-05-10,14.4450469990479,NA
"3778",1989-05-11,14.6221601417173,NA
"3779",1989-05-12,14.6544817004005,NA
"3780",1989-05-13,14.6358779561876,NA
"3781",1989-05-14,14.3983716686846,NA
"3782",1989-05-15,13.815528700584,NA
"3783",1989-05-16,13.2551502321653,NA
"3784",1989-05-17,12.8023399687806,NA
"3785",1989-05-18,12.6517786181476,NA
"3786",1989-05-19,12.0394226889096,NA
"3787",1989-05-20,11.4521704416956,NA
"3788",1989-05-21,11.8653549304954,NA
"3789",1989-05-22,11.5786591978138,NA
"3790",1989-05-23,11.6096371107053,NA
"3791",1989-05-24,11.5304525535153,NA
"3792",1989-05-25,11.4830329044788,NA
"3793",1989-05-26,12.0729620196131,NA
"3794",1989-05-27,12.7674510902169,NA
"3795",1989-05-28,13.0494479153798,NA
"3796",1989-05-29,13.6548083858559,NA
"3797",1989-05-30,13.422875422513,NA
"3798",1989-05-31,12.5437834415028,NA
"3799",1989-06-01,11.8241169783538,NA
"3800",1989-06-02,10.7514412043312,NA
"3801",1989-06-03,9.93251947746065,NA
"3802",1989-06-04,8.88525003099151,NA
"3803",1989-06-05,8.01605262327208,NA
"3804",1989-06-06,8.30269970446592,NA
"3805",1989-06-07,9.14191450506312,NA
"3806",1989-06-08,9.50252657054826,NA
"3807",1989-06-09,9.69012564942836,NA
"3808",1989-06-10,9.89393641383845,NA
"3809",1989-06-11,9.79302957692192,NA
"3810",1989-06-12,10.0530771572745,NA
"3811",1989-06-13,9.84743066978003,NA
"3812",1989-06-14,9.78355561739188,NA
"3813",1989-06-15,10.0860706319659,NA
"3814",1989-06-16,11.1050827695482,NA
"3815",1989-06-17,11.4684916635025,NA
"3816",1989-06-18,11.4486721252444,NA
"3817",1989-06-19,11.2954187696117,NA
"3818",1989-06-20,10.8470059028773,NA
"3819",1989-06-21,10.3055945411784,NA
"3820",1989-06-22,9.59230909198372,NA
"3821",1989-06-23,8.34914999824153,NA
"3822",1989-06-24,7.54985203491123,NA
"3823",1989-06-25,7.56941116286507,NA
"3824",1989-06-26,7.58202347383375,NA
"3825",1989-06-27,7.41186675434704,NA
"3826",1989-06-28,7.39280364208792,NA
"3827",1989-06-29,7.77884241284214,NA
"3828",1989-06-30,8.3814390052066,NA
"3829",1989-07-01,9.04861130767038,NA
"3830",1989-07-02,9.33072454461949,NA
"3831",1989-07-03,9.28001236058778,NA
"3832",1989-07-04,9.27055446175807,NA
"3833",1989-07-05,9.52600679799884,NA
"3834",1989-07-06,9.22837819940851,NA
"3835",1989-07-07,9.3047784939353,NA
"3836",1989-07-08,9.18667494305776,NA
"3837",1989-07-09,8.85980848075056,NA
"3838",1989-07-10,8.80624262344959,NA
"3839",1989-07-11,9.02272936867123,NA
"3840",1989-07-12,8.8618607261217,NA
"3841",1989-07-13,8.78378512585855,NA
"3842",1989-07-14,8.41103114029337,NA
"3843",1989-07-15,7.89571968820979,NA
"3844",1989-07-16,7.38979368684575,NA
"3845",1989-07-17,7.14645258089237,NA
"3846",1989-07-18,7.08163803100087,NA
"3847",1989-07-19,6.94148032250971,NA
"3848",1989-07-20,6.99573324424173,NA
"3849",1989-07-21,7.08973162661832,NA
"3850",1989-07-22,7.15441058063762,NA
"3851",1989-07-23,7.36901558868482,NA
"3852",1989-07-24,7.65356216417129,NA
"3853",1989-07-25,8.02975160977551,NA
"3854",1989-07-26,8.61714553585879,NA
"3855",1989-07-27,9.12827754436469,NA
"3856",1989-07-28,9.63958949150229,NA
"3857",1989-07-29,10.0320267779767,NA
"3858",1989-07-30,10.6239271751014,NA
"3859",1989-07-31,10.4029903457607,NA
"3860",1989-08-01,10.4857863379942,NA
"3861",1989-08-02,10.5029760122976,NA
"3862",1989-08-03,10.4267256245074,NA
"3863",1989-08-04,9.8024211525155,NA
"3864",1989-08-05,9.40889484837017,NA
"3865",1989-08-06,9.185061836141,NA
"3866",1989-08-07,9.12341056774957,NA
"3867",1989-08-08,9.06896919305548,NA
"3868",1989-08-09,9.07873739006529,NA
"3869",1989-08-10,8.88209686503568,NA
"3870",1989-08-11,8.74600522964691,NA
"3871",1989-08-12,8.57470796938943,NA
"3872",1989-08-13,8.34435970945707,NA
"3873",1989-08-14,8.42224856792726,NA
"3874",1989-08-15,8.17752317705167,NA
"3875",1989-08-16,7.65221950059004,NA
"3876",1989-08-17,7.49109062272362,NA
"3877",1989-08-18,8.16877310167598,NA
"3878",1989-08-19,8.40976576553999,NA
"3879",1989-08-20,8.57697460476994,NA
"3880",1989-08-21,8.95536520893984,NA
"3881",1989-08-22,8.81270032104643,NA
"3882",1989-08-23,8.82465849986823,NA
"3883",1989-08-24,9.04122305482428,NA
"3884",1989-08-25,8.52191724935867,NA
"3885",1989-08-26,8.18317801737168,NA
"3886",1989-08-27,8.05144676976525,NA
"3887",1989-08-28,7.72900546562162,NA
"3888",1989-08-29,7.74758102270687,NA
"3889",1989-08-30,8.23404652678983,NA
"3890",1989-08-31,8.52412027250752,NA
"3891",1989-09-01,8.78767872659337,NA
"3892",1989-09-02,9.6316500900198,NA
"3893",1989-09-03,10.2573154858096,NA
"3894",1989-09-04,10.4704603205975,NA
"3895",1989-09-05,10.9648027281366,NA
"3896",1989-09-06,10.9592274483995,NA
"3897",1989-09-07,11.261259384097,NA
"3898",1989-09-08,12.2471787725824,NA
"3899",1989-09-09,12.0152133364542,NA
"3900",1989-09-10,11.4671109248446,NA
"3901",1989-09-11,11.5092869809581,NA
"3902",1989-09-12,11.4428136604664,NA
"3903",1989-09-13,11.0306354752832,NA
"3904",1989-09-14,10.5061323638206,NA
"3905",1989-09-15,9.53585084163995,NA
"3906",1989-09-16,9.96961137330746,NA
"3907",1989-09-17,10.5498180533662,NA
"3908",1989-09-18,11.0217881777659,NA
"3909",1989-09-19,11.0924279464972,NA
"3910",1989-09-20,11.7873613410734,NA
"3911",1989-09-21,12.6115739311882,NA
"3912",1989-09-22,12.6578080199973,NA
"3913",1989-09-23,12.5428547371122,NA
"3914",1989-09-24,13.0138475660229,NA
"3915",1989-09-25,12.266146893893,NA
"3916",1989-09-26,12.1375081527436,NA
"3917",1989-09-27,11.931418339095,NA
"3918",1989-09-28,11.9187004070068,NA
"3919",1989-09-29,12.914819514542,NA
"3920",1989-09-30,13.0599857645074,NA
"3921",1989-10-01,12.0645764404037,NA
"3922",1989-10-02,12.2486345858938,NA
"3923",1989-10-03,12.6229429986822,NA
"3924",1989-10-04,13.0744671800266,NA
"3925",1989-10-05,12.4942337137405,NA
"3926",1989-10-06,11.799196978745,NA
"3927",1989-10-07,11.5830153529732,NA
"3928",1989-10-08,11.8859788620624,NA
"3929",1989-10-09,12.1812921334123,NA
"3930",1989-10-10,12.1043361908129,NA
"3931",1989-10-11,11.9854672793098,NA
"3932",1989-10-12,12.2027428069774,NA
"3933",1989-10-13,12.2608343579886,NA
"3934",1989-10-14,12.6347318030558,NA
"3935",1989-10-15,12.8934882625817,NA
"3936",1989-10-16,12.9095307087564,NA
"3937",1989-10-17,13.6035085303569,NA
"3938",1989-10-18,13.9891512100469,NA
"3939",1989-10-19,14.1055220951614,NA
"3940",1989-10-20,13.9656397831249,NA
"3941",1989-10-21,13.6470369638731,NA
"3942",1989-10-22,13.8920834655475,NA
"3943",1989-10-23,14.3185805781861,NA
"3944",1989-10-24,14.3357054737024,NA
"3945",1989-10-25,14.5741073466737,NA
"3946",1989-10-26,14.3307955693425,NA
"3947",1989-10-27,14.3420078467235,NA
"3948",1989-10-28,14.5354597239121,NA
"3949",1989-10-29,15.222605311292,NA
"3950",1989-10-30,15.0796030228822,NA
"3951",1989-10-31,14.408889648017,NA
"3952",1989-11-01,13.7091056630078,NA
"3953",1989-11-02,13.8615156422164,NA
"3954",1989-11-03,14.5143915054895,NA
"3955",1989-11-04,15.5224087781757,NA
"3956",1989-11-05,15.1846036146747,NA
"3957",1989-11-06,15.2599243316681,NA
"3958",1989-11-07,15.6928014460041,NA
"3959",1989-11-08,15.578417037177,NA
"3960",1989-11-09,15.4261046162144,NA
"3961",1989-11-10,15.0069776835197,NA
"3962",1989-11-11,14.2357138533883,NA
"3963",1989-11-12,14.3343812430093,NA
"3964",1989-11-13,15.241173783921,NA
"3965",1989-11-14,16.2638544454307,NA
"3966",1989-11-15,17.2899711137424,NA
"3967",1989-11-16,18.3234712076349,NA
"3968",1989-11-17,18.3677814447932,NA
"3969",1989-11-18,18.3188308659089,NA
"3970",1989-11-19,18.0047374863144,NA
"3971",1989-11-20,17.7643394541765,NA
"3972",1989-11-21,17.9008740918976,NA
"3973",1989-11-22,18.6682804754214,NA
"3974",1989-11-23,18.7865922137742,NA
"3975",1989-11-24,19.2220462469982,NA
"3976",1989-11-25,19.8375375103336,NA
"3977",1989-11-26,20.7275121958012,NA
"3978",1989-11-27,21.3284852462468,NA
"3979",1989-11-28,21.5653398065947,NA
"3980",1989-11-29,21.3199487779551,NA
"3981",1989-11-30,21.3373537438281,NA
"3982",1989-12-01,21.623913330243,NA
"3983",1989-12-02,21.2843285525718,NA
"3984",1989-12-03,20.5261610002284,NA
"3985",1989-12-04,19.594142416276,NA
"3986",1989-12-05,18.582955099563,NA
"3987",1989-12-06,18.3150014863677,NA
"3988",1989-12-07,18.5748843021464,NA
"3989",1989-12-08,19.0575779747636,NA
"3990",1989-12-09,20.1580582363514,NA
"3991",1989-12-10,20.9258743571355,NA
"3992",1989-12-11,21.2758151412012,NA
"3993",1989-12-12,21.3502408127479,NA
"3994",1989-12-13,20.9447246350795,NA
"3995",1989-12-14,20.1076880080114,NA
"3996",1989-12-15,19.075217094581,NA
"3997",1989-12-16,18.325383304021,NA
"3998",1989-12-17,18.4853344319263,NA
"3999",1989-12-18,18.9475789926781,NA
"4000",1989-12-19,19.0000610654865,NA
"4001",1989-12-20,18.9361108161466,NA
"4002",1989-12-21,19.2695931814661,NA
"4003",1989-12-22,19.7941587151016,NA
"4004",1989-12-23,20.2281927665334,NA
"4005",1989-12-24,20.5223304871289,NA
"4006",1989-12-25,20.4164348929148,NA
"4007",1989-12-26,20.2600169404024,NA
"4008",1989-12-27,20.3027596751456,NA
"4009",1989-12-28,20.3940518371125,NA
"4010",1989-12-29,20.6347518524672,NA
"4011",1989-12-30,20.5421969291734,NA
"4012",1989-12-31,20.2920913078674,NA
"4013",1990-01-01,20.2669615849333,NA
"4014",1990-01-02,21.3570467310978,NA
"4015",1990-01-03,21.7154991720777,NA
"4016",1990-01-04,21.7564948524066,NA
"4017",1990-01-05,21.5772052477776,NA
"4018",1990-01-06,21.4277696805102,NA
"4019",1990-01-07,21.0796710890857,NA
"4020",1990-01-08,21.1181904537033,NA
"4021",1990-01-09,20.5455085991155,NA
"4022",1990-01-10,20.8594559299249,NA
"4023",1990-01-11,21.4244779178688,NA
"4024",1990-01-12,21.5399811701148,NA
"4025",1990-01-13,21.353207284985,NA
"4026",1990-01-14,21.1936608059756,NA
"4027",1990-01-15,20.615577982772,NA
"4028",1990-01-16,19.9636409683373,NA
"4029",1990-01-17,19.7727924949323,NA
"4030",1990-01-18,19.1233410794105,NA
"4031",1990-01-19,18.8341490905105,NA
"4032",1990-01-20,18.7949803635157,NA
"4033",1990-01-21,18.9144541801512,NA
"4034",1990-01-22,19.7550555397843,NA
"4035",1990-01-23,21.0751563370374,NA
"4036",1990-01-24,21.1390876451577,NA
"4037",1990-01-25,21.4147207630096,NA
"4038",1990-01-26,21.75102446744,NA
"4039",1990-01-27,21.902629596065,NA
"4040",1990-01-28,21.7576946844989,NA
"4041",1990-01-29,21.6474197546798,NA
"4042",1990-01-30,21.1716880896271,NA
"4043",1990-01-31,20.4198155696467,NA
"4044",1990-02-01,19.5438288500761,NA
"4045",1990-02-02,18.5201038734233,NA
"4046",1990-02-03,17.9533598888625,NA
"4047",1990-02-04,17.8436326626237,NA
"4048",1990-02-05,17.1719556557901,NA
"4049",1990-02-06,16.2654243636459,NA
"4050",1990-02-07,16.8964866356626,NA
"4051",1990-02-08,17.6738655396944,NA
"4052",1990-02-09,18.1454483939041,NA
"4053",1990-02-10,18.301107847654,NA
"4054",1990-02-11,18.5810183649102,NA
"4055",1990-02-12,18.9882027223778,NA
"4056",1990-02-13,19.5427013820445,NA
"4057",1990-02-14,20.1862233514031,NA
"4058",1990-02-15,20.8434430724577,NA
"4059",1990-02-16,21.2510142336901,NA
"4060",1990-02-17,21.3040984751962,NA
"4061",1990-02-18,21.28667641788,NA
"4062",1990-02-19,21.292868897934,NA
"4063",1990-02-20,21.4529821994409,NA
"4064",1990-02-21,21.5958222378343,NA
"4065",1990-02-22,21.1798613071846,NA
"4066",1990-02-23,20.839361228628,NA
"4067",1990-02-24,21.0580486872016,NA
"4068",1990-02-25,21.3346862046336,NA
"4069",1990-02-26,21.6220928087242,NA
"4070",1990-02-27,21.3230636590514,NA
"4071",1990-02-28,20.8013781564406,NA
"4072",1990-03-01,20.7369216257747,NA
"4073",1990-03-02,21.1062518142393,NA
"4074",1990-03-03,21.4845763743494,NA
"4075",1990-03-04,21.8050876381194,NA
"4076",1990-03-05,21.6966128896858,NA
"4077",1990-03-06,21.3131508082244,NA
"4078",1990-03-07,21.0111143101835,NA
"4079",1990-03-08,21.0396463410775,NA
"4080",1990-03-09,20.611011845613,NA
"4081",1990-03-10,19.8707696232952,NA
"4082",1990-03-11,18.5379832171881,NA
"4083",1990-03-12,17.5257280792394,NA
"4084",1990-03-13,17.8556656309763,NA
"4085",1990-03-14,18.0319246684023,NA
"4086",1990-03-15,17.0101773324554,NA
"4087",1990-03-16,16.6183572029909,NA
"4088",1990-03-17,16.7864025346855,NA
"4089",1990-03-18,16.8970962354429,NA
"4090",1990-03-19,17.1814173847643,NA
"4091",1990-03-20,17.2339676045549,NA
"4092",1990-03-21,17.5757556878203,NA
"4093",1990-03-22,18.757271108751,NA
"4094",1990-03-23,19.5907516094458,NA
"4095",1990-03-24,20.1050645552734,NA
"4096",1990-03-25,20.9843474874959,NA
"4097",1990-03-26,21.7387059644839,NA
"4098",1990-03-27,21.8090162969512,NA
"4099",1990-03-28,21.3452349250411,NA
"4100",1990-03-29,20.6838554027776,NA
"4101",1990-03-30,19.9285507734251,NA
"4102",1990-03-31,19.0678187158241,NA
"4103",1990-04-01,18.1432349876332,NA
"4104",1990-04-02,16.594454438096,NA
"4105",1990-04-03,16.3722122853107,NA
"4106",1990-04-04,17.075286050468,NA
"4107",1990-04-05,17.6794248129271,NA
"4108",1990-04-06,17.7860853494438,NA
"4109",1990-04-07,17.7124097321793,NA
"4110",1990-04-08,17.5655531417623,NA
"4111",1990-04-09,17.8337425856481,NA
"4112",1990-04-10,18.1151611827538,NA
"4113",1990-04-11,17.8559268700754,NA
"4114",1990-04-12,17.8597514215423,NA
"4115",1990-04-13,17.9919764282554,NA
"4116",1990-04-14,17.7537355231768,NA
"4117",1990-04-15,17.3149393832503,NA
"4118",1990-04-16,16.9226326579356,NA
"4119",1990-04-17,16.1309919803444,NA
"4120",1990-04-18,15.7115575165615,NA
"4121",1990-04-19,15.3083787288351,NA
"4122",1990-04-20,15.2070884979455,NA
"4123",1990-04-21,15.4472312332522,NA
"4124",1990-04-22,15.6180405517604,NA
"4125",1990-04-23,16.0361964791583,NA
"4126",1990-04-24,16.2867123711648,NA
"4127",1990-04-25,16.0870393267068,NA
"4128",1990-04-26,15.241750502221,NA
"4129",1990-04-27,14.4628659327878,NA
"4130",1990-04-28,14.5090735479702,NA
"4131",1990-04-29,14.4612617469817,NA
"4132",1990-04-30,14.2042290038688,NA
"4133",1990-05-01,14.4919295275992,NA
"4134",1990-05-02,14.7207560888056,NA
"4135",1990-05-03,15.4333220022976,NA
"4136",1990-05-04,16.6848666118048,NA
"4137",1990-05-05,16.6922888835823,NA
"4138",1990-05-06,16.547392009558,NA
"4139",1990-05-07,16.0336263661215,NA
"4140",1990-05-08,15.4503219042589,NA
"4141",1990-05-09,15.8076165247812,NA
"4142",1990-05-10,15.3179603951483,NA
"4143",1990-05-11,14.5605416715439,NA
"4144",1990-05-12,14.1582608920318,NA
"4145",1990-05-13,13.7939451749139,NA
"4146",1990-05-14,13.7599717100026,NA
"4147",1990-05-15,13.6502360265856,NA
"4148",1990-05-16,13.2703975235556,NA
"4149",1990-05-17,13.0555760160149,NA
"4150",1990-05-18,12.2354387148084,NA
"4151",1990-05-19,11.8813337410771,NA
"4152",1990-05-20,11.6520175756887,NA
"4153",1990-05-21,11.1884204548047,NA
"4154",1990-05-22,10.8649750188016,NA
"4155",1990-05-23,10.3741592759207,NA
"4156",1990-05-24,10.3233559850014,NA
"4157",1990-05-25,10.5171939055847,NA
"4158",1990-05-26,10.5766302462366,NA
"4159",1990-05-27,10.7613141877059,NA
"4160",1990-05-28,10.7423278871271,NA
"4161",1990-05-29,10.8347804240454,NA
"4162",1990-05-30,10.9222053602819,NA
"4163",1990-05-31,10.874585469584,NA
"4164",1990-06-01,10.6343678978864,NA
"4165",1990-06-02,10.492950262387,NA
"4166",1990-06-03,10.5642337719822,NA
"4167",1990-06-04,10.8208790615731,NA
"4168",1990-06-05,10.4873048912884,NA
"4169",1990-06-06,10.0265689733608,NA
"4170",1990-06-07,9.97228972691954,NA
"4171",1990-06-08,10.5031484572629,NA
"4172",1990-06-09,10.961868661791,NA
"4173",1990-06-10,10.8439780455307,NA
"4174",1990-06-11,11.2031266128807,NA
"4175",1990-06-12,11.357173352909,NA
"4176",1990-06-13,11.1946631579962,NA
"4177",1990-06-14,10.8630119688869,NA
"4178",1990-06-15,10.3874191051039,NA
"4179",1990-06-16,9.93867807456554,NA
"4180",1990-06-17,9.64209661093233,NA
"4181",1990-06-18,8.98045673881482,NA
"4182",1990-06-19,8.67095062877347,NA
"4183",1990-06-20,8.73057207500725,NA
"4184",1990-06-21,9.09931985900801,NA
"4185",1990-06-22,9.27800300991303,NA
"4186",1990-06-23,9.19965281295526,NA
"4187",1990-06-24,9.35257595976884,NA
"4188",1990-06-25,9.43994007607466,NA
"4189",1990-06-26,9.34820387856621,NA
"4190",1990-06-27,8.77252872276709,NA
"4191",1990-06-28,8.64060275514211,NA
"4192",1990-06-29,8.63741037798209,NA
"4193",1990-06-30,8.64822353987166,NA
"4194",1990-07-01,8.5205766663391,NA
"4195",1990-07-02,8.48100530449713,NA
"4196",1990-07-03,8.76589108278209,NA
"4197",1990-07-04,9.61356767953941,NA
"4198",1990-07-05,8.98797640187482,NA
"4199",1990-07-06,8.8359768095354,NA
"4200",1990-07-07,9.09478789044656,NA
"4201",1990-07-08,9.6719918699783,NA
"4202",1990-07-09,10.0898799119809,NA
"4203",1990-07-10,10.1227709780693,NA
"4204",1990-07-11,10.0405744319005,NA
"4205",1990-07-12,10.7006721149682,NA
"4206",1990-07-13,10.8644824312481,NA
"4207",1990-07-14,10.5286634414005,NA
"4208",1990-07-15,10.7461431680038,NA
"4209",1990-07-16,11.0957187794144,NA
"4210",1990-07-17,11.6550887185431,NA
"4211",1990-07-18,11.6602864504063,NA
"4212",1990-07-19,11.7314554135268,NA
"4213",1990-07-20,11.6514314111433,NA
"4214",1990-07-21,12.0056312976439,NA
"4215",1990-07-22,11.7293604103745,NA
"4216",1990-07-23,11.7010973812921,NA
"4217",1990-07-24,11.2368902307655,NA
"4218",1990-07-25,10.8839619544627,NA
"4219",1990-07-26,10.2520954879315,NA
"4220",1990-07-27,9.81355965741392,NA
"4221",1990-07-28,9.29698322468503,NA
"4222",1990-07-29,8.87007493188332,NA
"4223",1990-07-30,8.16677023755171,NA
"4224",1990-07-31,8.02331710952464,NA
"4225",1990-08-01,8.27446573748571,NA
"4226",1990-08-02,8.45098119107177,NA
"4227",1990-08-03,8.72743651726647,NA
"4228",1990-08-04,9.24854283134749,NA
"4229",1990-08-05,9.53470572034187,NA
"4230",1990-08-06,9.86351987223415,NA
"4231",1990-08-07,9.86575482973153,NA
"4232",1990-08-08,9.74389132480727,NA
"4233",1990-08-09,9.79489109634588,NA
"4234",1990-08-10,9.39043990475946,NA
"4235",1990-08-11,9.08892791042662,NA
"4236",1990-08-12,8.98544612837525,NA
"4237",1990-08-13,9.03359548629091,NA
"4238",1990-08-14,9.09409006184306,NA
"4239",1990-08-15,9.15915077969034,NA
"4240",1990-08-16,9.25034292730113,NA
"4241",1990-08-17,9.328929531459,NA
"4242",1990-08-18,9.30933071592779,NA
"4243",1990-08-19,9.72753472732762,NA
"4244",1990-08-20,9.76477540718874,NA
"4245",1990-08-21,9.44495220666678,NA
"4246",1990-08-22,9.1879105163163,NA
"4247",1990-08-23,9.37722916790437,NA
"4248",1990-08-24,9.64228900914946,NA
"4249",1990-08-25,9.41769888754988,NA
"4250",1990-08-26,8.70727269266432,NA
"4251",1990-08-27,8.61787373008259,NA
"4252",1990-08-28,9.16282010396146,NA
"4253",1990-08-29,9.50388449063172,NA
"4254",1990-08-30,9.47252424285822,NA
"4255",1990-08-31,9.35710072620019,NA
"4256",1990-09-01,9.89026761831557,NA
"4257",1990-09-02,10.4844373441448,NA
"4258",1990-09-03,10.5997912389596,NA
"4259",1990-09-04,10.6504598475578,NA
"4260",1990-09-05,10.8310438272232,NA
"4261",1990-09-06,10.9093833562221,NA
"4262",1990-09-07,11.1465840293403,NA
"4263",1990-09-08,11.2184483749182,NA
"4264",1990-09-09,11.7828774529288,NA
"4265",1990-09-10,12.7076686814356,NA
"4266",1990-09-11,13.222969955052,NA
"4267",1990-09-12,13.0537305594392,NA
"4268",1990-09-13,12.8015272960371,NA
"4269",1990-09-14,12.8803563884187,NA
"4270",1990-09-15,12.7300972283774,NA
"4271",1990-09-16,12.0141074870595,NA
"4272",1990-09-17,11.3216037529879,NA
"4273",1990-09-18,11.3842077152732,NA
"4274",1990-09-19,12.4998404289687,NA
"4275",1990-09-20,13.2205098072184,NA
"4276",1990-09-21,13.0369345580956,NA
"4277",1990-09-22,12.9192470646831,NA
"4278",1990-09-23,13.7175617466795,NA
"4279",1990-09-24,14.7377790921567,NA
"4280",1990-09-25,14.2466523921794,NA
"4281",1990-09-26,13.0026060237315,NA
"4282",1990-09-27,12.814967661879,NA
"4283",1990-09-28,13.1146938503966,NA
"4284",1990-09-29,13.4582193388122,NA
"4285",1990-09-30,13.2356144525966,NA
"4286",1990-10-01,12.3487058950751,NA
"4287",1990-10-02,12.2253206339584,NA
"4288",1990-10-03,12.803615254059,NA
"4289",1990-10-04,13.532482333949,NA
"4290",1990-10-05,13.4530697800352,NA
"4291",1990-10-06,13.0283800028044,NA
"4292",1990-10-07,12.6006146422158,NA
"4293",1990-10-08,12.2147246143733,NA
"4294",1990-10-09,12.3264400178707,NA
"4295",1990-10-10,12.6707953956491,NA
"4296",1990-10-11,11.7963181750238,NA
"4297",1990-10-12,11.4625703527001,NA
"4298",1990-10-13,12.1370826554776,NA
"4299",1990-10-14,12.9235605855481,NA
"4300",1990-10-15,13.5467536519489,NA
"4301",1990-10-16,13.7495788912352,NA
"4302",1990-10-17,13.8041559988816,NA
"4303",1990-10-18,14.1855945018596,NA
"4304",1990-10-19,14.1528423019176,NA
"4305",1990-10-20,13.9365946936487,NA
"4306",1990-10-21,13.0939852561684,NA
"4307",1990-10-22,12.6799825522274,NA
"4308",1990-10-23,12.7793744853241,NA
"4309",1990-10-24,12.9796029656313,NA
"4310",1990-10-25,13.8417767507272,NA
"4311",1990-10-26,15.5124914265997,NA
"4312",1990-10-27,16.8561036395319,NA
"4313",1990-10-28,18.5467783624183,NA
"4314",1990-10-29,19.5645672681314,NA
"4315",1990-10-30,20.1008949835403,NA
"4316",1990-10-31,20.0150290915801,NA
"4317",1990-11-01,19.52820801911,NA
"4318",1990-11-02,19.1515146153848,NA
"4319",1990-11-03,18.6245856250003,NA
"4320",1990-11-04,18.3451092326925,NA
"4321",1990-11-05,18.9755362320078,NA
"4322",1990-11-06,19.609253487219,NA
"4323",1990-11-07,20.1321646906184,NA
"4324",1990-11-08,20.4005883810461,NA
"4325",1990-11-09,20.1714813113833,NA
"4326",1990-11-10,19.5147993596405,NA
"4327",1990-11-11,18.57350004371,NA
"4328",1990-11-12,17.5868584553654,NA
"4329",1990-11-13,16.983364387935,NA
"4330",1990-11-14,16.3205501883611,NA
"4331",1990-11-15,15.9208966421874,NA
"4332",1990-11-16,15.697568379967,NA
"4333",1990-11-17,15.8887931954168,NA
"4334",1990-11-18,15.9976049350389,NA
"4335",1990-11-19,15.6978772024821,NA
"4336",1990-11-20,16.2056516551262,NA
"4337",1990-11-21,16.2558050357918,NA
"4338",1990-11-22,16.1777029192625,NA
"4339",1990-11-23,16.3680013828836,NA
"4340",1990-11-24,16.6794935398738,NA
"4341",1990-11-25,17.1004284369047,NA
"4342",1990-11-26,17.1637899905337,NA
"4343",1990-11-27,16.9451184761686,NA
"4344",1990-11-28,17.7194403910204,NA
"4345",1990-11-29,18.3579002891785,NA
"4346",1990-11-30,19.14038667614,NA
"4347",1990-12-01,20.1209690789329,NA
"4348",1990-12-02,20.7414547264411,NA
"4349",1990-12-03,21.3267372348691,NA
"4350",1990-12-04,21.7688952927845,NA
"4351",1990-12-05,21.9924114864166,NA
"4352",1990-12-06,22.2878249714015,NA
"4353",1990-12-07,22.1714954897506,NA
"4354",1990-12-08,21.6862444445949,NA
"4355",1990-12-09,20.8652699111865,NA
"4356",1990-12-10,19.7908681327709,NA
"4357",1990-12-11,18.2790448926959,NA
"4358",1990-12-12,16.924275521526,NA
"4359",1990-12-13,15.774253349942,NA
"4360",1990-12-14,15.2066036559549,NA
"4361",1990-12-15,15.3283697470305,NA
"4362",1990-12-16,16.7340791090132,NA
"4363",1990-12-17,18.2961236893096,NA
"4364",1990-12-18,18.9861222886396,NA
"4365",1990-12-19,19.6034050782166,NA
"4366",1990-12-20,19.9121842769615,NA
"4367",1990-12-21,20.6085423086459,NA
"4368",1990-12-22,20.7253800015523,NA
"4369",1990-12-23,19.8364657315839,NA
"4370",1990-12-24,18.9064608125109,NA
"4371",1990-12-25,18.7024442295046,NA
"4372",1990-12-26,18.8773735675795,NA
"4373",1990-12-27,19.0525769515024,NA
"4374",1990-12-28,18.7204781302941,NA
"4375",1990-12-29,18.8334702977796,NA
"4376",1990-12-30,20.0910452475204,NA
"4377",1990-12-31,21.0017968548051,NA
"4378",1991-01-01,21.7856863019634,NA
"4379",1991-01-02,22.4396005909886,NA
"4380",1991-01-03,22.7211956208832,NA
"4381",1991-01-04,22.6467267035407,NA
"4382",1991-01-05,22.4161177984179,NA
"4383",1991-01-06,21.9157135873344,NA
"4384",1991-01-07,21.2279118493186,NA
"4385",1991-01-08,20.3333178248497,NA
"4386",1991-01-09,19.2892607973675,NA
"4387",1991-01-10,19.4854171561521,NA
"4388",1991-01-11,20.1563166613815,NA
"4389",1991-01-12,20.8037245647459,NA
"4390",1991-01-13,21.4467833084937,NA
"4391",1991-01-14,22.0202384253905,NA
"4392",1991-01-15,22.047852970722,NA
"4393",1991-01-16,21.818865210378,NA
"4394",1991-01-17,21.1200901042893,NA
"4395",1991-01-18,20.8157221562017,NA
"4396",1991-01-19,20.8248546349383,NA
"4397",1991-01-20,20.5177476136773,NA
"4398",1991-01-21,20.341291231903,NA
"4399",1991-01-22,20.7039294725498,NA
"4400",1991-01-23,20.7961534311089,NA
"4401",1991-01-24,21.0052948192954,NA
"4402",1991-01-25,20.8751265954918,NA
"4403",1991-01-26,20.5288997213806,NA
"4404",1991-01-27,20.1240559841907,NA
"4405",1991-01-28,19.4529407583644,NA
"4406",1991-01-29,18.8050140864071,NA
"4407",1991-01-30,18.7607679599431,NA
"4408",1991-01-31,18.3647661294981,NA
"4409",1991-02-01,18.4797664267709,NA
"4410",1991-02-02,19.2099876969442,NA
"4411",1991-02-03,20.0128859995963,NA
"4412",1991-02-04,20.8491040473499,NA
"4413",1991-02-05,20.9302183139893,NA
"4414",1991-02-06,20.8758861861593,NA
"4415",1991-02-07,21.0039838063596,NA
"4416",1991-02-08,21.0707133631121,NA
"4417",1991-02-09,20.447877974795,NA
"4418",1991-02-10,19.6536545093538,NA
"4419",1991-02-11,18.8668687864256,NA
"4420",1991-02-12,19.1686613636398,NA
"4421",1991-02-13,19.6873703123379,NA
"4422",1991-02-14,19.4471042189105,NA
"4423",1991-02-15,18.8765872254676,NA
"4424",1991-02-16,18.641248815505,NA
"4425",1991-02-17,18.810106750015,NA
"4426",1991-02-18,19.2508552804125,NA
"4427",1991-02-19,18.7375749053468,NA
"4428",1991-02-20,17.9954473551641,NA
"4429",1991-02-21,18.4448048397508,NA
"4430",1991-02-22,18.7919460761909,NA
"4431",1991-02-23,19.2646748582849,NA
"4432",1991-02-24,19.8088715618868,NA
"4433",1991-02-25,20.2036102611378,NA
"4434",1991-02-26,20.4253776911948,NA
"4435",1991-02-27,20.491691402106,NA
"4436",1991-02-28,20.2053639638127,NA
"4437",1991-03-01,19.8139873970351,NA
"4438",1991-03-02,19.5244409833632,NA
"4439",1991-03-03,19.220256949812,NA
"4440",1991-03-04,18.7286910603588,NA
"4441",1991-03-05,18.8254585420239,NA
"4442",1991-03-06,19.8011329696221,NA
"4443",1991-03-07,20.558396138132,NA
"4444",1991-03-08,21.4315957491097,NA
"4445",1991-03-09,21.2468266850742,NA
"4446",1991-03-10,20.8315132205635,NA
"4447",1991-03-11,20.0003033064226,NA
"4448",1991-03-12,19.4378649632765,NA
"4449",1991-03-13,18.0400267807813,NA
"4450",1991-03-14,17.0107136012319,NA
"4451",1991-03-15,16.1723646555966,NA
"4452",1991-03-16,16.6139005657963,NA
"4453",1991-03-17,17.6505156859414,NA
"4454",1991-03-18,18.5239482171303,NA
"4455",1991-03-19,18.6788372362608,NA
"4456",1991-03-20,18.5392823336095,NA
"4457",1991-03-21,17.7757147210666,NA
"4458",1991-03-22,17.0655508169341,NA
"4459",1991-03-23,16.6229231869297,NA
"4460",1991-03-24,15.5165149760803,NA
"4461",1991-03-25,15.7393271782235,NA
"4462",1991-03-26,15.641947836738,NA
"4463",1991-03-27,15.8630305185817,NA
"4464",1991-03-28,16.9088194288906,NA
"4465",1991-03-29,17.9802503983834,NA
"4466",1991-03-30,18.2312637937415,NA
"4467",1991-03-31,18.2064070420407,NA
"4468",1991-04-01,16.8512392055527,NA
"4469",1991-04-02,16.5165954738976,NA
"4470",1991-04-03,16.4985696138918,NA
"4471",1991-04-04,15.8242646139007,NA
"4472",1991-04-05,15.1026142894984,NA
"4473",1991-04-06,15.1854294720326,NA
"4474",1991-04-07,14.9860621897085,NA
"4475",1991-04-08,15.9689243623502,NA
"4476",1991-04-09,16.9556910666339,NA
"4477",1991-04-10,17.4784133455588,NA
"4478",1991-04-11,18.3353147372829,NA
"4479",1991-04-12,18.6231764105212,NA
"4480",1991-04-13,18.4237097993145,NA
"4481",1991-04-14,18.3907207807374,NA
"4482",1991-04-15,17.8051159391093,NA
"4483",1991-04-16,17.0902910217886,NA
"4484",1991-04-17,16.4345857393732,NA
"4485",1991-04-18,15.3080163179588,NA
"4486",1991-04-19,14.8126594617873,NA
"4487",1991-04-20,15.5293284247976,NA
"4488",1991-04-21,15.0454615466144,NA
"4489",1991-04-22,14.7609151778244,NA
"4490",1991-04-23,14.4928331084395,NA
"4491",1991-04-24,13.8898969084628,NA
"4492",1991-04-25,13.3499072213402,NA
"4493",1991-04-26,13.0553083942498,NA
"4494",1991-04-27,11.8812662002778,NA
"4495",1991-04-28,11.9922238990788,NA
"4496",1991-04-29,12.0012869459336,NA
"4497",1991-04-30,12.0430063550759,NA
"4498",1991-05-01,12.6146593570141,NA
"4499",1991-05-02,12.608504219208,NA
"4500",1991-05-03,12.1795800748007,NA
"4501",1991-05-04,11.9486473623141,NA
"4502",1991-05-05,12.2907305906227,NA
"4503",1991-05-06,12.6361642449733,NA
"4504",1991-05-07,12.7519687728817,NA
"4505",1991-05-08,12.0608711108468,NA
"4506",1991-05-09,12.1141301335823,NA
"4507",1991-05-10,12.1134137815717,NA
"4508",1991-05-11,12.1012110144381,NA
"4509",1991-05-12,11.605611858478,NA
"4510",1991-05-13,11.0178877459916,NA
"4511",1991-05-14,10.5227728124604,NA
"4512",1991-05-15,10.5707035775115,NA
"4513",1991-05-16,10.7831203379809,NA
"4514",1991-05-17,10.8465626961813,NA
"4515",1991-05-18,10.7912344527414,NA
"4516",1991-05-19,11.1666932788517,NA
"4517",1991-05-20,11.6164767700008,NA
"4518",1991-05-21,11.7756014091735,NA
"4519",1991-05-22,12.1313491522818,NA
"4520",1991-05-23,12.4357979937694,NA
"4521",1991-05-24,12.644821247013,NA
"4522",1991-05-25,13.1930861422914,NA
"4523",1991-05-26,13.1324911221565,NA
"4524",1991-05-27,12.9419740018915,NA
"4525",1991-05-28,12.7872684236875,NA
"4526",1991-05-29,12.471819061613,NA
"4527",1991-05-30,12.3825251676556,NA
"4528",1991-05-31,12.7195686962846,NA
"4529",1991-06-01,12.842394980734,NA
"4530",1991-06-02,12.8403338623808,NA
"4531",1991-06-03,12.8168894703522,NA
"4532",1991-06-04,12.9378210467818,NA
"4533",1991-06-05,13.3334803054752,NA
"4534",1991-06-06,13.2769719442613,NA
"4535",1991-06-07,12.6656483047568,NA
"4536",1991-06-08,12.1801549475566,NA
"4537",1991-06-09,12.2664233622278,NA
"4538",1991-06-10,12.3903355350932,NA
"4539",1991-06-11,12.4382554796241,NA
"4540",1991-06-12,12.21249665143,NA
"4541",1991-06-13,11.8103622826134,NA
"4542",1991-06-14,11.9513139115567,NA
"4543",1991-06-15,12.0158467405536,NA
"4544",1991-06-16,11.8954251909541,NA
"4545",1991-06-17,11.5619401106,NA
"4546",1991-06-18,11.0743559976448,NA
"4547",1991-06-19,11.1019459392869,NA
"4548",1991-06-20,11.5983438729483,NA
"4549",1991-06-21,11.4650821224076,NA
"4550",1991-06-22,11.4673153165306,NA
"4551",1991-06-23,11.6262091124164,NA
"4552",1991-06-24,12.1742527897034,NA
"4553",1991-06-25,13.1181867258226,NA
"4554",1991-06-26,12.5959600736014,NA
"4555",1991-06-27,12.532415287783,NA
"4556",1991-06-28,12.7916696072508,NA
"4557",1991-06-29,12.680802583534,NA
"4558",1991-06-30,12.3776329741387,NA
"4559",1991-07-01,11.923635925617,NA
"4560",1991-07-02,11.261917440972,NA
"4561",1991-07-03,11.902383198313,NA
"4562",1991-07-04,11.8547741169103,NA
"4563",1991-07-05,11.2801127872775,NA
"4564",1991-07-06,10.9688621540054,NA
"4565",1991-07-07,10.8770571395292,NA
"4566",1991-07-08,10.5225872859565,NA
"4567",1991-07-09,10.0790302936406,NA
"4568",1991-07-10,9.26213638715411,NA
"4569",1991-07-11,8.82481072060016,NA
"4570",1991-07-12,8.6142238714823,NA
"4571",1991-07-13,8.49758748541516,NA
"4572",1991-07-14,8.44076451434062,NA
"4573",1991-07-15,8.54268783851863,NA
"4574",1991-07-16,8.84267405589283,NA
"4575",1991-07-17,9.05599221165893,NA
"4576",1991-07-18,9.17788082479401,NA
"4577",1991-07-19,9.85223066547536,NA
"4578",1991-07-20,9.77552374779908,NA
"4579",1991-07-21,9.54244796248856,NA
"4580",1991-07-22,9.10471479272065,NA
"4581",1991-07-23,8.7425847930282,NA
"4582",1991-07-24,8.56550253150071,NA
"4583",1991-07-25,7.9687927981364,NA
"4584",1991-07-26,7.5756723393819,NA
"4585",1991-07-27,7.7768570725619,NA
"4586",1991-07-28,8.02683970711566,NA
"4587",1991-07-29,8.39595928713548,NA
"4588",1991-07-30,8.93911277842171,NA
"4589",1991-07-31,9.20770531638698,NA
"4590",1991-08-01,9.32703842239419,NA
"4591",1991-08-02,9.68613943620955,NA
"4592",1991-08-03,9.81062535322933,NA
"4593",1991-08-04,10.1471295067691,NA
"4594",1991-08-05,10.4706042879583,NA
"4595",1991-08-06,10.4980218570809,NA
"4596",1991-08-07,10.3829172400874,NA
"4597",1991-08-08,10.5983649738001,NA
"4598",1991-08-09,10.3678006317323,NA
"4599",1991-08-10,10.2243552186611,NA
"4600",1991-08-11,9.75125381931925,NA
"4601",1991-08-12,9.94208893295686,NA
"4602",1991-08-13,9.70672563638375,NA
"4603",1991-08-14,10.0256567786583,NA
"4604",1991-08-15,9.89410975430479,NA
"4605",1991-08-16,9.33053057620737,NA
"4606",1991-08-17,9.06593233879764,NA
"4607",1991-08-18,8.9403096382117,NA
"4608",1991-08-19,8.98157909611915,NA
"4609",1991-08-20,8.97580311326324,NA
"4610",1991-08-21,8.75436120420586,NA
"4611",1991-08-22,9.35796482273884,NA
"4612",1991-08-23,9.35562334970133,NA
"4613",1991-08-24,9.37864707130094,NA
"4614",1991-08-25,9.59010695513888,NA
"4615",1991-08-26,9.38689355213898,NA
"4616",1991-08-27,9.06136993863058,NA
"4617",1991-08-28,9.25221495350682,NA
"4618",1991-08-29,8.73032481297634,NA
"4619",1991-08-30,9.03052746124299,NA
"4620",1991-08-31,9.10410289448173,NA
"4621",1991-09-01,9.03090507432877,NA
"4622",1991-09-02,9.2290825560099,NA
"4623",1991-09-03,9.86648487807991,NA
"4624",1991-09-04,10.062715779502,NA
"4625",1991-09-05,10.7663869249821,NA
"4626",1991-09-06,11.7011765187257,NA
"4627",1991-09-07,12.6781094196563,NA
"4628",1991-09-08,12.7451629992838,NA
"4629",1991-09-09,12.9569387620262,NA
"4630",1991-09-10,12.7707984132178,NA
"4631",1991-09-11,12.0529822044915,NA
"4632",1991-09-12,11.4906341962235,NA
"4633",1991-09-13,11.0305027207857,NA
"4634",1991-09-14,10.8916559307056,NA
"4635",1991-09-15,11.2583172775304,NA
"4636",1991-09-16,11.1152575873568,NA
"4637",1991-09-17,11.3557438612533,NA
"4638",1991-09-18,11.7757081834603,NA
"4639",1991-09-19,11.631999318199,NA
"4640",1991-09-20,11.4055508796138,NA
"4641",1991-09-21,10.6396547330753,NA
"4642",1991-09-22,10.2740550079583,NA
"4643",1991-09-23,9.91850926080332,NA
"4644",1991-09-24,10.2705372065423,NA
"4645",1991-09-25,10.8136417660053,NA
"4646",1991-09-26,11.1731460685977,NA
"4647",1991-09-27,11.7003969932041,NA
"4648",1991-09-28,12.3225242306424,NA
"4649",1991-09-29,12.7992193248926,NA
"4650",1991-09-30,13.3683639162784,NA
"4651",1991-10-01,13.6692484563393,NA
"4652",1991-10-02,13.5541151537866,NA
"4653",1991-10-03,14.494827839211,NA
"4654",1991-10-04,15.2173991833055,NA
"4655",1991-10-05,16.3740873495069,NA
"4656",1991-10-06,16.5009913853623,NA
"4657",1991-10-07,16.2457422827462,NA
"4658",1991-10-08,15.5914502073087,NA
"4659",1991-10-09,15.6483538791373,NA
"4660",1991-10-10,15.0763769894219,NA
"4661",1991-10-11,14.4373541296755,NA
"4662",1991-10-12,13.6491274554539,NA
"4663",1991-10-13,13.9395498111032,NA
"4664",1991-10-14,15.336069550551,NA
"4665",1991-10-15,16.2459098473204,NA
"4666",1991-10-16,15.8298533686628,NA
"4667",1991-10-17,15.6226711528659,NA
"4668",1991-10-18,15.9808395776125,NA
"4669",1991-10-19,16.6452104640711,NA
"4670",1991-10-20,16.88348058281,NA
"4671",1991-10-21,15.8211468822859,NA
"4672",1991-10-22,15.2250547767414,NA
"4673",1991-10-23,15.8137505904833,NA
"4674",1991-10-24,16.2494837262347,NA
"4675",1991-10-25,15.5843207880216,NA
"4676",1991-10-26,14.0661530077738,NA
"4677",1991-10-27,13.3911274416223,NA
"4678",1991-10-28,13.9033918169944,NA
"4679",1991-10-29,15.1794275223021,NA
"4680",1991-10-30,15.5438672502759,NA
"4681",1991-10-31,15.1474346632886,NA
"4682",1991-11-01,15.5899387769141,NA
"4683",1991-11-02,16.7692409761788,NA
"4684",1991-11-03,17.397850720289,NA
"4685",1991-11-04,16.7884633080672,NA
"4686",1991-11-05,16.1058357183918,NA
"4687",1991-11-06,15.7689242506155,NA
"4688",1991-11-07,15.6837565033311,NA
"4689",1991-11-08,15.2536582521189,NA
"4690",1991-11-09,14.1525844619743,NA
"4691",1991-11-10,13.1656868874132,NA
"4692",1991-11-11,13.2475703083423,NA
"4693",1991-11-12,12.6922695762649,NA
"4694",1991-11-13,12.6442467321728,NA
"4695",1991-11-14,13.7359430614552,NA
"4696",1991-11-15,14.254637773631,NA
"4697",1991-11-16,14.6467751696839,NA
"4698",1991-11-17,15.5902364824704,NA
"4699",1991-11-18,17.1349821496442,NA
"4700",1991-11-19,17.3523444321181,NA
"4701",1991-11-20,17.1855452756016,NA
"4702",1991-11-21,16.6479357333182,NA
"4703",1991-11-22,16.9514599157283,NA
"4704",1991-11-23,17.7909542753162,NA
"4705",1991-11-24,18.8330015549288,NA
"4706",1991-11-25,18.6065794797251,NA
"4707",1991-11-26,18.5894101061255,NA
"4708",1991-11-27,18.665273083253,NA
"4709",1991-11-28,18.8650633233025,NA
"4710",1991-11-29,18.2153339308894,NA
"4711",1991-11-30,17.2526347900807,NA
"4712",1991-12-01,15.8419045040611,NA
"4713",1991-12-02,15.611772422664,NA
"4714",1991-12-03,15.7704287677714,NA
"4715",1991-12-04,15.7521742689351,NA
"4716",1991-12-05,15.8063928895286,NA
"4717",1991-12-06,16.4619124699649,NA
"4718",1991-12-07,17.2373571419623,NA
"4719",1991-12-08,18.0020792632828,NA
"4720",1991-12-09,18.3020986322572,NA
"4721",1991-12-10,18.1376463893054,NA
"4722",1991-12-11,18.5722146841033,NA
"4723",1991-12-12,19.2161814912399,NA
"4724",1991-12-13,19.6923024009987,NA
"4725",1991-12-14,19.780953385814,NA
"4726",1991-12-15,18.9439679242795,NA
"4727",1991-12-16,17.7733967257021,NA
"4728",1991-12-17,17.2505280705216,NA
"4729",1991-12-18,17.029499347446,NA
"4730",1991-12-19,16.0915618254629,NA
"4731",1991-12-20,15.4021272546713,NA
"4732",1991-12-21,14.8500960488937,NA
"4733",1991-12-22,15.2745420808394,NA
"4734",1991-12-23,15.9111790241985,NA
"4735",1991-12-24,17.2576140606472,NA
"4736",1991-12-25,18.6377886116654,NA
"4737",1991-12-26,19.7790135181182,NA
"4738",1991-12-27,20.2529321717081,NA
"4739",1991-12-28,20.6929706056058,NA
"4740",1991-12-29,21.020275900741,NA
"4741",1991-12-30,21.2225722753439,NA
"4742",1991-12-31,21.0575471064327,NA
"4743",1992-01-01,20.0980729462302,NA
"4744",1992-01-02,19.3656078121729,NA
"4745",1992-01-03,18.9911934811354,NA
"4746",1992-01-04,18.2812102573766,NA
"4747",1992-01-05,17.5849716673385,NA
"4748",1992-01-06,16.866783591315,NA
"4749",1992-01-07,16.3958929651476,NA
"4750",1992-01-08,16.1904679326838,NA
"4751",1992-01-09,15.9770041360265,NA
"4752",1992-01-10,16.0230560222843,NA
"4753",1992-01-11,16.4049986776353,NA
"4754",1992-01-12,16.5982227212957,NA
"4755",1992-01-13,16.9203385421659,NA
"4756",1992-01-14,17.0918579573221,NA
"4757",1992-01-15,17.6056128628873,NA
"4758",1992-01-16,17.3400269610275,NA
"4759",1992-01-17,17.0654190834914,NA
"4760",1992-01-18,17.4652326823704,NA
"4761",1992-01-19,18.8668727269111,NA
"4762",1992-01-20,19.6209711116334,NA
"4763",1992-01-21,20.3452163725787,NA
"4764",1992-01-22,20.8796840924719,NA
"4765",1992-01-23,21.2461273929675,NA
"4766",1992-01-24,21.2499259564134,NA
"4767",1992-01-25,21.042404460517,NA
"4768",1992-01-26,20.0216672772566,NA
"4769",1992-01-27,19.458738722304,NA
"4770",1992-01-28,18.5521169718244,NA
"4771",1992-01-29,17.9185130834286,NA
"4772",1992-01-30,18.1505238573315,NA
"4773",1992-01-31,18.7466817310991,NA
"4774",1992-02-01,19.0506212619635,NA
"4775",1992-02-02,19.6499314108161,NA
"4776",1992-02-03,19.9551962751732,NA
"4777",1992-02-04,20.8094934423452,NA
"4778",1992-02-05,21.0246120144019,NA
"4779",1992-02-06,20.759299355368,NA
"4780",1992-02-07,20.6073262981021,NA
"4781",1992-02-08,20.6890910899584,NA
"4782",1992-02-09,20.5160015391834,NA
"4783",1992-02-10,20.4796908059798,NA
"4784",1992-02-11,20.1126144466884,NA
"4785",1992-02-12,19.8616019206854,NA
"4786",1992-02-13,19.7509784236728,NA
"4787",1992-02-14,19.7108300374838,NA
"4788",1992-02-15,19.6596118199056,NA
"4789",1992-02-16,20.252530605854,NA
"4790",1992-02-17,20.8458704000838,NA
"4791",1992-02-18,20.7823431900221,NA
"4792",1992-02-19,20.7445771425712,NA
"4793",1992-02-20,20.884662160695,NA
"4794",1992-02-21,21.0820480595028,NA
"4795",1992-02-22,20.8719701324342,NA
"4796",1992-02-23,19.782179705355,NA
"4797",1992-02-24,18.1941900404325,NA
"4798",1992-02-25,17.6177130900116,NA
"4799",1992-02-26,17.5028375389152,NA
"4800",1992-02-27,17.7387904140837,NA
"4801",1992-02-28,18.175076176862,NA
"4802",1992-02-29,18.6761907981904,NA
"4803",1992-03-01,19.3297831239305,NA
"4804",1992-03-02,19.9540597891333,NA
"4805",1992-03-03,20.1933403916834,NA
"4806",1992-03-04,20.3663800203858,NA
"4807",1992-03-05,20.3747363063487,NA
"4808",1992-03-06,19.7692223819837,NA
"4809",1992-03-07,19.3116946360218,NA
"4810",1992-03-08,19.2548386779601,NA
"4811",1992-03-09,19.7502246661366,NA
"4812",1992-03-10,20.5242781322118,NA
"4813",1992-03-11,20.876617332431,NA
"4814",1992-03-12,21.2216115995974,NA
"4815",1992-03-13,21.5888606454043,NA
"4816",1992-03-14,21.7250098622277,NA
"4817",1992-03-15,21.2738105240547,NA
"4818",1992-03-16,20.4410255827204,NA
"4819",1992-03-17,19.4454168675296,NA
"4820",1992-03-18,18.6283189118155,NA
"4821",1992-03-19,17.7537095921628,NA
"4822",1992-03-20,16.9068516628843,NA
"4823",1992-03-21,16.5564473030651,NA
"4824",1992-03-22,17.357387923039,NA
"4825",1992-03-23,18.1300487839857,NA
"4826",1992-03-24,18.8025112939328,NA
"4827",1992-03-25,19.8641054513912,NA
"4828",1992-03-26,20.4029170401477,NA
"4829",1992-03-27,20.0302164400026,NA
"4830",1992-03-28,19.8935373342039,NA
"4831",1992-03-29,19.2353593058902,NA
"4832",1992-03-30,18.7459940297477,NA
"4833",1992-03-31,18.513206266412,NA
"4834",1992-04-01,17.3856310588898,NA
"4835",1992-04-02,17.090161740198,NA
"4836",1992-04-03,18.4943709257368,NA
"4837",1992-04-04,19.4436478861889,NA
"4838",1992-04-05,20.0122467023792,NA
"4839",1992-04-06,19.9083231649738,NA
"4840",1992-04-07,19.0661102806594,NA
"4841",1992-04-08,18.5414469561093,NA
"4842",1992-04-09,17.5525067353668,NA
"4843",1992-04-10,16.5590482828524,NA
"4844",1992-04-11,15.6611327278608,NA
"4845",1992-04-12,15.55296136201,NA
"4846",1992-04-13,15.590632200997,NA
"4847",1992-04-14,16.9499048037393,NA
"4848",1992-04-15,17.3827796521109,NA
"4849",1992-04-16,17.3928632557645,NA
"4850",1992-04-17,17.0777226433079,NA
"4851",1992-04-18,16.9284003897756,NA
"4852",1992-04-19,17.0217641546275,NA
"4853",1992-04-20,16.5163511097582,NA
"4854",1992-04-21,14.5670555869584,NA
"4855",1992-04-22,13.7178665076138,NA
"4856",1992-04-23,13.5620284252756,NA
"4857",1992-04-24,13.2448961598958,NA
"4858",1992-04-25,12.5391526439038,NA
"4859",1992-04-26,11.2070906292069,NA
"4860",1992-04-27,11.2359797331006,NA
"4861",1992-04-28,11.9167943989209,NA
"4862",1992-04-29,12.3027148672572,NA
"4863",1992-04-30,12.517484395258,NA
"4864",1992-05-01,12.8734015109679,NA
"4865",1992-05-02,13.3280258609398,NA
"4866",1992-05-03,13.8748813575498,NA
"4867",1992-05-04,14.5757875909612,NA
"4868",1992-05-05,15.1460009314013,NA
"4869",1992-05-06,15.7823958728239,NA
"4870",1992-05-07,16.4939273128807,NA
"4871",1992-05-08,16.3392058242151,NA
"4872",1992-05-09,15.7442186420053,NA
"4873",1992-05-10,15.2726815158193,NA
"4874",1992-05-11,14.7028615617146,NA
"4875",1992-05-12,14.0908973025078,NA
"4876",1992-05-13,13.3645367088385,NA
"4877",1992-05-14,12.0355206224517,NA
"4878",1992-05-15,11.336955835668,NA
"4879",1992-05-16,11.1136861984178,NA
"4880",1992-05-17,10.6651183674949,NA
"4881",1992-05-18,9.97111805346056,NA
"4882",1992-05-19,9.69132277636232,NA
"4883",1992-05-20,9.17094340634438,NA
"4884",1992-05-21,9.09519349092894,NA
"4885",1992-05-22,9.20693513964039,NA
"4886",1992-05-23,9.01850559145148,NA
"4887",1992-05-24,9.01445573762692,NA
"4888",1992-05-25,9.44495239866862,NA
"4889",1992-05-26,9.34924445465449,NA
"4890",1992-05-27,9.78108010566062,NA
"4891",1992-05-28,10.0001860233473,NA
"4892",1992-05-29,9.9784910459861,NA
"4893",1992-05-30,10.3774631279157,NA
"4894",1992-05-31,11.0702655357649,NA
"4895",1992-06-01,11.3229939061376,NA
"4896",1992-06-02,11.214241110674,NA
"4897",1992-06-03,11.3402640805089,NA
"4898",1992-06-04,11.5087653611972,NA
"4899",1992-06-05,11.4478268435578,NA
"4900",1992-06-06,11.2416059257948,NA
"4901",1992-06-07,10.7077995930357,NA
"4902",1992-06-08,10.121879630069,NA
"4903",1992-06-09,10.1627090948121,NA
"4904",1992-06-10,9.69586045651086,NA
"4905",1992-06-11,9.77501950411437,NA
"4906",1992-06-12,10.1700677117171,NA
"4907",1992-06-13,10.1434801047516,NA
"4908",1992-06-14,9.61765423161525,NA
"4909",1992-06-15,9.05315824713572,NA
"4910",1992-06-16,8.70241362968416,NA
"4911",1992-06-17,8.89306621709192,NA
"4912",1992-06-18,8.76963596715395,NA
"4913",1992-06-19,8.75242036783107,NA
"4914",1992-06-20,8.81063618326037,NA
"4915",1992-06-21,9.38950057489864,NA
"4916",1992-06-22,9.84652888730101,NA
"4917",1992-06-23,10.1225357745119,NA
"4918",1992-06-24,9.86575078994278,NA
"4919",1992-06-25,9.61086814748963,NA
"4920",1992-06-26,9.49064973298858,NA
"4921",1992-06-27,9.63716639349814,NA
"4922",1992-06-28,9.54963319558335,NA
"4923",1992-06-29,9.84917711117911,NA
"4924",1992-06-30,10.1457746454596,NA
"4925",1992-07-01,10.4937613043544,NA
"4926",1992-07-02,11.0558965277078,NA
"4927",1992-07-03,11.4263035620432,NA
"4928",1992-07-04,11.3029311319626,NA
"4929",1992-07-05,11.5385489078399,NA
"4930",1992-07-06,11.4539789519128,NA
"4931",1992-07-07,11.4083641074407,NA
"4932",1992-07-08,11.1780253231975,NA
"4933",1992-07-09,10.3678139134199,NA
"4934",1992-07-10,9.7811939571727,NA
"4935",1992-07-11,9.77051173803174,NA
"4936",1992-07-12,9.67609202464652,NA
"4937",1992-07-13,9.54124247814932,NA
"4938",1992-07-14,9.39799275583354,NA
"4939",1992-07-15,9.26097066652222,NA
"4940",1992-07-16,9.19057738040708,NA
"4941",1992-07-17,9.20279604743471,NA
"4942",1992-07-18,9.10462343869165,NA
"4943",1992-07-19,8.54357446104788,NA
"4944",1992-07-20,8.26698240119049,NA
"4945",1992-07-21,8.05209362221856,NA
"4946",1992-07-22,8.33035127597458,NA
"4947",1992-07-23,8.8030610160501,NA
"4948",1992-07-24,9.16090322737971,NA
"4949",1992-07-25,8.69718371859795,NA
"4950",1992-07-26,8.60295966161639,NA
"4951",1992-07-27,9.08713824594469,NA
"4952",1992-07-28,9.41162644149548,NA
"4953",1992-07-29,9.73167641368384,NA
"4954",1992-07-30,9.57669981580335,NA
"4955",1992-07-31,9.20410097576044,NA
"4956",1992-08-01,9.68181283389914,NA
"4957",1992-08-02,10.1636743933222,NA
"4958",1992-08-03,9.90824026521322,NA
"4959",1992-08-04,9.81792750874001,NA
"4960",1992-08-05,9.48458861295122,NA
"4961",1992-08-06,9.33539463880687,NA
"4962",1992-08-07,9.63124051968237,NA
"4963",1992-08-08,9.37835592789468,NA
"4964",1992-08-09,9.29245001332589,NA
"4965",1992-08-10,9.31452861343123,NA
"4966",1992-08-11,9.63333431462982,NA
"4967",1992-08-12,9.33990121912379,NA
"4968",1992-08-13,9.57742131919474,NA
"4969",1992-08-14,9.51994849587083,NA
"4970",1992-08-15,9.87020786102234,NA
"4971",1992-08-16,10.6274462486362,NA
"4972",1992-08-17,10.1591668509606,NA
"4973",1992-08-18,9.89235018897525,NA
"4974",1992-08-19,9.52402921705947,NA
"4975",1992-08-20,9.17133796360225,NA
"4976",1992-08-21,8.79907795938831,NA
"4977",1992-08-22,8.90025435808546,NA
"4978",1992-08-23,7.69813468400009,NA
"4979",1992-08-24,7.69888171644777,NA
"4980",1992-08-25,7.26537871200012,NA
"4981",1992-08-26,7.86334437514568,NA
"4982",1992-08-27,8.00508243168762,NA
"4983",1992-08-28,8.32215604955818,NA
"4984",1992-08-29,7.95685821697451,NA
"4985",1992-08-30,8.55196058089557,NA
"4986",1992-08-31,8.90310724645418,NA
"4987",1992-09-01,9.25505286015609,NA
"4988",1992-09-02,9.26086711558644,NA
"4989",1992-09-03,9.31077116799804,NA
"4990",1992-09-04,9.20953186932952,NA
"4991",1992-09-05,9.72893970114172,NA
"4992",1992-09-06,9.96263453032378,NA
"4993",1992-09-07,9.80170991222042,NA
"4994",1992-09-08,9.62313192161031,NA
"4995",1992-09-09,9.71328451173569,NA
"4996",1992-09-10,10.1129611979194,NA
"4997",1992-09-11,9.94819380019027,NA
"4998",1992-09-12,9.1912932175054,NA
"4999",1992-09-13,8.76593784513401,NA
"5000",1992-09-14,9.12006655455378,NA
"5001",1992-09-15,9.06961670355224,NA
"5002",1992-09-16,9.00545506465797,NA
"5003",1992-09-17,8.95011509553113,NA
"5004",1992-09-18,9.0201176916522,NA
"5005",1992-09-19,9.30935104981308,NA
"5006",1992-09-20,9.57789514950777,NA
"5007",1992-09-21,9.87216796000479,NA
"5008",1992-09-22,10.5208877142578,NA
"5009",1992-09-23,10.8040405851423,NA
"5010",1992-09-24,10.7435537447567,NA
"5011",1992-09-25,10.9267074884719,NA
"5012",1992-09-26,11.108472457203,NA
"5013",1992-09-27,11.4200420102583,NA
"5014",1992-09-28,11.0268047700243,NA
"5015",1992-09-29,10.7009298994911,NA
"5016",1992-09-30,10.492051263398,NA
"5017",1992-10-01,10.469965673177,NA
"5018",1992-10-02,10.7027745921921,NA
"5019",1992-10-03,11.6687621386281,NA
"5020",1992-10-04,11.8753796538208,NA
"5021",1992-10-05,12.2637323083698,NA
"5022",1992-10-06,12.9499612115744,NA
"5023",1992-10-07,13.7735291408422,NA
"5024",1992-10-08,14.157401305463,NA
"5025",1992-10-09,14.121086630346,NA
"5026",1992-10-10,13.5579902060591,NA
"5027",1992-10-11,13.2767741801278,NA
"5028",1992-10-12,13.5744343790503,NA
"5029",1992-10-13,13.9740014723266,NA
"5030",1992-10-14,14.4399121612367,NA
"5031",1992-10-15,14.9066645676269,NA
"5032",1992-10-16,15.5681523791977,NA
"5033",1992-10-17,15.5871198642617,NA
"5034",1992-10-18,15.7649347279997,NA
"5035",1992-10-19,15.4333312719681,NA
"5036",1992-10-20,14.4353192966615,NA
"5037",1992-10-21,13.2902148476991,NA
"5038",1992-10-22,12.831212022218,NA
"5039",1992-10-23,12.791409527062,NA
"5040",1992-10-24,13.6076959656182,NA
"5041",1992-10-25,13.627973127306,NA
"5042",1992-10-26,14.35978759868,NA
"5043",1992-10-27,15.7151246830205,NA
"5044",1992-10-28,17.1011611039446,NA
"5045",1992-10-29,18.1049190744837,NA
"5046",1992-10-30,18.1250538531319,NA
"5047",1992-10-31,17.3323744030598,NA
"5048",1992-11-01,17.0179843550525,NA
"5049",1992-11-02,16.3196358928194,NA
"5050",1992-11-03,14.9524733494299,NA
"5051",1992-11-04,13.3386648716991,NA
"5052",1992-11-05,12.0719742159887,NA
"5053",1992-11-06,11.5316546941992,NA
"5054",1992-11-07,12.4521947947534,NA
"5055",1992-11-08,13.526054540656,NA
"5056",1992-11-09,13.4630107973553,NA
"5057",1992-11-10,13.7579049485481,NA
"5058",1992-11-11,13.8503000079441,NA
"5059",1992-11-12,13.8109845449003,NA
"5060",1992-11-13,14.1510739061294,NA
"5061",1992-11-14,14.1732984708635,NA
"5062",1992-11-15,14.4186311318906,NA
"5063",1992-11-16,16.0524134031472,NA
"5064",1992-11-17,17.1668207239804,NA
"5065",1992-11-18,18.0650617457181,NA
"5066",1992-11-19,18.8723620537259,NA
"5067",1992-11-20,19.5520885641062,NA
"5068",1992-11-21,19.1442139893239,NA
"5069",1992-11-22,18.7057250298923,NA
"5070",1992-11-23,17.9301454062602,NA
"5071",1992-11-24,17.1999589347483,NA
"5072",1992-11-25,16.0353245259598,NA
"5073",1992-11-26,15.0455158561076,NA
"5074",1992-11-27,13.8424628187413,NA
"5075",1992-11-28,13.9172203224869,NA
"5076",1992-11-29,13.5245911083168,NA
"5077",1992-11-30,13.6061558673402,NA
"5078",1992-12-01,14.3769285920448,NA
"5079",1992-12-02,15.717054654783,NA
"5080",1992-12-03,16.8663855821923,NA
"5081",1992-12-04,17.6056169177232,NA
"5082",1992-12-05,18.0641508549997,NA
"5083",1992-12-06,18.6649199774937,NA
"5084",1992-12-07,18.7541583265781,NA
"5085",1992-12-08,18.5474804854864,NA
"5086",1992-12-09,18.6754609201447,NA
"5087",1992-12-10,19.0144872715219,NA
"5088",1992-12-11,19.6567755725737,NA
"5089",1992-12-12,20.2059483880855,NA
"5090",1992-12-13,20.0596261643698,NA
"5091",1992-12-14,19.8288277142305,NA
"5092",1992-12-15,19.6123598412885,NA
"5093",1992-12-16,19.4898158474548,NA
"5094",1992-12-17,18.9852191350439,NA
"5095",1992-12-18,18.4577967124735,NA
"5096",1992-12-19,18.0532082261414,NA
"5097",1992-12-20,18.4617540369558,NA
"5098",1992-12-21,19.1925795848217,NA
"5099",1992-12-22,19.8756231578698,NA
"5100",1992-12-23,20.1151299176891,NA
"5101",1992-12-24,20.2908624070128,NA
"5102",1992-12-25,20.0517593677763,NA
"5103",1992-12-26,19.7469051757826,NA
"5104",1992-12-27,19.3421707716313,NA
"5105",1992-12-28,18.8983427774859,NA
"5106",1992-12-29,18.4364153179243,NA
"5107",1992-12-30,18.380048449851,NA
"5108",1992-12-31,18.8074991588261,NA
"5109",1993-01-01,19.7594240986894,NA
"5110",1993-01-02,20.4747891340833,NA
"5111",1993-01-03,20.4435895312663,NA
"5112",1993-01-04,20.3150105257826,NA
"5113",1993-01-05,20.1714195709199,NA
"5114",1993-01-06,19.7055054469932,NA
"5115",1993-01-07,18.9164215728588,NA
"5116",1993-01-08,18.0549588761272,NA
"5117",1993-01-09,17.3001776317588,NA
"5118",1993-01-10,17.5279767626273,NA
"5119",1993-01-11,17.7979245145198,NA
"5120",1993-01-12,18.0863648165158,NA
"5121",1993-01-13,18.9143809173489,NA
"5122",1993-01-14,19.9680834312886,NA
"5123",1993-01-15,20.9972711493566,NA
"5124",1993-01-16,21.3751737934413,NA
"5125",1993-01-17,21.5806377358731,NA
"5126",1993-01-18,21.6855765493383,NA
"5127",1993-01-19,21.8961434450866,NA
"5128",1993-01-20,22.0054400685133,NA
"5129",1993-01-21,21.3031761686235,NA
"5130",1993-01-22,20.6050080858195,NA
"5131",1993-01-23,20.7530344887176,NA
"5132",1993-01-24,20.6278544239998,NA
"5133",1993-01-25,20.6908942532929,NA
"5134",1993-01-26,20.7216014052305,NA
"5135",1993-01-27,20.1285994254422,NA
"5136",1993-01-28,20.3590449155519,NA
"5137",1993-01-29,20.3782694483945,NA
"5138",1993-01-30,20.2821872168187,NA
"5139",1993-01-31,21.1203789268046,NA
"5140",1993-02-01,21.8014197720055,NA
"5141",1993-02-02,22.2930770449338,NA
"5142",1993-02-03,22.7942481756453,NA
"5143",1993-02-04,22.7624099686141,NA
"5144",1993-02-05,22.626264847919,NA
"5145",1993-02-06,22.6972721381183,NA
"5146",1993-02-07,22.4669776439063,NA
"5147",1993-02-08,21.7251113098206,NA
"5148",1993-02-09,20.532575873411,NA
"5149",1993-02-10,19.4872025947008,NA
"5150",1993-02-11,19.3118595470853,NA
"5151",1993-02-12,19.0917307909708,NA
"5152",1993-02-13,18.4929815042864,NA
"5153",1993-02-14,18.4746304299024,NA
"5154",1993-02-15,18.9809069919598,NA
"5155",1993-02-16,19.5818962624118,NA
"5156",1993-02-17,20.0611533549043,NA
"5157",1993-02-18,20.9959974493422,NA
"5158",1993-02-19,21.5943991013969,NA
"5159",1993-02-20,21.059891676422,NA
"5160",1993-02-21,20.0332059419161,NA
"5161",1993-02-22,19.4783476320857,NA
"5162",1993-02-23,18.9891666482715,NA
"5163",1993-02-24,18.19837574491,NA
"5164",1993-02-25,17.1145385051973,NA
"5165",1993-02-26,16.1254032067608,NA
"5166",1993-02-27,16.6162995718755,NA
"5167",1993-02-28,16.9850926291844,NA
"5168",1993-03-01,17.1020238955182,NA
"5169",1993-03-02,16.8626430071327,NA
"5170",1993-03-03,16.6070126676672,NA
"5171",1993-03-04,16.296271169517,NA
"5172",1993-03-05,16.3338680002219,NA
"5173",1993-03-06,16.70270904801,NA
"5174",1993-03-07,17.3124076535045,NA
"5175",1993-03-08,17.1917743165901,NA
"5176",1993-03-09,17.3916115102725,NA
"5177",1993-03-10,17.4151365673267,NA
"5178",1993-03-11,17.1494808183669,NA
"5179",1993-03-12,17.402286443154,NA
"5180",1993-03-13,17.7448303489661,NA
"5181",1993-03-14,18.3241196377033,NA
"5182",1993-03-15,19.097067372666,NA
"5183",1993-03-16,19.4237011448644,NA
"5184",1993-03-17,19.9802370781289,NA
"5185",1993-03-18,20.6431838749186,NA
"5186",1993-03-19,21.0789699508863,NA
"5187",1993-03-20,20.9333972398535,NA
"5188",1993-03-21,20.9368996263918,NA
"5189",1993-03-22,20.7996647110533,NA
"5190",1993-03-23,20.617052912814,NA
"5191",1993-03-24,20.1873610672911,NA
"5192",1993-03-25,19.8060608389865,NA
"5193",1993-03-26,19.4232341017581,NA
"5194",1993-03-27,19.0242030068577,NA
"5195",1993-03-28,17.9570582511799,NA
"5196",1993-03-29,17.0712829620552,NA
"5197",1993-03-30,16.8061835263759,NA
"5198",1993-03-31,16.9742623672459,NA
"5199",1993-04-01,16.578274569235,NA
"5200",1993-04-02,15.6066843566327,NA
"5201",1993-04-03,15.3048530053236,NA
"5202",1993-04-04,16.073118150176,NA
"5203",1993-04-05,16.427481949483,NA
"5204",1993-04-06,16.4252572228002,NA
"5205",1993-04-07,15.9139455133044,NA
"5206",1993-04-08,15.5790956643693,NA
"5207",1993-04-09,15.6951677307098,NA
"5208",1993-04-10,16.1732867197695,NA
"5209",1993-04-11,16.266510524044,NA
"5210",1993-04-12,17.3325716301741,NA
"5211",1993-04-13,17.2016918756662,NA
"5212",1993-04-14,17.173843148635,NA
"5213",1993-04-15,17.4995308085452,NA
"5214",1993-04-16,17.5150968862034,NA
"5215",1993-04-17,17.2974049621133,NA
"5216",1993-04-18,16.8530924345736,NA
"5217",1993-04-19,16.1326060738962,NA
"5218",1993-04-20,16.6696556274707,NA
"5219",1993-04-21,17.4710695471098,NA
"5220",1993-04-22,18.1301566821633,NA
"5221",1993-04-23,18.8241444383081,NA
"5222",1993-04-24,18.499696676699,NA
"5223",1993-04-25,17.8928703511387,NA
"5224",1993-04-26,17.3636181174387,NA
"5225",1993-04-27,16.8365141898758,NA
"5226",1993-04-28,15.636702080975,NA
"5227",1993-04-29,14.5919865953907,NA
"5228",1993-04-30,13.9068044653829,NA
"5229",1993-05-01,14.4842723040731,NA
"5230",1993-05-02,15.2176619653452,NA
"5231",1993-05-03,15.122306170173,NA
"5232",1993-05-04,14.5299007555788,NA
"5233",1993-05-05,14.6352023326618,NA
"5234",1993-05-06,14.7892981577044,NA
"5235",1993-05-07,14.7261639356625,NA
"5236",1993-05-08,13.9131873851656,NA
"5237",1993-05-09,13.0432384797289,NA
"5238",1993-05-10,12.8562887010971,NA
"5239",1993-05-11,12.9894304545632,NA
"5240",1993-05-12,13.1203860269021,NA
"5241",1993-05-13,12.9722612302033,NA
"5242",1993-05-14,12.225360341487,NA
"5243",1993-05-15,11.7129785826676,NA
"5244",1993-05-16,11.3857494166315,NA
"5245",1993-05-17,11.0025603997345,NA
"5246",1993-05-18,11.2029216343809,NA
"5247",1993-05-19,10.9651217503805,NA
"5248",1993-05-20,11.2795000843708,NA
"5249",1993-05-21,11.5724900943604,NA
"5250",1993-05-22,11.6992934516405,NA
"5251",1993-05-23,11.9409122464084,NA
"5252",1993-05-24,12.3544089855367,NA
"5253",1993-05-25,12.2934411364413,NA
"5254",1993-05-26,12.5928803274482,NA
"5255",1993-05-27,11.796726273425,NA
"5256",1993-05-28,11.8583284175494,NA
"5257",1993-05-29,13.0380044811563,NA
"5258",1993-05-30,13.2487772106473,NA
"5259",1993-05-31,12.6402425356468,NA
"5260",1993-06-01,12.3211594691412,NA
"5261",1993-06-02,11.6403921681074,NA
"5262",1993-06-03,11.5959159375591,NA
"5263",1993-06-04,10.8779411360774,NA
"5264",1993-06-05,9.91940565156881,NA
"5265",1993-06-06,9.70143083206616,NA
"5266",1993-06-07,10.144159939594,NA
"5267",1993-06-08,10.462398876007,NA
"5268",1993-06-09,10.8831341177148,NA
"5269",1993-06-10,10.9410886220521,NA
"5270",1993-06-11,10.8795887678056,NA
"5271",1993-06-12,10.3634494300427,NA
"5272",1993-06-13,10.063729265826,NA
"5273",1993-06-14,9.7413027336155,NA
"5274",1993-06-15,9.3291691594239,NA
"5275",1993-06-16,9.05399154456244,NA
"5276",1993-06-17,9.24801975738591,NA
"5277",1993-06-18,10.0593585456431,NA
"5278",1993-06-19,10.5631085716406,NA
"5279",1993-06-20,10.9247933934552,NA
"5280",1993-06-21,10.8733559697517,NA
"5281",1993-06-22,11.0130928423966,NA
"5282",1993-06-23,10.9182352164637,NA
"5283",1993-06-24,10.7234868221626,NA
"5284",1993-06-25,10.1453092311021,NA
"5285",1993-06-26,9.77737803409564,NA
"5286",1993-06-27,9.02861912873477,NA
"5287",1993-06-28,9.03689174873227,NA
"5288",1993-06-29,9.22926276762637,NA
"5289",1993-06-30,9.60033383815598,NA
"5290",1993-07-01,9.54916500680849,NA
"5291",1993-07-02,10.338794753501,NA
"5292",1993-07-03,10.295337189918,NA
"5293",1993-07-04,10.1908229783443,NA
"5294",1993-07-05,9.82703559541919,NA
"5295",1993-07-06,9.73437335368547,NA
"5296",1993-07-07,9.39107770803208,NA
"5297",1993-07-08,9.28435451613282,NA
"5298",1993-07-09,8.57443052392918,NA
"5299",1993-07-10,8.76941779749268,NA
"5300",1993-07-11,9.44218989978048,NA
"5301",1993-07-12,10.0676088587732,NA
"5302",1993-07-13,10.0799966518102,NA
"5303",1993-07-14,10.2384751735887,NA
"5304",1993-07-15,10.2831500930432,NA
"5305",1993-07-16,10.1408235179836,NA
"5306",1993-07-17,10.0534620679798,NA
"5307",1993-07-18,9.92533565943606,NA
"5308",1993-07-19,9.75111728974748,NA
"5309",1993-07-20,9.5272373463893,NA
"5310",1993-07-21,9.40636946291625,NA
"5311",1993-07-22,9.59527894076955,NA
"5312",1993-07-23,10.1219015721161,NA
"5313",1993-07-24,10.5930460739495,NA
"5314",1993-07-25,10.5667391475919,NA
"5315",1993-07-26,10.5482180574761,NA
"5316",1993-07-27,10.9604305373815,NA
"5317",1993-07-28,11.2443002681168,NA
"5318",1993-07-29,11.6666235857678,NA
"5319",1993-07-30,11.273445427342,NA
"5320",1993-07-31,10.9147730572953,NA
"5321",1993-08-01,11.0311449750511,NA
"5322",1993-08-02,10.5958106934069,NA
"5323",1993-08-03,9.82948726476453,NA
"5324",1993-08-04,9.12180310022534,NA
"5325",1993-08-05,8.45601460064946,NA
"5326",1993-08-06,8.9220435581234,NA
"5327",1993-08-07,9.17683736991072,NA
"5328",1993-08-08,9.23468035304109,NA
"5329",1993-08-09,10.1580552704942,NA
"5330",1993-08-10,10.5614106633334,NA
"5331",1993-08-11,11.1508072805684,NA
"5332",1993-08-12,11.8227072730012,NA
"5333",1993-08-13,11.5690818702362,NA
"5334",1993-08-14,11.7527767123045,NA
"5335",1993-08-15,11.7217914317432,NA
"5336",1993-08-16,10.937714271946,NA
"5337",1993-08-17,11.0887997973942,NA
"5338",1993-08-18,10.9654621043022,NA
"5339",1993-08-19,10.2949966704206,NA
"5340",1993-08-20,10.3945297046675,NA
"5341",1993-08-21,10.3561265685897,NA
"5342",1993-08-22,10.299032855789,NA
"5343",1993-08-23,10.9135766384606,NA
"5344",1993-08-24,11.2386027957837,NA
"5345",1993-08-25,11.7071204429393,NA
"5346",1993-08-26,12.2691874179767,NA
"5347",1993-08-27,12.6306863797013,NA
"5348",1993-08-28,12.8269016179902,NA
"5349",1993-08-29,13.4344592096366,NA
"5350",1993-08-30,14.0394842420395,NA
"5351",1993-08-31,14.4365650944803,NA
"5352",1993-09-01,14.354960169351,NA
"5353",1993-09-02,14.0011957045758,NA
"5354",1993-09-03,13.2052530144483,NA
"5355",1993-09-04,12.6129740468593,NA
"5356",1993-09-05,12.4542314698309,NA
"5357",1993-09-06,12.2604896953049,NA
"5358",1993-09-07,12.2413757445123,NA
"5359",1993-09-08,12.1072077884792,NA
"5360",1993-09-09,12.0500456367082,NA
"5361",1993-09-10,12.5246858284829,NA
"5362",1993-09-11,12.637014328378,NA
"5363",1993-09-12,12.0642080473888,NA
"5364",1993-09-13,11.4722162082086,NA
"5365",1993-09-14,10.7554646809724,NA
"5366",1993-09-15,10.4656212310539,NA
"5367",1993-09-16,10.5835932878836,NA
"5368",1993-09-17,10.7191940108039,NA
"5369",1993-09-18,11.5285278387808,NA
"5370",1993-09-19,11.6990220087845,NA
"5371",1993-09-20,11.2929392402812,NA
"5372",1993-09-21,11.2236791317925,NA
"5373",1993-09-22,11.461596434192,NA
"5374",1993-09-23,11.6825297379627,NA
"5375",1993-09-24,11.6563900880173,NA
"5376",1993-09-25,11.2765562351385,NA
"5377",1993-09-26,11.7224207684981,NA
"5378",1993-09-27,13.0244695540327,NA
"5379",1993-09-28,14.2079423593023,NA
"5380",1993-09-29,14.947899290255,NA
"5381",1993-09-30,16.0434044259891,NA
"5382",1993-10-01,16.0695331487489,NA
"5383",1993-10-02,16.0468987301242,NA
"5384",1993-10-03,16.0539466051971,NA
"5385",1993-10-04,15.5093336661639,NA
"5386",1993-10-05,14.8512597194469,NA
"5387",1993-10-06,14.4232192580571,NA
"5388",1993-10-07,14.4226146830337,NA
"5389",1993-10-08,15.001740843274,NA
"5390",1993-10-09,14.4810704846662,NA
"5391",1993-10-10,13.5719505844135,NA
"5392",1993-10-11,13.1773471960253,NA
"5393",1993-10-12,12.6827729900991,NA
"5394",1993-10-13,12.4700718353549,NA
"5395",1993-10-14,11.366961394168,NA
"5396",1993-10-15,11.0178929335542,NA
"5397",1993-10-16,12.0353105542673,NA
"5398",1993-10-17,13.634165157498,NA
"5399",1993-10-18,13.9658288284713,NA
"5400",1993-10-19,14.3177694696254,NA
"5401",1993-10-20,14.11787910329,NA
"5402",1993-10-21,14.0428847638673,NA
"5403",1993-10-22,14.0135532511454,NA
"5404",1993-10-23,14.4431372135189,NA
"5405",1993-10-24,14.0340623583323,NA
"5406",1993-10-25,14.0094255413478,NA
"5407",1993-10-26,13.8862151582486,NA
"5408",1993-10-27,15.0241392103625,NA
"5409",1993-10-28,14.7390723595031,NA
"5410",1993-10-29,14.425972045002,NA
"5411",1993-10-30,13.4783091501917,NA
"5412",1993-10-31,13.8227638878741,NA
"5413",1993-11-01,14.2702566756468,NA
"5414",1993-11-02,14.1856908285626,NA
"5415",1993-11-03,13.1167796840733,NA
"5416",1993-11-04,13.379164327668,NA
"5417",1993-11-05,13.5587520478294,NA
"5418",1993-11-06,13.7237732480154,NA
"5419",1993-11-07,13.0928842921885,NA
"5420",1993-11-08,12.4899655712208,NA
"5421",1993-11-09,12.693429000826,NA
"5422",1993-11-10,13.4431964396049,NA
"5423",1993-11-11,14.7770397134472,NA
"5424",1993-11-12,15.5593423490681,NA
"5425",1993-11-13,15.9444978043374,NA
"5426",1993-11-14,16.2123706079461,NA
"5427",1993-11-15,16.9653841608438,NA
"5428",1993-11-16,18.0130355770268,NA
"5429",1993-11-17,18.7656172084115,NA
"5430",1993-11-18,18.4366879582637,NA
"5431",1993-11-19,17.876612935959,NA
"5432",1993-11-20,17.5658558930913,NA
"5433",1993-11-21,17.6156624327821,NA
"5434",1993-11-22,16.9139811304495,NA
"5435",1993-11-23,15.9961913660452,NA
"5436",1993-11-24,14.9621518735788,NA
"5437",1993-11-25,15.0393107552854,NA
"5438",1993-11-26,16.4112501956444,NA
"5439",1993-11-27,16.767502357127,NA
"5440",1993-11-28,16.8558058922451,NA
"5441",1993-11-29,17.8595533646853,NA
"5442",1993-11-30,19.3609871167889,NA
"5443",1993-12-01,19.8780990490492,NA
"5444",1993-12-02,19.7515974224532,NA
"5445",1993-12-03,18.7899375255484,NA
"5446",1993-12-04,18.2679700967009,NA
"5447",1993-12-05,18.143194811173,NA
"5448",1993-12-06,17.9798669221259,NA
"5449",1993-12-07,16.9477292319377,NA
"5450",1993-12-08,17.3572996133682,NA
"5451",1993-12-09,18.3042251271177,NA
"5452",1993-12-10,19.6389240087097,NA
"5453",1993-12-11,20.1188098159755,NA
"5454",1993-12-12,20.2575492238323,NA
"5455",1993-12-13,20.6843195362389,NA
"5456",1993-12-14,20.5190939641498,NA
"5457",1993-12-15,19.8333202828057,NA
"5458",1993-12-16,18.8050238545859,NA
"5459",1993-12-17,17.7008895666354,NA
"5460",1993-12-18,18.0545158392203,NA
"5461",1993-12-19,18.7573447714026,NA
"5462",1993-12-20,19.0412598038191,NA
"5463",1993-12-21,19.2968661636587,NA
"5464",1993-12-22,19.3950347280297,NA
"5465",1993-12-23,19.5699300455778,NA
"5466",1993-12-24,19.511465772562,NA
"5467",1993-12-25,19.0302821575549,NA
"5468",1993-12-26,17.679917752549,NA
"5469",1993-12-27,16.1463665800825,NA
"5470",1993-12-28,15.4446073074577,NA
"5471",1993-12-29,15.1375335076625,NA
"5472",1993-12-30,15.1219863508703,NA
"5473",1993-12-31,14.9687690918113,NA
"5474",1994-01-01,15.5973929992679,NA
"5475",1994-01-02,16.6920662540595,NA
"5476",1994-01-03,16.9553660928609,NA
"5477",1994-01-04,17.3526381493331,NA
"5478",1994-01-05,17.3988647802555,NA
"5479",1994-01-06,17.3228605674948,NA
"5480",1994-01-07,17.1673837394726,NA
"5481",1994-01-08,16.2116226815735,NA
"5482",1994-01-09,15.5064461527083,NA
"5483",1994-01-10,16.1912103615345,NA
"5484",1994-01-11,16.7993108628915,NA
"5485",1994-01-12,18.185875684268,NA
"5486",1994-01-13,18.4546726957824,NA
"5487",1994-01-14,18.5700219455894,NA
"5488",1994-01-15,19.6997550265247,NA
"5489",1994-01-16,19.968350725018,NA
"5490",1994-01-17,19.6337576723618,NA
"5491",1994-01-18,19.1142258509167,NA
"5492",1994-01-19,18.1837421387271,NA
"5493",1994-01-20,17.9909500043348,NA
"5494",1994-01-21,17.7541433129488,NA
"5495",1994-01-22,17.054782066562,NA
"5496",1994-01-23,17.8941888229462,NA
"5497",1994-01-24,18.9514917836762,NA
"5498",1994-01-25,20.4967119541173,NA
"5499",1994-01-26,20.9989557245011,NA
"5500",1994-01-27,21.0212792895612,NA
"5501",1994-01-28,21.5041582272242,NA
"5502",1994-01-29,21.6273079842378,NA
"5503",1994-01-30,21.3900765045036,NA
"5504",1994-01-31,20.985377411065,NA
"5505",1994-02-01,20.1863631298257,NA
"5506",1994-02-02,20.2012201465587,NA
"5507",1994-02-03,21.0015547995714,NA
"5508",1994-02-04,21.3646182088338,NA
"5509",1994-02-05,21.6287373944135,NA
"5510",1994-02-06,21.7850678551778,NA
"5511",1994-02-07,22.0049126262634,NA
"5512",1994-02-08,21.9265666150304,NA
"5513",1994-02-09,21.7521912883865,NA
"5514",1994-02-10,20.988728327117,NA
"5515",1994-02-11,20.1708756766318,NA
"5516",1994-02-12,19.8859749550666,NA
"5517",1994-02-13,20.0839279791704,NA
"5518",1994-02-14,19.8430762520943,NA
"5519",1994-02-15,19.3264228562217,NA
"5520",1994-02-16,18.7107462743322,NA
"5521",1994-02-17,18.5457079904712,NA
"5522",1994-02-18,18.5054582930115,NA
"5523",1994-02-19,18.293121638165,NA
"5524",1994-02-20,18.1225649626941,NA
"5525",1994-02-21,18.4911912175389,NA
"5526",1994-02-22,19.1634815249347,NA
"5527",1994-02-23,20.1971303215751,NA
"5528",1994-02-24,20.6571997229188,NA
"5529",1994-02-25,21.2753316822773,NA
"5530",1994-02-26,21.6219475221753,NA
"5531",1994-02-27,20.9804961037702,NA
"5532",1994-02-28,20.0395820950698,NA
"5533",1994-03-01,19.3655972580569,NA
"5534",1994-03-02,18.4316008455997,NA
"5535",1994-03-03,17.9005553770329,NA
"5536",1994-03-04,16.9933231396141,NA
"5537",1994-03-05,16.0308887126286,NA
"5538",1994-03-06,16.0982763946619,NA
"5539",1994-03-07,16.3327689789046,NA
"5540",1994-03-08,16.8363214709523,NA
"5541",1994-03-09,17.1846801290561,NA
"5542",1994-03-10,17.5002698366596,NA
"5543",1994-03-11,17.3247376453718,NA
"5544",1994-03-12,17.1578913908702,NA
"5545",1994-03-13,17.0915157618976,NA
"5546",1994-03-14,16.8905853476659,NA
"5547",1994-03-15,16.5795089848481,NA
"5548",1994-03-16,15.6317889729925,NA
"5549",1994-03-17,15.0077879265219,NA
"5550",1994-03-18,15.1482685553462,NA
"5551",1994-03-19,15.6064653546417,NA
"5552",1994-03-20,16.2502630093445,NA
"5553",1994-03-21,17.1336125468198,NA
"5554",1994-03-22,17.6914260224817,NA
"5555",1994-03-23,18.835253163914,NA
"5556",1994-03-24,19.7651389309067,NA
"5557",1994-03-25,20.3751230827331,NA
"5558",1994-03-26,20.6373734367,NA
"5559",1994-03-27,20.7113333087465,NA
"5560",1994-03-28,20.6605375989389,NA
"5561",1994-03-29,20.5517129699265,NA
"5562",1994-03-30,20.5270728764192,NA
"5563",1994-03-31,20.4808016418125,NA
"5564",1994-04-01,19.8783087964684,NA
"5565",1994-04-02,19.3078753032717,NA
"5566",1994-04-03,18.8424594516511,NA
"5567",1994-04-04,18.4924050658161,NA
"5568",1994-04-05,18.4581354636674,NA
"5569",1994-04-06,17.2869136548178,NA
"5570",1994-04-07,16.1923087286561,NA
"5571",1994-04-08,16.1966525643586,NA
"5572",1994-04-09,16.6169498190031,NA
"5573",1994-04-10,16.0535954582606,NA
"5574",1994-04-11,15.0169701734348,NA
"5575",1994-04-12,14.0417345012356,NA
"5576",1994-04-13,14.3658548022009,NA
"5577",1994-04-14,14.5420036840769,NA
"5578",1994-04-15,14.6405971926618,NA
"5579",1994-04-16,14.8264797734065,NA
"5580",1994-04-17,15.0099992254949,NA
"5581",1994-04-18,15.475551771019,NA
"5582",1994-04-19,15.5828369013508,NA
"5583",1994-04-20,15.2755777241085,NA
"5584",1994-04-21,15.0303402249561,NA
"5585",1994-04-22,14.8365548029284,NA
"5586",1994-04-23,14.2729127932083,NA
"5587",1994-04-24,15.1715689418121,NA
"5588",1994-04-25,16.0101360885552,NA
"5589",1994-04-26,17.0152881224858,NA
"5590",1994-04-27,17.4960693794392,NA
"5591",1994-04-28,17.468507125693,NA
"5592",1994-04-29,16.9834451750215,NA
"5593",1994-04-30,16.6939440082972,NA
"5594",1994-05-01,16.0397360844401,NA
"5595",1994-05-02,14.6931602884762,NA
"5596",1994-05-03,12.7457993015779,NA
"5597",1994-05-04,11.8521350206213,NA
"5598",1994-05-05,12.1092184726251,NA
"5599",1994-05-06,12.672977864481,NA
"5600",1994-05-07,12.448258181672,NA
"5601",1994-05-08,12.1312818131612,NA
"5602",1994-05-09,12.3379150024869,NA
"5603",1994-05-10,12.4144522961325,NA
"5604",1994-05-11,12.0925073304052,NA
"5605",1994-05-12,11.1947746737297,NA
"5606",1994-05-13,11.1813686155663,NA
"5607",1994-05-14,10.9297394828573,NA
"5608",1994-05-15,10.7980052042749,NA
"5609",1994-05-16,10.7941521308724,NA
"5610",1994-05-17,11.4204072567986,NA
"5611",1994-05-18,11.7505843389554,NA
"5612",1994-05-19,12.0070872394595,NA
"5613",1994-05-20,11.9090188939413,NA
"5614",1994-05-21,12.4646341033042,NA
"5615",1994-05-22,12.6091495325852,NA
"5616",1994-05-23,13.1315255470211,NA
"5617",1994-05-24,13.7967244067722,NA
"5618",1994-05-25,13.7632103023101,NA
"5619",1994-05-26,14.3934321212992,NA
"5620",1994-05-27,14.5746789787578,NA
"5621",1994-05-28,14.3902216206659,NA
"5622",1994-05-29,14.3124785245697,NA
"5623",1994-05-30,14.4401933768201,NA
"5624",1994-05-31,13.2259357504914,NA
"5625",1994-06-01,12.9819457624377,NA
"5626",1994-06-02,12.6511505562685,NA
"5627",1994-06-03,12.6317410519296,NA
"5628",1994-06-04,12.4555505882704,NA
"5629",1994-06-05,12.3224936836491,NA
"5630",1994-06-06,11.7490096210726,NA
"5631",1994-06-07,11.9826840207809,NA
"5632",1994-06-08,12.0846694892768,NA
"5633",1994-06-09,11.3518755682992,NA
"5634",1994-06-10,10.4880241339614,NA
"5635",1994-06-11,10.5603220207851,NA
"5636",1994-06-12,10.2996881005646,NA
"5637",1994-06-13,10.2002225036177,NA
"5638",1994-06-14,9.93684249173834,NA
"5639",1994-06-15,10.10782991017,NA
"5640",1994-06-16,10.9074541207363,NA
"5641",1994-06-17,11.0799579523597,NA
"5642",1994-06-18,11.024432611076,NA
"5643",1994-06-19,11.0745893678624,NA
"5644",1994-06-20,10.7168115494122,NA
"5645",1994-06-21,11.0357079347001,NA
"5646",1994-06-22,11.1390400078622,NA
"5647",1994-06-23,10.9621865353595,NA
"5648",1994-06-24,11.0428444606584,NA
"5649",1994-06-25,10.5994238972139,NA
"5650",1994-06-26,10.4021663236029,NA
"5651",1994-06-27,9.87680672036471,NA
"5652",1994-06-28,9.07276834526537,NA
"5653",1994-06-29,8.48049637215024,NA
"5654",1994-06-30,7.82889789677215,NA
"5655",1994-07-01,7.30874750958815,NA
"5656",1994-07-02,7.48689028306264,NA
"5657",1994-07-03,7.87286307086493,NA
"5658",1994-07-04,8.90505031694019,NA
"5659",1994-07-05,9.53917790035551,NA
"5660",1994-07-06,10.1236973573561,NA
"5661",1994-07-07,10.6788382309115,NA
"5662",1994-07-08,11.299806895357,NA
"5663",1994-07-09,11.5368822043244,NA
"5664",1994-07-10,11.8719412694629,NA
"5665",1994-07-11,11.5835691654823,NA
"5666",1994-07-12,11.2326395316917,NA
"5667",1994-07-13,10.9334289878388,NA
"5668",1994-07-14,10.8174428367792,NA
"5669",1994-07-15,10.3705936336389,NA
"5670",1994-07-16,9.5312792359098,NA
"5671",1994-07-17,8.75926272432849,NA
"5672",1994-07-18,8.65597313781521,NA
"5673",1994-07-19,8.83270687306607,NA
"5674",1994-07-20,8.91473164844833,NA
"5675",1994-07-21,8.65952081211494,NA
"5676",1994-07-22,8.2124806239886,NA
"5677",1994-07-23,8.09389161426125,NA
"5678",1994-07-24,8.17404586486567,NA
"5679",1994-07-25,7.79404227219562,NA
"5680",1994-07-26,7.54585825314092,NA
"5681",1994-07-27,7.59263455548063,NA
"5682",1994-07-28,8.1450144352309,NA
"5683",1994-07-29,8.56444429577829,NA
"5684",1994-07-30,8.85960022076137,NA
"5685",1994-07-31,8.78490746574919,NA
"5686",1994-08-01,9.01850673966232,NA
"5687",1994-08-02,9.03649172080967,NA
"5688",1994-08-03,8.7514137072376,NA
"5689",1994-08-04,8.15318388977538,NA
"5690",1994-08-05,8.34337098141499,NA
"5691",1994-08-06,8.68139107972515,NA
"5692",1994-08-07,8.36401675215985,NA
"5693",1994-08-08,7.77505956451206,NA
"5694",1994-08-09,7.40056118255365,NA
"5695",1994-08-10,7.30736626497388,NA
"5696",1994-08-11,7.75703412276766,NA
"5697",1994-08-12,7.93566197828723,NA
"5698",1994-08-13,7.51013539566832,NA
"5699",1994-08-14,7.75619470935637,NA
"5700",1994-08-15,8.28602623797774,NA
"5701",1994-08-16,8.6833423042347,NA
"5702",1994-08-17,8.78768598131613,NA
"5703",1994-08-18,8.27173463324792,NA
"5704",1994-08-19,7.72207603507377,NA
"5705",1994-08-20,7.87368237526862,NA
"5706",1994-08-21,8.03885198592896,NA
"5707",1994-08-22,8.30115713344552,NA
"5708",1994-08-23,8.49723746713339,NA
"5709",1994-08-24,8.88902999185337,NA
"5710",1994-08-25,9.43752593742552,NA
"5711",1994-08-26,10.058916471433,NA
"5712",1994-08-27,11.0707561040776,NA
"5713",1994-08-28,11.1602346659803,NA
"5714",1994-08-29,10.9777148613507,NA
"5715",1994-08-30,10.7776066861382,NA
"5716",1994-08-31,10.685317816648,NA
"5717",1994-09-01,11.1345474561101,NA
"5718",1994-09-02,11.7767331342025,NA
"5719",1994-09-03,11.4675819638371,NA
"5720",1994-09-04,11.77774336665,NA
"5721",1994-09-05,12.0472302634499,NA
"5722",1994-09-06,11.8221413993878,NA
"5723",1994-09-07,11.3512886808739,NA
"5724",1994-09-08,10.6296543852792,NA
"5725",1994-09-09,9.71278077516597,NA
"5726",1994-09-10,9.70431681266062,NA
"5727",1994-09-11,10.2075559114406,NA
"5728",1994-09-12,10.322221053266,NA
"5729",1994-09-13,10.8575624532428,NA
"5730",1994-09-14,10.9521104423831,NA
"5731",1994-09-15,11.2719584852611,NA
"5732",1994-09-16,11.3735611814013,NA
"5733",1994-09-17,11.4953679047648,NA
"5734",1994-09-18,10.473321570593,NA
"5735",1994-09-19,10.1755611998737,NA
"5736",1994-09-20,10.0248363820888,NA
"5737",1994-09-21,10.3217301990395,NA
"5738",1994-09-22,10.4237412275163,NA
"5739",1994-09-23,10.7452148866784,NA
"5740",1994-09-24,10.2774713668708,NA
"5741",1994-09-25,10.6398835063844,NA
"5742",1994-09-26,10.2935029273829,NA
"5743",1994-09-27,10.2098384404509,NA
"5744",1994-09-28,10.4738905088392,NA
"5745",1994-09-29,10.0241576266005,NA
"5746",1994-09-30,9.94458951619373,NA
"5747",1994-10-01,10.433166733298,NA
"5748",1994-10-02,10.44250649532,NA
"5749",1994-10-03,11.1846964821773,NA
"5750",1994-10-04,11.5262517595904,NA
"5751",1994-10-05,11.3888262477251,NA
"5752",1994-10-06,11.7764389824753,NA
"5753",1994-10-07,11.5399923691605,NA
"5754",1994-10-08,11.2619767235022,NA
"5755",1994-10-09,11.2858932443656,NA
"5756",1994-10-10,11.5701178603911,NA
"5757",1994-10-11,11.6791787316377,NA
"5758",1994-10-12,11.9469742213125,NA
"5759",1994-10-13,12.1749341676589,NA
"5760",1994-10-14,13.3084280856055,NA
"5761",1994-10-15,14.7018273345892,NA
"5762",1994-10-16,15.9344194587541,NA
"5763",1994-10-17,15.639759210064,NA
"5764",1994-10-18,15.8993742747346,NA
"5765",1994-10-19,15.9198998157837,NA
"5766",1994-10-20,15.6448251766493,NA
"5767",1994-10-21,14.9352467858036,NA
"5768",1994-10-22,14.2377997143816,NA
"5769",1994-10-23,14.2666191278077,NA
"5770",1994-10-24,15.9943752250602,NA
"5771",1994-10-25,16.8083270665644,NA
"5772",1994-10-26,17.2460045251179,NA
"5773",1994-10-27,17.715332270737,NA
"5774",1994-10-28,17.7072776988099,NA
"5775",1994-10-29,17.4679516489198,NA
"5776",1994-10-30,16.7692700420607,NA
"5777",1994-10-31,15.9416671618138,NA
"5778",1994-11-01,14.8083983677117,NA
"5779",1994-11-02,14.4158797261536,NA
"5780",1994-11-03,13.9810302925709,NA
"5781",1994-11-04,14.1028890146274,NA
"5782",1994-11-05,14.1521533245926,NA
"5783",1994-11-06,13.942663924809,NA
"5784",1994-11-07,12.8061429568485,NA
"5785",1994-11-08,13.0549360078632,NA
"5786",1994-11-09,13.5519055558114,NA
"5787",1994-11-10,15.0380790849293,NA
"5788",1994-11-11,15.5157715056629,NA
"5789",1994-11-12,15.3535673865487,NA
"5790",1994-11-13,15.4426868255147,NA
"5791",1994-11-14,16.1534955069709,NA
"5792",1994-11-15,16.1007273097959,NA
"5793",1994-11-16,16.0770776469423,NA
"5794",1994-11-17,15.311537922142,NA
"5795",1994-11-18,16.0780719144512,NA
"5796",1994-11-19,17.3662837013601,NA
"5797",1994-11-20,17.3991220401119,NA
"5798",1994-11-21,17.0047758008173,NA
"5799",1994-11-22,17.0531764327744,NA
"5800",1994-11-23,17.6510542368002,NA
"5801",1994-11-24,18.3324125973428,NA
"5802",1994-11-25,18.0668726275279,NA
"5803",1994-11-26,18.2300098629777,NA
"5804",1994-11-27,18.4483203942257,NA
"5805",1994-11-28,18.9161176504602,NA
"5806",1994-11-29,18.9369212474954,NA
"5807",1994-11-30,17.8700384635585,NA
"5808",1994-12-01,17.2150419254604,NA
"5809",1994-12-02,17.5235086965929,NA
"5810",1994-12-03,17.6430953527048,NA
"5811",1994-12-04,18.9905599489469,NA
"5812",1994-12-05,20.3501258035153,NA
"5813",1994-12-06,21.7959227864135,NA
"5814",1994-12-07,21.9915738546159,NA
"5815",1994-12-08,21.8200944184807,NA
"5816",1994-12-09,21.4108192413947,NA
"5817",1994-12-10,21.1018524411783,NA
"5818",1994-12-11,21.1954549754715,NA
"5819",1994-12-12,21.0138704928362,NA
"5820",1994-12-13,19.7726852666383,NA
"5821",1994-12-14,20.0685371336248,NA
"5822",1994-12-15,20.6636436639494,NA
"5823",1994-12-16,21.0969405267611,NA
"5824",1994-12-17,21.265215161813,NA
"5825",1994-12-18,21.350512124128,NA
"5826",1994-12-19,21.2831643056805,NA
"5827",1994-12-20,21.8082643839088,NA
"5828",1994-12-21,21.779934805445,NA
"5829",1994-12-22,21.6366900777844,NA
"5830",1994-12-23,21.3482571727206,NA
"5831",1994-12-24,20.7854970776385,NA
"5832",1994-12-25,19.7830605735605,NA
"5833",1994-12-26,19.2536634662259,NA
"5834",1994-12-27,19.0061636617492,NA
"5835",1994-12-28,19.1308221501322,NA
"5836",1994-12-29,19.0633698684279,NA
"5837",1994-12-30,19.3085854924829,NA
"5838",1994-12-31,19.9066762821976,NA
"5839",1995-01-01,19.7307848371488,NA
"5840",1995-01-02,19.5858782095457,NA
"5841",1995-01-03,19.6725377183521,NA
"5842",1995-01-04,20.2666700211566,NA
"5843",1995-01-05,20.7552471479793,NA
"5844",1995-01-06,20.3310944977677,NA
"5845",1995-01-07,19.6592611018012,NA
"5846",1995-01-08,19.80422736817,NA
"5847",1995-01-09,20.1499120217049,NA
"5848",1995-01-10,20.3879035988689,NA
"5849",1995-01-11,20.4953099189987,NA
"5850",1995-01-12,20.7096423872419,NA
"5851",1995-01-13,21.8371540123392,NA
"5852",1995-01-14,22.3063958600334,NA
"5853",1995-01-15,22.514040784258,NA
"5854",1995-01-16,22.4487301283943,NA
"5855",1995-01-17,22.2737938675608,NA
"5856",1995-01-18,22.2137698799822,NA
"5857",1995-01-19,22.2775819050907,NA
"5858",1995-01-20,21.4371072495733,NA
"5859",1995-01-21,20.7689170736982,NA
"5860",1995-01-22,20.5880839074743,NA
"5861",1995-01-23,20.6684338614347,NA
"5862",1995-01-24,20.6024237150847,NA
"5863",1995-01-25,20.33281163713,NA
"5864",1995-01-26,20.0022276961546,NA
"5865",1995-01-27,20.5286404997255,NA
"5866",1995-01-28,21.0187652903827,NA
"5867",1995-01-29,21.1382835162916,NA
"5868",1995-01-30,20.7829115894913,NA
"5869",1995-01-31,20.4506935074807,NA
"5870",1995-02-01,20.507820606978,NA
"5871",1995-02-02,20.3220231673001,NA
"5872",1995-02-03,19.7652584863702,NA
"5873",1995-02-04,20.003027224301,NA
"5874",1995-02-05,19.329231282157,NA
"5875",1995-02-06,18.952075591856,NA
"5876",1995-02-07,18.933803988999,NA
"5877",1995-02-08,18.3640162308716,NA
"5878",1995-02-09,17.8228168601173,NA
"5879",1995-02-10,18.0985939847615,NA
"5880",1995-02-11,18.142614187144,NA
"5881",1995-02-12,19.5124441426711,NA
"5882",1995-02-13,20.706523345124,NA
"5883",1995-02-14,21.512189320539,NA
"5884",1995-02-15,22.1266766647428,NA
"5885",1995-02-16,22.1043728493496,NA
"5886",1995-02-17,22.0338415234516,NA
"5887",1995-02-18,21.7542017845896,NA
"5888",1995-02-19,21.1075808129638,NA
"5889",1995-02-20,20.4830872854479,NA
"5890",1995-02-21,19.9983210167135,NA
"5891",1995-02-22,19.2340898439579,NA
"5892",1995-02-23,19.8849025459469,NA
"5893",1995-02-24,20.7701222282074,NA
"5894",1995-02-25,21.5718480017345,NA
"5895",1995-02-26,22.1315009269662,NA
"5896",1995-02-27,22.1376314812478,NA
"5897",1995-02-28,22.0109238482835,NA
"5898",1995-03-01,22.131170210622,NA
"5899",1995-03-02,22.0899659673516,NA
"5900",1995-03-03,21.8604118270752,NA
"5901",1995-03-04,21.3797867108638,NA
"5902",1995-03-05,21.0936885026332,NA
"5903",1995-03-06,21.5412277987324,NA
"5904",1995-03-07,21.5561170378305,NA
"5905",1995-03-08,21.2948642438798,NA
"5906",1995-03-09,20.7903131863637,NA
"5907",1995-03-10,20.2626206919269,NA
"5908",1995-03-11,19.9940742590225,NA
"5909",1995-03-12,18.925557419708,NA
"5910",1995-03-13,17.5010983530615,NA
"5911",1995-03-14,16.8976050613338,NA
"5912",1995-03-15,16.3171439831836,NA
"5913",1995-03-16,16.1862627613964,NA
"5914",1995-03-17,16.2407425597132,NA
"5915",1995-03-18,15.6749938393473,NA
"5916",1995-03-19,15.8846550548788,NA
"5917",1995-03-20,16.2099937143106,NA
"5918",1995-03-21,16.3479400988603,NA
"5919",1995-03-22,16.7136550092808,NA
"5920",1995-03-23,16.8843802364207,NA
"5921",1995-03-24,16.1074636202725,NA
"5922",1995-03-25,15.691981366934,NA
"5923",1995-03-26,15.689362945109,NA
"5924",1995-03-27,15.2522388350582,NA
"5925",1995-03-28,14.9613940826972,NA
"5926",1995-03-29,14.669440459266,NA
"5927",1995-03-30,14.2696972178709,NA
"5928",1995-03-31,13.9698576551567,NA
"5929",1995-04-01,14.0743273900765,NA
"5930",1995-04-02,13.4334815660018,NA
"5931",1995-04-03,13.649071767108,NA
"5932",1995-04-04,13.1852923524681,NA
"5933",1995-04-05,12.7246745379428,NA
"5934",1995-04-06,12.2204514558547,NA
"5935",1995-04-07,12.3182972358956,NA
"5936",1995-04-08,12.3156362131686,NA
"5937",1995-04-09,12.3977873724348,NA
"5938",1995-04-10,11.7942877783362,NA
"5939",1995-04-11,11.7028305534423,NA
"5940",1995-04-12,11.832054383054,NA
"5941",1995-04-13,12.4508578080163,NA
"5942",1995-04-14,13.2427127088785,NA
"5943",1995-04-15,14.1308074438764,NA
"5944",1995-04-16,14.1750122922094,NA
"5945",1995-04-17,14.0937469001161,NA
"5946",1995-04-18,14.1063064967039,NA
"5947",1995-04-19,13.9290487278591,NA
"5948",1995-04-20,13.6975929230867,NA
"5949",1995-04-21,12.9082882984099,NA
"5950",1995-04-22,12.3302998119683,NA
"5951",1995-04-23,12.8880860900924,NA
"5952",1995-04-24,12.8845712713897,NA
"5953",1995-04-25,13.125431326747,NA
"5954",1995-04-26,13.2179535190831,NA
"5955",1995-04-27,12.9025972040898,NA
"5956",1995-04-28,13.5906645431462,NA
"5957",1995-04-29,13.9193206119579,NA
"5958",1995-04-30,13.7471972763807,NA
"5959",1995-05-01,14.0374996505236,NA
"5960",1995-05-02,14.0171841645734,NA
"5961",1995-05-03,13.7032971306525,NA
"5962",1995-05-04,13.6579348979063,NA
"5963",1995-05-05,12.8942516599588,NA
"5964",1995-05-06,12.0730966066806,NA
"5965",1995-05-07,11.6057727642819,NA
"5966",1995-05-08,11.4953928013869,NA
"5967",1995-05-09,11.4053649771064,NA
"5968",1995-05-10,12.0921900708714,NA
"5969",1995-05-11,13.0518704175861,NA
"5970",1995-05-12,13.9918408567363,NA
"5971",1995-05-13,14.2479381314533,NA
"5972",1995-05-14,14.08305010635,NA
"5973",1995-05-15,14.07034374399,NA
"5974",1995-05-16,13.9517241838575,NA
"5975",1995-05-17,13.2930682885581,NA
"5976",1995-05-18,12.225675721102,NA
"5977",1995-05-19,11.5219975850144,NA
"5978",1995-05-20,10.8128785070073,NA
"5979",1995-05-21,10.6273206023074,NA
"5980",1995-05-22,10.3238031433944,NA
"5981",1995-05-23,10.3546266904679,NA
"5982",1995-05-24,10.7299007339388,NA
"5983",1995-05-25,10.8965441026064,NA
"5984",1995-05-26,10.5378100800762,NA
"5985",1995-05-27,10.9261331463582,NA
"5986",1995-05-28,11.3092421127853,NA
"5987",1995-05-29,11.3905114585838,NA
"5988",1995-05-30,11.0795866836937,NA
"5989",1995-05-31,10.6955475495559,NA
"5990",1995-06-01,10.3128459205524,NA
"5991",1995-06-02,10.1546225632119,NA
"5992",1995-06-03,9.81709390176878,NA
"5993",1995-06-04,9.73213308015154,NA
"5994",1995-06-05,9.94841411432406,NA
"5995",1995-06-06,10.5182060340906,NA
"5996",1995-06-07,11.3391091856269,NA
"5997",1995-06-08,12.5787282382503,NA
"5998",1995-06-09,13.5335462742248,NA
"5999",1995-06-10,13.9424361968989,NA
"6000",1995-06-11,13.8991345899895,NA
"6001",1995-06-12,13.6082832105417,NA
"6002",1995-06-13,12.8299908091227,NA
"6003",1995-06-14,11.7793535280821,NA
"6004",1995-06-15,10.7189899104251,NA
"6005",1995-06-16,9.83043169938448,NA
"6006",1995-06-17,9.2884350026666,NA
"6007",1995-06-18,9.30968310641478,NA
"6008",1995-06-19,9.29646993660273,NA
"6009",1995-06-20,9.28725888941191,NA
"6010",1995-06-21,8.95604243454058,NA
"6011",1995-06-22,8.3151514303443,NA
"6012",1995-06-23,8.07886994261071,NA
"6013",1995-06-24,8.23424170311228,NA
"6014",1995-06-25,8.10146884591095,NA
"6015",1995-06-26,8.25138659599622,NA
"6016",1995-06-27,8.33215490408791,NA
"6017",1995-06-28,8.85471579684748,NA
"6018",1995-06-29,9.51726372994852,NA
"6019",1995-06-30,9.78193687790886,NA
"6020",1995-07-01,9.66890887343137,NA
"6021",1995-07-02,9.99144179272587,NA
"6022",1995-07-03,9.54396467463996,NA
"6023",1995-07-04,9.4173493119462,NA
"6024",1995-07-05,9.26639358808073,NA
"6025",1995-07-06,9.23524708646152,NA
"6026",1995-07-07,9.09230586918738,NA
"6027",1995-07-08,9.01638333627687,NA
"6028",1995-07-09,8.31064133221308,NA
"6029",1995-07-10,8.25273141859763,NA
"6030",1995-07-11,8.53099521803728,NA
"6031",1995-07-12,9.03584708562739,NA
"6032",1995-07-13,9.24811562855723,NA
"6033",1995-07-14,9.24070480225023,NA
"6034",1995-07-15,9.42219256737522,NA
"6035",1995-07-16,10.0444417512813,NA
"6036",1995-07-17,10.3390598133943,NA
"6037",1995-07-18,10.0087847335848,NA
"6038",1995-07-19,9.28055377991808,NA
"6039",1995-07-20,8.94558505591574,NA
"6040",1995-07-21,8.96042165559158,NA
"6041",1995-07-22,8.95087184316093,NA
"6042",1995-07-23,8.68092334946327,NA
"6043",1995-07-24,8.48182842832313,NA
"6044",1995-07-25,8.48181435450112,NA
"6045",1995-07-26,8.75388066664106,NA
"6046",1995-07-27,8.86050357569029,NA
"6047",1995-07-28,8.66991290984677,NA
"6048",1995-07-29,8.44489712479669,NA
"6049",1995-07-30,8.46490567865123,NA
"6050",1995-07-31,8.39009728178254,NA
"6051",1995-08-01,8.55031469250855,NA
"6052",1995-08-02,8.10616386576572,NA
"6053",1995-08-03,8.07761098768857,NA
"6054",1995-08-04,8.29653893260912,NA
"6055",1995-08-05,8.45423549059796,NA
"6056",1995-08-06,8.23456042923953,NA
"6057",1995-08-07,8.16091250837487,NA
"6058",1995-08-08,7.90263058201274,NA
"6059",1995-08-09,8.36936991637202,NA
"6060",1995-08-10,8.19794689629526,NA
"6061",1995-08-11,7.98528128152142,NA
"6062",1995-08-12,7.90120077858919,NA
"6063",1995-08-13,8.13301375435915,NA
"6064",1995-08-14,8.63630429108658,NA
"6065",1995-08-15,9.2630211834054,NA
"6066",1995-08-16,9.88806020306325,NA
"6067",1995-08-17,10.8127106243542,NA
"6068",1995-08-18,11.6288200041222,NA
"6069",1995-08-19,12.3894916649235,NA
"6070",1995-08-20,13.4258471060595,NA
"6071",1995-08-21,13.5269670502828,NA
"6072",1995-08-22,13.900312195337,NA
"6073",1995-08-23,13.5781050375545,NA
"6074",1995-08-24,13.8651956878972,NA
"6075",1995-08-25,13.366703320263,NA
"6076",1995-08-26,13.1968388593018,NA
"6077",1995-08-27,11.9996451331256,NA
"6078",1995-08-28,11.6147538387037,NA
"6079",1995-08-29,11.5532799717756,NA
"6080",1995-08-30,11.4236511210534,NA
"6081",1995-08-31,10.3038345824494,NA
"6082",1995-09-01,10.3592462422241,NA
"6083",1995-09-02,9.90754822352572,NA
"6084",1995-09-03,10.5261486534566,NA
"6085",1995-09-04,10.1967161537231,NA
"6086",1995-09-05,8.933297533205,NA
"6087",1995-09-06,8.31119018472,NA
"6088",1995-09-07,8.35585443123871,NA
"6089",1995-09-08,8.57139182838039,NA
"6090",1995-09-09,8.8221234985044,NA
"6091",1995-09-10,8.56231073289547,NA
"6092",1995-09-11,9.13202618141219,NA
"6093",1995-09-12,10.3379972637755,NA
"6094",1995-09-13,11.9355319014321,NA
"6095",1995-09-14,11.9999562740768,NA
"6096",1995-09-15,11.9772670290198,NA
"6097",1995-09-16,12.0549007607501,NA
"6098",1995-09-17,12.1743765560745,NA
"6099",1995-09-18,13.2159291269219,NA
"6100",1995-09-19,13.0230089201064,NA
"6101",1995-09-20,12.2917622425298,NA
"6102",1995-09-21,12.6999187947545,NA
"6103",1995-09-22,12.9836164173361,NA
"6104",1995-09-23,13.0060607727148,NA
"6105",1995-09-24,12.7941918150405,NA
"6106",1995-09-25,11.6751115685731,NA
"6107",1995-09-26,11.4909697389848,NA
"6108",1995-09-27,11.9551093174833,NA
"6109",1995-09-28,12.0357409744491,NA
"6110",1995-09-29,12.3214279457893,NA
"6111",1995-09-30,12.807138567798,NA
"6112",1995-10-01,13.110035182094,NA
"6113",1995-10-02,13.2764661515159,NA
"6114",1995-10-03,13.2228311769865,NA
"6115",1995-10-04,12.9565861414779,NA
"6116",1995-10-05,12.7067296353673,NA
"6117",1995-10-06,12.3705587151885,NA
"6118",1995-10-07,11.6996327541924,NA
"6119",1995-10-08,11.440596115897,NA
"6120",1995-10-09,12.2225304143622,NA
"6121",1995-10-10,13.103490303264,NA
"6122",1995-10-11,13.3195907022727,NA
"6123",1995-10-12,14.0195246683671,NA
"6124",1995-10-13,13.909534513009,NA
"6125",1995-10-14,13.9150761773608,NA
"6126",1995-10-15,13.8805786558684,NA
"6127",1995-10-16,13.9345513793309,NA
"6128",1995-10-17,14.0028270752208,NA
"6129",1995-10-18,14.3976277554542,NA
"6130",1995-10-19,14.3239336272572,NA
"6131",1995-10-20,13.9699589575692,NA
"6132",1995-10-21,14.1603989962652,NA
"6133",1995-10-22,14.2340869772597,NA
"6134",1995-10-23,13.4491419327075,NA
"6135",1995-10-24,12.647611238761,NA
"6136",1995-10-25,12.0108430025538,NA
"6137",1995-10-26,11.7544235871127,NA
"6138",1995-10-27,12.4551086126716,NA
"6139",1995-10-28,12.7735677626795,NA
"6140",1995-10-29,13.2487710502024,NA
"6141",1995-10-30,13.3717108082719,NA
"6142",1995-10-31,14.0727645099884,NA
"6143",1995-11-01,15.1601732945808,NA
"6144",1995-11-02,15.5574018632608,NA
"6145",1995-11-03,15.8111260631243,NA
"6146",1995-11-04,15.8040640825344,NA
"6147",1995-11-05,15.7204448588272,NA
"6148",1995-11-06,15.8220438029212,NA
"6149",1995-11-07,15.2015766948857,NA
"6150",1995-11-08,15.2449749944512,NA
"6151",1995-11-09,15.3713880173108,NA
"6152",1995-11-10,15.1619015934836,NA
"6153",1995-11-11,14.9000560139553,NA
"6154",1995-11-12,15.3078850262542,NA
"6155",1995-11-13,16.1817000934738,NA
"6156",1995-11-14,16.5678974830459,NA
"6157",1995-11-15,15.713941969515,NA
"6158",1995-11-16,16.0078195559751,NA
"6159",1995-11-17,17.0789657285069,NA
"6160",1995-11-18,17.4433184904188,NA
"6161",1995-11-19,17.1696697775584,NA
"6162",1995-11-20,17.1524461118149,NA
"6163",1995-11-21,17.3019708630649,NA
"6164",1995-11-22,17.1908011964747,NA
"6165",1995-11-23,16.6895307258812,NA
"6166",1995-11-24,15.4294926369854,NA
"6167",1995-11-25,16.0850228413966,NA
"6168",1995-11-26,16.8955686905415,NA
"6169",1995-11-27,17.2300337895664,NA
"6170",1995-11-28,17.4586607230122,NA
"6171",1995-11-29,17.8410545156573,NA
"6172",1995-11-30,17.9301618634097,NA
"6173",1995-12-01,18.202151811621,NA
"6174",1995-12-02,18.0535435202271,NA
"6175",1995-12-03,17.8902050543023,NA
"6176",1995-12-04,16.7585660345777,NA
"6177",1995-12-05,16.1619534340073,NA
"6178",1995-12-06,15.7754223105852,NA
"6179",1995-12-07,15.8814030012141,NA
"6180",1995-12-08,17.0286616105416,NA
"6181",1995-12-09,16.8997771458518,NA
"6182",1995-12-10,16.0851298003262,NA
"6183",1995-12-11,15.9094246171137,NA
"6184",1995-12-12,15.990426698082,NA
"6185",1995-12-13,16.5376475290226,NA
"6186",1995-12-14,16.8567066359357,NA
"6187",1995-12-15,16.8679509457197,NA
"6188",1995-12-16,17.3274446653831,NA
"6189",1995-12-17,18.3917193230502,NA
"6190",1995-12-18,18.8106527820674,NA
"6191",1995-12-19,18.8785907120095,NA
"6192",1995-12-20,18.5217320376755,NA
"6193",1995-12-21,18.0892911707103,NA
"6194",1995-12-22,16.9877707820067,NA
"6195",1995-12-23,16.1445607397397,NA
"6196",1995-12-24,15.275112437613,NA
"6197",1995-12-25,15.7152877098912,NA
"6198",1995-12-26,16.4330203445742,NA
"6199",1995-12-27,16.9165185765882,NA
"6200",1995-12-28,17.2375344678328,NA
"6201",1995-12-29,17.9821773274992,NA
"6202",1995-12-30,19.0957823668304,NA
"6203",1995-12-31,19.647058547607,NA
"6204",1996-01-01,19.4777691880207,NA
"6205",1996-01-02,19.0353143438561,NA
"6206",1996-01-03,18.9408355091834,NA
"6207",1996-01-04,19.0269959365274,NA
"6208",1996-01-05,19.209352339107,NA
"6209",1996-01-06,19.2564008859623,NA
"6210",1996-01-07,19.4004607344834,NA
"6211",1996-01-08,20.0029907214969,NA
"6212",1996-01-09,20.6347422603828,NA
"6213",1996-01-10,21.0489310954761,NA
"6214",1996-01-11,21.3562149558356,NA
"6215",1996-01-12,21.3402966481331,NA
"6216",1996-01-13,21.4851855308859,NA
"6217",1996-01-14,22.0154444034214,NA
"6218",1996-01-15,21.8379755043881,NA
"6219",1996-01-16,21.6114664604456,NA
"6220",1996-01-17,21.5835475624812,NA
"6221",1996-01-18,21.6653864349948,NA
"6222",1996-01-19,21.9557311873982,NA
"6223",1996-01-20,21.0252598954348,NA
"6224",1996-01-21,19.8248456910629,NA
"6225",1996-01-22,19.5822193176683,NA
"6226",1996-01-23,19.9664269067569,NA
"6227",1996-01-24,19.1644563492946,NA
"6228",1996-01-25,18.0827167830606,NA
"6229",1996-01-26,16.6867418019764,NA
"6230",1996-01-27,17.0945577177808,NA
"6231",1996-01-28,17.5665455048991,NA
"6232",1996-01-29,17.6702130194775,NA
"6233",1996-01-30,17.7783933454261,NA
"6234",1996-01-31,18.1741369168329,NA
"6235",1996-02-01,18.4426385099335,NA
"6236",1996-02-02,18.3435036750914,NA
"6237",1996-02-03,18.351720638026,NA
"6238",1996-02-04,18.5171783483302,NA
"6239",1996-02-05,18.9157844458634,NA
"6240",1996-02-06,18.8469767156012,NA
"6241",1996-02-07,19.5360257338722,NA
"6242",1996-02-08,19.131237525118,NA
"6243",1996-02-09,19.0570403842169,NA
"6244",1996-02-10,18.8455045538448,NA
"6245",1996-02-11,18.0534253153306,NA
"6246",1996-02-12,17.3083409933654,NA
"6247",1996-02-13,16.7072686145586,NA
"6248",1996-02-14,16.2593007983868,NA
"6249",1996-02-15,17.3298999604129,NA
"6250",1996-02-16,18.1563317149194,NA
"6251",1996-02-17,18.8490803891576,NA
"6252",1996-02-18,19.4100722991076,NA
"6253",1996-02-19,19.9851110721878,NA
"6254",1996-02-20,20.5157251119447,NA
"6255",1996-02-21,20.8340128984688,NA
"6256",1996-02-22,21.1349770779157,NA
"6257",1996-02-23,21.3516625957429,NA
"6258",1996-02-24,21.5550143237488,NA
"6259",1996-02-25,21.9632454640412,NA
"6260",1996-02-26,22.0408458031095,NA
"6261",1996-02-27,21.493309076799,NA
"6262",1996-02-28,20.7593786935629,NA
"6263",1996-02-29,19.7972923151898,NA
"6264",1996-03-01,19.0397637809665,NA
"6265",1996-03-02,18.2061843434516,NA
"6266",1996-03-03,17.3398847460604,NA
"6267",1996-03-04,17.2396893795913,NA
"6268",1996-03-05,18.4925249289446,NA
"6269",1996-03-06,18.9284322683098,NA
"6270",1996-03-07,19.0493780616807,NA
"6271",1996-03-08,19.0957500434905,NA
"6272",1996-03-09,19.3627622889987,NA
"6273",1996-03-10,19.639213388833,NA
"6274",1996-03-11,19.8406911690222,NA
"6275",1996-03-12,19.6450127842484,NA
"6276",1996-03-13,19.9288935298166,NA
"6277",1996-03-14,20.4974735161355,NA
"6278",1996-03-15,20.9421095936251,NA
"6279",1996-03-16,20.6275409441352,NA
"6280",1996-03-17,19.8450253830815,NA
"6281",1996-03-18,18.8945602339446,NA
"6282",1996-03-19,17.4178084272971,NA
"6283",1996-03-20,16.4573064621499,NA
"6284",1996-03-21,15.441192996378,NA
"6285",1996-03-22,14.2625315707021,NA
"6286",1996-03-23,14.4085871402315,NA
"6287",1996-03-24,15.4528456171945,NA
"6288",1996-03-25,16.3561526505852,NA
"6289",1996-03-26,17.3498455501682,NA
"6290",1996-03-27,18.0310878222246,NA
"6291",1996-03-28,19.0681759814958,NA
"6292",1996-03-29,19.4971793311113,NA
"6293",1996-03-30,19.3728720765516,NA
"6294",1996-03-31,18.7527038861349,NA
"6295",1996-04-01,17.9185939150998,NA
"6296",1996-04-02,17.3917774558356,NA
"6297",1996-04-03,16.6618231840705,NA
"6298",1996-04-04,15.4674673065791,NA
"6299",1996-04-05,15.5182357669464,NA
"6300",1996-04-06,15.9248697973266,NA
"6301",1996-04-07,15.7129991791205,NA
"6302",1996-04-08,15.4704660626069,NA
"6303",1996-04-09,14.9850720355719,NA
"6304",1996-04-10,14.7202585773789,NA
"6305",1996-04-11,14.4867953791183,NA
"6306",1996-04-12,14.1389261463785,NA
"6307",1996-04-13,13.5342141222552,NA
"6308",1996-04-14,13.5825690418025,NA
"6309",1996-04-15,13.5747742886793,NA
"6310",1996-04-16,13.5683565094212,NA
"6311",1996-04-17,13.5100784400733,NA
"6312",1996-04-18,13.3223528877956,NA
"6313",1996-04-19,12.6865921067515,NA
"6314",1996-04-20,12.7464832810794,NA
"6315",1996-04-21,12.4579331153351,NA
"6316",1996-04-22,12.2639565666676,NA
"6317",1996-04-23,12.4367011407617,NA
"6318",1996-04-24,12.9707544673048,NA
"6319",1996-04-25,13.3492431333692,NA
"6320",1996-04-26,13.7962510145836,NA
"6321",1996-04-27,12.9781893172784,NA
"6322",1996-04-28,12.6206361497741,NA
"6323",1996-04-29,12.5373735730165,NA
"6324",1996-04-30,12.2699970383031,NA
"6325",1996-05-01,12.0580269812398,NA
"6326",1996-05-02,12.1587174711012,NA
"6327",1996-05-03,12.3428813229728,NA
"6328",1996-05-04,13.5506052593636,NA
"6329",1996-05-05,14.5355779816557,NA
"6330",1996-05-06,14.9447029799758,NA
"6331",1996-05-07,15.0732220329658,NA
"6332",1996-05-08,14.8504055554584,NA
"6333",1996-05-09,14.8966895288418,NA
"6334",1996-05-10,15.0194244830952,NA
"6335",1996-05-11,14.4669798156965,NA
"6336",1996-05-12,13.4548413148397,NA
"6337",1996-05-13,12.8872502247603,NA
"6338",1996-05-14,12.7280963476183,NA
"6339",1996-05-15,12.6308268778235,NA
"6340",1996-05-16,11.6637793801335,NA
"6341",1996-05-17,10.6131357962957,NA
"6342",1996-05-18,10.6096912649124,NA
"6343",1996-05-19,10.72759856532,NA
"6344",1996-05-20,10.8030726791444,NA
"6345",1996-05-21,11.0097784574219,NA
"6346",1996-05-22,11.2326115156734,NA
"6347",1996-05-23,11.5736998281817,NA
"6348",1996-05-24,11.6827985479222,NA
"6349",1996-05-25,11.2914064640925,NA
"6350",1996-05-26,11.1822164727961,NA
"6351",1996-05-27,11.0531607096799,NA
"6352",1996-05-28,10.9905116623993,NA
"6353",1996-05-29,10.6193988429746,NA
"6354",1996-05-30,10.5471259238213,NA
"6355",1996-05-31,10.7349297453391,NA
"6356",1996-06-01,10.6976088890468,NA
"6357",1996-06-02,10.8365823629473,NA
"6358",1996-06-03,11.5312798282928,NA
"6359",1996-06-04,11.1454885046479,NA
"6360",1996-06-05,11.332614709445,NA
"6361",1996-06-06,11.3211665105992,NA
"6362",1996-06-07,10.924412609997,NA
"6363",1996-06-08,10.9068036056396,NA
"6364",1996-06-09,10.682484358952,NA
"6365",1996-06-10,9.86026961166774,NA
"6366",1996-06-11,9.40758896023166,NA
"6367",1996-06-12,8.48163481841587,NA
"6368",1996-06-13,7.7196707627568,NA
"6369",1996-06-14,7.34455131094589,NA
"6370",1996-06-15,6.79962542248201,NA
"6371",1996-06-16,6.88734571281279,NA
"6372",1996-06-17,7.45351372236138,NA
"6373",1996-06-18,8.46206690904755,NA
"6374",1996-06-19,9.29652115023821,NA
"6375",1996-06-20,9.70109496011392,NA
"6376",1996-06-21,10.0423380571721,NA
"6377",1996-06-22,10.8304506048784,NA
"6378",1996-06-23,11.0589803737663,NA
"6379",1996-06-24,10.9911079288581,NA
"6380",1996-06-25,10.7458644530778,NA
"6381",1996-06-26,10.4825450146433,NA
"6382",1996-06-27,10.5527780524778,NA
"6383",1996-06-28,10.9473443706212,NA
"6384",1996-06-29,10.9505634698443,NA
"6385",1996-06-30,10.8313476488442,NA
"6386",1996-07-01,10.619072694987,NA
"6387",1996-07-02,10.2069180049667,NA
"6388",1996-07-03,10.3768204133658,NA
"6389",1996-07-04,10.6897184042277,NA
"6390",1996-07-05,10.5444147286681,NA
"6391",1996-07-06,10.0563177281737,NA
"6392",1996-07-07,9.63814566236262,NA
"6393",1996-07-08,9.09145849761691,NA
"6394",1996-07-09,8.80557333469335,NA
"6395",1996-07-10,8.36616989135896,NA
"6396",1996-07-11,7.97110253014004,NA
"6397",1996-07-12,7.52258663951436,NA
"6398",1996-07-13,7.31330654405121,NA
"6399",1996-07-14,7.30120870870992,NA
"6400",1996-07-15,7.49101253750643,NA
"6401",1996-07-16,7.86059518721703,NA
"6402",1996-07-17,8.49753479233898,NA
"6403",1996-07-18,9.31051373094301,NA
"6404",1996-07-19,9.79936444733618,NA
"6405",1996-07-20,10.0782406177956,NA
"6406",1996-07-21,10.511584924643,NA
"6407",1996-07-22,10.9828857159976,NA
"6408",1996-07-23,11.1319624278099,NA
"6409",1996-07-24,10.5361446163451,NA
"6410",1996-07-25,9.9674722042158,NA
"6411",1996-07-26,9.57027845778341,NA
"6412",1996-07-27,9.98280548384239,NA
"6413",1996-07-28,9.89663522480723,NA
"6414",1996-07-29,9.68982459037282,NA
"6415",1996-07-30,9.40726954430425,NA
"6416",1996-07-31,9.83434353631258,NA
"6417",1996-08-01,10.0621840173942,NA
"6418",1996-08-02,10.6328441945089,NA
"6419",1996-08-03,10.4279698103826,NA
"6420",1996-08-04,10.2661799471116,NA
"6421",1996-08-05,10.3691563257824,NA
"6422",1996-08-06,10.3147452410907,NA
"6423",1996-08-07,9.60339739262271,NA
"6424",1996-08-08,9.21421750364571,NA
"6425",1996-08-09,9.06567215574418,NA
"6426",1996-08-10,9.02981243067025,NA
"6427",1996-08-11,9.65075816042503,NA
"6428",1996-08-12,10.0805700005964,NA
"6429",1996-08-13,10.8670263027604,NA
"6430",1996-08-14,11.1608741458766,NA
"6431",1996-08-15,11.3803132235491,NA
"6432",1996-08-16,11.2513634281479,NA
"6433",1996-08-17,10.7335082266616,NA
"6434",1996-08-18,9.60544766711484,NA
"6435",1996-08-19,8.8019678537453,NA
"6436",1996-08-20,8.23934776787882,NA
"6437",1996-08-21,8.5247297927629,NA
"6438",1996-08-22,8.33785115173459,NA
"6439",1996-08-23,8.23620809085452,NA
"6440",1996-08-24,8.92826501641962,NA
"6441",1996-08-25,9.78007659893341,NA
"6442",1996-08-26,10.5650656912189,NA
"6443",1996-08-27,11.0839112535733,NA
"6444",1996-08-28,11.2390790485014,NA
"6445",1996-08-29,11.5710233152099,NA
"6446",1996-08-30,11.6533096123417,NA
"6447",1996-08-31,11.2670586246162,NA
"6448",1996-09-01,11.2546044030914,NA
"6449",1996-09-02,10.7535487371697,NA
"6450",1996-09-03,10.3937697744862,NA
"6451",1996-09-04,10.6185158376121,NA
"6452",1996-09-05,10.6024303564639,NA
"6453",1996-09-06,10.9331441321819,NA
"6454",1996-09-07,11.2428840271307,NA
"6455",1996-09-08,11.2896695791848,NA
"6456",1996-09-09,11.3929265316096,NA
"6457",1996-09-10,11.4662284162205,NA
"6458",1996-09-11,11.4682073950605,NA
"6459",1996-09-12,10.9681042005994,NA
"6460",1996-09-13,10.8110935225527,NA
"6461",1996-09-14,11.2687946302347,NA
"6462",1996-09-15,12.0878427076895,NA
"6463",1996-09-16,12.7131989240428,NA
"6464",1996-09-17,13.003818288383,NA
"6465",1996-09-18,13.7158293684007,NA
"6466",1996-09-19,13.9518517906207,NA
"6467",1996-09-20,13.3085216808652,NA
"6468",1996-09-21,12.8033320690164,NA
"6469",1996-09-22,12.6033271108547,NA
"6470",1996-09-23,11.9888834825337,NA
"6471",1996-09-24,11.1845974361012,NA
"6472",1996-09-25,10.1825358852286,NA
"6473",1996-09-26,9.79619007066705,NA
"6474",1996-09-27,10.2465284344038,NA
"6475",1996-09-28,10.5617530165974,NA
"6476",1996-09-29,10.2286040551296,NA
"6477",1996-09-30,10.1517105258772,NA
"6478",1996-10-01,10.909478318172,NA
"6479",1996-10-02,11.2243162444742,NA
"6480",1996-10-03,12.316469975642,NA
"6481",1996-10-04,13.6129110667862,NA
"6482",1996-10-05,13.5274715385294,NA
"6483",1996-10-06,13.2673016178507,NA
"6484",1996-10-07,13.5749783443609,NA
"6485",1996-10-08,13.8671541762068,NA
"6486",1996-10-09,14.5975564979639,NA
"6487",1996-10-10,15.5493730754878,NA
"6488",1996-10-11,14.9746282209707,NA
"6489",1996-10-12,14.9116273469422,NA
"6490",1996-10-13,15.1336069930793,NA
"6491",1996-10-14,15.7897945272308,NA
"6492",1996-10-15,16.7619663007446,NA
"6493",1996-10-16,15.8791773155213,NA
"6494",1996-10-17,14.5892279499597,NA
"6495",1996-10-18,14.6435906135794,NA
"6496",1996-10-19,14.1567133291407,NA
"6497",1996-10-20,13.8454516593435,NA
"6498",1996-10-21,13.2459851410582,NA
"6499",1996-10-22,12.3521845874778,NA
"6500",1996-10-23,13.8237382182265,NA
"6501",1996-10-24,15.1376095698807,NA
"6502",1996-10-25,14.7452959500183,NA
"6503",1996-10-26,15.2624585516525,NA
"6504",1996-10-27,15.5491049859708,NA
"6505",1996-10-28,15.4354976577424,NA
"6506",1996-10-29,15.0324355714861,NA
"6507",1996-10-30,13.6945115451623,NA
"6508",1996-10-31,12.7901682445948,NA
"6509",1996-11-01,13.8608196020956,NA
"6510",1996-11-02,15.2561691245383,NA
"6511",1996-11-03,15.2883035538762,NA
"6512",1996-11-04,15.3045902135361,NA
"6513",1996-11-05,15.3214716914878,NA
"6514",1996-11-06,15.6322587820408,NA
"6515",1996-11-07,15.9368319135737,NA
"6516",1996-11-08,15.9779079901495,NA
"6517",1996-11-09,14.8615511524497,NA
"6518",1996-11-10,14.6349654830069,NA
"6519",1996-11-11,14.9466960405371,NA
"6520",1996-11-12,15.5521975853981,NA
"6521",1996-11-13,16.066476176315,NA
"6522",1996-11-14,15.5646472256737,NA
"6523",1996-11-15,14.7442018345538,NA
"6524",1996-11-16,15.4516136785528,NA
"6525",1996-11-17,15.6183002417601,NA
"6526",1996-11-18,15.2497321683128,NA
"6527",1996-11-19,14.7501304932488,NA
"6528",1996-11-20,14.0002047821807,NA
"6529",1996-11-21,13.8261708994215,NA
"6530",1996-11-22,13.7286280940428,NA
"6531",1996-11-23,13.3980241935302,NA
"6532",1996-11-24,14.710334467359,NA
"6533",1996-11-25,15.6903430269223,NA
"6534",1996-11-26,15.929656273406,NA
"6535",1996-11-27,16.2428963448604,NA
"6536",1996-11-28,16.6506055640493,NA
"6537",1996-11-29,16.7893169455456,NA
"6538",1996-11-30,16.4919861771048,NA
"6539",1996-12-01,15.5271931972979,NA
"6540",1996-12-02,15.0946034262371,NA
"6541",1996-12-03,15.3883965957449,NA
"6542",1996-12-04,15.3470702250292,NA
"6543",1996-12-05,16.0120162662562,NA
"6544",1996-12-06,16.1257862697959,NA
"6545",1996-12-07,15.9768156361388,NA
"6546",1996-12-08,16.029011020919,NA
"6547",1996-12-09,15.7411900480828,NA
"6548",1996-12-10,15.2986463677984,NA
"6549",1996-12-11,15.5703661290699,NA
"6550",1996-12-12,15.3744546505221,NA
"6551",1996-12-13,16.1434015290405,NA
"6552",1996-12-14,17.6749355980095,NA
"6553",1996-12-15,18.7049851250701,NA
"6554",1996-12-16,18.9711381467103,NA
"6555",1996-12-17,19.0200646660336,NA
"6556",1996-12-18,18.8716095119421,NA
"6557",1996-12-19,18.629167753702,NA
"6558",1996-12-20,18.5628179105481,NA
"6559",1996-12-21,18.9335172241042,NA
"6560",1996-12-22,18.4169527952122,NA
"6561",1996-12-23,18.6655203365722,NA
"6562",1996-12-24,19.6033648006752,NA
"6563",1996-12-25,19.8050485893457,NA
"6564",1996-12-26,19.7880167902267,NA
"6565",1996-12-27,19.7702299307358,NA
"6566",1996-12-28,18.6803171169959,NA
"6567",1996-12-29,18.2991929503508,NA
"6568",1996-12-30,18.0343207399888,NA
"6569",1996-12-31,17.1943785756543,NA
"6570",1997-01-01,17.3939806134,NA
"6571",1997-01-02,18.0465339081289,NA
"6572",1997-01-03,18.5979854623892,NA
"6573",1997-01-04,19.7940585060794,NA
"6574",1997-01-05,21.0042350676067,NA
"6575",1997-01-06,21.15100700136,NA
"6576",1997-01-07,21.0029948061786,NA
"6577",1997-01-08,20.9505396117248,NA
"6578",1997-01-09,20.8429250220637,NA
"6579",1997-01-10,20.453984698866,NA
"6580",1997-01-11,19.8247935131896,NA
"6581",1997-01-12,19.3775790426799,NA
"6582",1997-01-13,20.333393655583,NA
"6583",1997-01-14,21.2453063316315,NA
"6584",1997-01-15,21.2294950095758,NA
"6585",1997-01-16,21.0119589261748,NA
"6586",1997-01-17,20.9312122303636,NA
"6587",1997-01-18,21.0261596129128,NA
"6588",1997-01-19,21.459311159938,NA
"6589",1997-01-20,21.8988951779625,NA
"6590",1997-01-21,21.6294523455825,NA
"6591",1997-01-22,21.6053962663963,NA
"6592",1997-01-23,21.6029112156181,NA
"6593",1997-01-24,21.5130977445023,NA
"6594",1997-01-25,21.4440397624369,NA
"6595",1997-01-26,21.2505817795388,NA
"6596",1997-01-27,20.207330397896,NA
"6597",1997-01-28,19.8382575363754,NA
"6598",1997-01-29,20.1932276308151,NA
"6599",1997-01-30,20.9641323138781,NA
"6600",1997-01-31,21.6575575590048,NA
"6601",1997-02-01,21.5771323625177,NA
"6602",1997-02-02,21.2195275752738,NA
"6603",1997-02-03,21.5340369401205,NA
"6604",1997-02-04,22.2682414529523,NA
"6605",1997-02-05,22.7822039328277,NA
"6606",1997-02-06,22.9194222020501,NA
"6607",1997-02-07,22.8460294199914,NA
"6608",1997-02-08,22.9109960856569,NA
"6609",1997-02-09,22.7903113688841,NA
"6610",1997-02-10,22.4647107037883,NA
"6611",1997-02-11,21.8678943011232,NA
"6612",1997-02-12,21.0522530288728,NA
"6613",1997-02-13,20.5773328056568,NA
"6614",1997-02-14,20.7518768967561,NA
"6615",1997-02-15,20.8292883942943,NA
"6616",1997-02-16,21.2033122498131,NA
"6617",1997-02-17,21.9353362576315,NA
"6618",1997-02-18,22.5717260751994,NA
"6619",1997-02-19,22.9141172372587,NA
"6620",1997-02-20,23.0417519027941,NA
"6621",1997-02-21,23.074105996457,NA
"6622",1997-02-22,23.0722251454885,NA
"6623",1997-02-23,22.9893858143268,NA
"6624",1997-02-24,22.6587913042629,NA
"6625",1997-02-25,22.0187121304152,NA
"6626",1997-02-26,21.1129375331846,NA
"6627",1997-02-27,20.0798866242284,NA
"6628",1997-02-28,19.5313852026262,NA
"6629",1997-03-01,18.8916654464535,NA
"6630",1997-03-02,18.9047211745709,NA
"6631",1997-03-03,19.1116418412648,NA
"6632",1997-03-04,18.8375357594597,NA
"6633",1997-03-05,19.0229976191347,NA
"6634",1997-03-06,19.5317024880561,NA
"6635",1997-03-07,19.4833796058145,NA
"6636",1997-03-08,19.3669808090254,NA
"6637",1997-03-09,19.0250460949581,NA
"6638",1997-03-10,18.6953630573353,NA
"6639",1997-03-11,19.0994417696828,NA
"6640",1997-03-12,18.4736790475838,NA
"6641",1997-03-13,17.4860923784259,NA
"6642",1997-03-14,16.6921579447673,NA
"6643",1997-03-15,16.6318926492886,NA
"6644",1997-03-16,16.5222557610202,NA
"6645",1997-03-17,16.6692790022788,NA
"6646",1997-03-18,17.0360123133747,NA
"6647",1997-03-19,17.3592339084741,NA
"6648",1997-03-20,17.6068055599299,NA
"6649",1997-03-21,17.624427480451,NA
"6650",1997-03-22,17.5381453753246,NA
"6651",1997-03-23,17.5025559596574,NA
"6652",1997-03-24,17.1924699159109,NA
"6653",1997-03-25,16.5117080997918,NA
"6654",1997-03-26,16.8252572384945,NA
"6655",1997-03-27,16.5559680620683,NA
"6656",1997-03-28,16.1969365618838,NA
"6657",1997-03-29,15.7750864064321,NA
"6658",1997-03-30,15.6959333697522,NA
"6659",1997-03-31,15.3455463735771,NA
"6660",1997-04-01,15.069637409449,NA
"6661",1997-04-02,14.101852186626,NA
"6662",1997-04-03,14.1144976305509,NA
"6663",1997-04-04,14.5499270676592,NA
"6664",1997-04-05,15.0205232122681,NA
"6665",1997-04-06,14.8729787359915,NA
"6666",1997-04-07,14.5722129526295,NA
"6667",1997-04-08,14.2814677567528,NA
"6668",1997-04-09,14.3963949949257,NA
"6669",1997-04-10,14.0356212062071,NA
"6670",1997-04-11,13.7128437571207,NA
"6671",1997-04-12,13.6434755419677,NA
"6672",1997-04-13,14.4335000464388,NA
"6673",1997-04-14,15.0602197097825,NA
"6674",1997-04-15,14.9079399413915,NA
"6675",1997-04-16,14.8925735718437,NA
"6676",1997-04-17,15.2865574240099,NA
"6677",1997-04-18,14.9479204838087,NA
"6678",1997-04-19,14.7669538003429,NA
"6679",1997-04-20,14.5783579142097,NA
"6680",1997-04-21,14.8217937054122,NA
"6681",1997-04-22,15.2698041735126,NA
"6682",1997-04-23,15.7315100329584,NA
"6683",1997-04-24,15.1880426654838,NA
"6684",1997-04-25,15.3260915000892,NA
"6685",1997-04-26,15.2045613300208,NA
"6686",1997-04-27,15.0131801839113,NA
"6687",1997-04-28,15.2803221541431,NA
"6688",1997-04-29,15.5426840604043,NA
"6689",1997-04-30,16.0051172205991,NA
"6690",1997-05-01,17.1996652627008,NA
"6691",1997-05-02,17.5896750680819,NA
"6692",1997-05-03,17.9375722332215,NA
"6693",1997-05-04,17.2428421532016,NA
"6694",1997-05-05,16.1988637183056,NA
"6695",1997-05-06,15.4821462436034,NA
"6696",1997-05-07,13.7640530721482,NA
"6697",1997-05-08,12.1217605418938,NA
"6698",1997-05-09,11.0401868334192,NA
"6699",1997-05-10,10.1135690248046,NA
"6700",1997-05-11,10.1431161276837,NA
"6701",1997-05-12,10.0952634031113,NA
"6702",1997-05-13,9.87974010095187,NA
"6703",1997-05-14,10.1953146553804,NA
"6704",1997-05-15,10.0525831247462,NA
"6705",1997-05-16,10.4549698188627,NA
"6706",1997-05-17,10.5563399982862,NA
"6707",1997-05-18,10.5304642207915,NA
"6708",1997-05-19,10.7368038704587,NA
"6709",1997-05-20,11.1627775964802,NA
"6710",1997-05-21,11.6088415999733,NA
"6711",1997-05-22,12.3786678976323,NA
"6712",1997-05-23,12.4529000159779,NA
"6713",1997-05-24,12.4370155724578,NA
"6714",1997-05-25,13.0797585262563,NA
"6715",1997-05-26,13.1942972100176,NA
"6716",1997-05-27,13.2393145795691,NA
"6717",1997-05-28,13.0023619540585,NA
"6718",1997-05-29,11.9519071870787,NA
"6719",1997-05-30,11.035664901106,NA
"6720",1997-05-31,10.5344356538093,NA
"6721",1997-06-01,9.34022989339972,NA
"6722",1997-06-02,8.53285327049517,NA
"6723",1997-06-03,8.26069478957862,NA
"6724",1997-06-04,8.80008363590322,NA
"6725",1997-06-05,9.86137707431966,NA
"6726",1997-06-06,10.219524494029,NA
"6727",1997-06-07,10.5770609170297,NA
"6728",1997-06-08,11.0562065666201,NA
"6729",1997-06-09,11.5677943812256,NA
"6730",1997-06-10,11.4727502468999,NA
"6731",1997-06-11,10.9944706620644,NA
"6732",1997-06-12,10.7417529461242,NA
"6733",1997-06-13,10.5810373875475,NA
"6734",1997-06-14,10.210933701213,NA
"6735",1997-06-15,10.0644744660798,NA
"6736",1997-06-16,9.96732519324787,NA
"6737",1997-06-17,9.63188303230231,NA
"6738",1997-06-18,8.88344897358877,NA
"6739",1997-06-19,8.06042589992785,NA
"6740",1997-06-20,8.25702101404029,NA
"6741",1997-06-21,8.68895140088246,NA
"6742",1997-06-22,8.85810840491801,NA
"6743",1997-06-23,8.66727491697284,NA
"6744",1997-06-24,8.48352567512492,NA
"6745",1997-06-25,8.71014485200053,NA
"6746",1997-06-26,9.34422949508008,NA
"6747",1997-06-27,9.6770655074981,NA
"6748",1997-06-28,9.76600462432137,NA
"6749",1997-06-29,9.85039899106459,NA
"6750",1997-06-30,10.1448955937937,NA
"6751",1997-07-01,10.2085300955465,NA
"6752",1997-07-02,10.1904183719765,NA
"6753",1997-07-03,9.80187512445203,NA
"6754",1997-07-04,9.24893705562189,NA
"6755",1997-07-05,8.3765372415939,NA
"6756",1997-07-06,8.09612155596494,NA
"6757",1997-07-07,8.41990574711899,NA
"6758",1997-07-08,8.40009020906814,NA
"6759",1997-07-09,7.90706436614575,NA
"6760",1997-07-10,7.71422104092457,NA
"6761",1997-07-11,7.53397794746272,NA
"6762",1997-07-12,7.90510706457464,NA
"6763",1997-07-13,7.60630970123525,NA
"6764",1997-07-14,7.07439850911219,NA
"6765",1997-07-15,6.9468503309634,NA
"6766",1997-07-16,7.395826486748,NA
"6767",1997-07-17,7.53296037464754,NA
"6768",1997-07-18,7.86116372614473,NA
"6769",1997-07-19,7.94037074235664,NA
"6770",1997-07-20,8.2023263165874,NA
"6771",1997-07-21,8.37536972750179,NA
"6772",1997-07-22,8.78346440537836,NA
"6773",1997-07-23,8.64373312669897,NA
"6774",1997-07-24,8.38861766052474,NA
"6775",1997-07-25,8.83446913646187,NA
"6776",1997-07-26,9.00657807376351,NA
"6777",1997-07-27,9.34232053254101,NA
"6778",1997-07-28,8.81224639384704,NA
"6779",1997-07-29,8.37404708802914,NA
"6780",1997-07-30,8.70849570405186,NA
"6781",1997-07-31,8.71519568721406,NA
"6782",1997-08-01,7.84748192369903,NA
"6783",1997-08-02,7.22557972572918,NA
"6784",1997-08-03,6.30983938411082,NA
"6785",1997-08-04,6.24868042537143,NA
"6786",1997-08-05,7.05573479434653,NA
"6787",1997-08-06,7.28201558554269,NA
"6788",1997-08-07,7.40030672579175,NA
"6789",1997-08-08,7.58750327922519,NA
"6790",1997-08-09,8.40604026328458,NA
"6791",1997-08-10,9.57248940221406,NA
"6792",1997-08-11,10.0514886334107,NA
"6793",1997-08-12,9.90710167743907,NA
"6794",1997-08-13,9.82323714364433,NA
"6795",1997-08-14,10.2835726144967,NA
"6796",1997-08-15,11.1292243246723,NA
"6797",1997-08-16,11.3105111793088,NA
"6798",1997-08-17,10.6816165022462,NA
"6799",1997-08-18,10.3728644120084,NA
"6800",1997-08-19,10.0981205900919,NA
"6801",1997-08-20,9.77644723541447,NA
"6802",1997-08-21,9.42052873147013,NA
"6803",1997-08-22,9.19861262460982,NA
"6804",1997-08-23,8.15301924840867,NA
"6805",1997-08-24,7.81921535268302,NA
"6806",1997-08-25,7.95019040385883,NA
"6807",1997-08-26,7.96394407284338,NA
"6808",1997-08-27,8.2191427181076,NA
"6809",1997-08-28,8.75692825104941,NA
"6810",1997-08-29,9.32288812364751,NA
"6811",1997-08-30,10.3481909848307,NA
"6812",1997-08-31,11.2948502482528,NA
"6813",1997-09-01,12.1049911625043,NA
"6814",1997-09-02,12.4404033852034,NA
"6815",1997-09-03,12.4895938555863,NA
"6816",1997-09-04,12.4475019661406,NA
"6817",1997-09-05,11.7911145285771,NA
"6818",1997-09-06,11.9379948357439,NA
"6819",1997-09-07,11.8938418423544,NA
"6820",1997-09-08,11.5304031580738,NA
"6821",1997-09-09,11.4313446172258,NA
"6822",1997-09-10,11.5288343631866,NA
"6823",1997-09-11,11.3207983054134,NA
"6824",1997-09-12,11.2491235608007,NA
"6825",1997-09-13,11.4828339022821,NA
"6826",1997-09-14,11.5780791424814,NA
"6827",1997-09-15,11.5290535822042,NA
"6828",1997-09-16,11.3931160937739,NA
"6829",1997-09-17,11.4004570536568,NA
"6830",1997-09-18,12.1705345716338,NA
"6831",1997-09-19,12.4519398982309,NA
"6832",1997-09-20,12.1048037292654,NA
"6833",1997-09-21,11.866918742597,NA
"6834",1997-09-22,11.8121551923931,NA
"6835",1997-09-23,11.9385731394807,NA
"6836",1997-09-24,11.9192967650888,NA
"6837",1997-09-25,11.8570152279295,NA
"6838",1997-09-26,12.2407905158077,NA
"6839",1997-09-27,12.1929263007314,NA
"6840",1997-09-28,11.8907124526855,NA
"6841",1997-09-29,11.7058910104818,NA
"6842",1997-09-30,11.771591653257,NA
"6843",1997-10-01,12.7592981596419,NA
"6844",1997-10-02,12.4006882052194,NA
"6845",1997-10-03,11.5527233298157,NA
"6846",1997-10-04,11.3649572575104,NA
"6847",1997-10-05,11.7549331192225,NA
"6848",1997-10-06,12.3051414281886,NA
"6849",1997-10-07,12.6638794743792,NA
"6850",1997-10-08,11.7583092994587,NA
"6851",1997-10-09,13.0054918128448,NA
"6852",1997-10-10,14.6681393836141,NA
"6853",1997-10-11,15.2098555279509,NA
"6854",1997-10-12,15.1345511702928,NA
"6855",1997-10-13,15.2308363612507,NA
"6856",1997-10-14,14.735938108706,NA
"6857",1997-10-15,14.851416611299,NA
"6858",1997-10-16,13.5211738288681,NA
"6859",1997-10-17,12.0015853153337,NA
"6860",1997-10-18,11.3021414962644,NA
"6861",1997-10-19,11.2361936861539,NA
"6862",1997-10-20,10.8906243398753,NA
"6863",1997-10-21,11.4558550615913,NA
"6864",1997-10-22,11.8739827543591,NA
"6865",1997-10-23,12.858034906579,NA
"6866",1997-10-24,14.4435998234602,NA
"6867",1997-10-25,16.3544967812594,NA
"6868",1997-10-26,17.5342603632959,NA
"6869",1997-10-27,18.0129648578729,NA
"6870",1997-10-28,18.6727235153749,NA
"6871",1997-10-29,18.9508283813865,NA
"6872",1997-10-30,18.6933625191518,NA
"6873",1997-10-31,17.8275333404982,NA
"6874",1997-11-01,16.5424614614268,NA
"6875",1997-11-02,15.5138073459532,NA
"6876",1997-11-03,15.1921907637373,NA
"6877",1997-11-04,14.3282318833674,NA
"6878",1997-11-05,14.34731452111,NA
"6879",1997-11-06,15.1247785813673,NA
"6880",1997-11-07,15.7828768136366,NA
"6881",1997-11-08,16.2621830715811,NA
"6882",1997-11-09,17.420116020054,NA
"6883",1997-11-10,18.1114192842785,NA
"6884",1997-11-11,18.2644382450847,NA
"6885",1997-11-12,17.7507477395705,NA
"6886",1997-11-13,17.350120597482,NA
"6887",1997-11-14,16.6407896695363,NA
"6888",1997-11-15,15.9362874647988,NA
"6889",1997-11-16,14.6155065257512,NA
"6890",1997-11-17,13.7753599376238,NA
"6891",1997-11-18,13.6670944351252,NA
"6892",1997-11-19,13.7506469179351,NA
"6893",1997-11-20,13.8427666292446,NA
"6894",1997-11-21,15.3678130286447,NA
"6895",1997-11-22,17.3273085312277,NA
"6896",1997-11-23,18.2764250061948,NA
"6897",1997-11-24,19.211941066173,NA
"6898",1997-11-25,20.7427744524426,NA
"6899",1997-11-26,21.7024924764898,NA
"6900",1997-11-27,21.8816047858881,NA
"6901",1997-11-28,21.5654455180938,NA
"6902",1997-11-29,20.8482738480724,NA
"6903",1997-11-30,20.6901407542609,NA
"6904",1997-12-01,20.6007561741595,NA
"6905",1997-12-02,19.2930152527287,NA
"6906",1997-12-03,18.2475094747292,NA
"6907",1997-12-04,18.2349111272626,NA
"6908",1997-12-05,18.4044488242716,NA
"6909",1997-12-06,18.556338226383,NA
"6910",1997-12-07,18.8215650659286,NA
"6911",1997-12-08,18.9113796321113,NA
"6912",1997-12-09,18.9871779275593,NA
"6913",1997-12-10,19.5233300643624,NA
"6914",1997-12-11,19.9641964564051,NA
"6915",1997-12-12,20.2887482628629,NA
"6916",1997-12-13,20.4479162259724,NA
"6917",1997-12-14,20.0960651546932,NA
"6918",1997-12-15,19.6772494058214,NA
"6919",1997-12-16,19.7393183705387,NA
"6920",1997-12-17,19.3966047181647,NA
"6921",1997-12-18,18.2657866527762,NA
"6922",1997-12-19,17.573134127905,NA
"6923",1997-12-20,18.0441464253806,NA
"6924",1997-12-21,18.3191008944985,NA
"6925",1997-12-22,18.2811044000732,NA
"6926",1997-12-23,18.3984044636919,NA
"6927",1997-12-24,18.5222557263979,NA
"6928",1997-12-25,19.3062320542397,NA
"6929",1997-12-26,19.1364097670144,NA
"6930",1997-12-27,18.3268494874503,NA
"6931",1997-12-28,18.7489727065441,NA
"6932",1997-12-29,19.3668446943813,NA
"6933",1997-12-30,19.7270661168737,NA
"6934",1997-12-31,20.105235189161,NA
"6935",1998-01-01,20.5711869031256,NA
"6936",1998-01-02,20.8190343023298,NA
"6937",1998-01-03,20.9242032600081,NA
"6938",1998-01-04,20.6652395698669,NA
"6939",1998-01-05,20.4750512080098,NA
"6940",1998-01-06,20.3412199516315,NA
"6941",1998-01-07,19.7715187609962,NA
"6942",1998-01-08,19.5061931345061,NA
"6943",1998-01-09,19.9869909756116,NA
"6944",1998-01-10,20.6869381206267,NA
"6945",1998-01-11,21.4037463061445,NA
"6946",1998-01-12,21.8452409835125,NA
"6947",1998-01-13,22.2965848786366,NA
"6948",1998-01-14,22.5654336617066,NA
"6949",1998-01-15,22.3598070883277,NA
"6950",1998-01-16,22.4435703468437,NA
"6951",1998-01-17,22.4240274355316,NA
"6952",1998-01-18,21.8270930545628,NA
"6953",1998-01-19,21.2073538707469,NA
"6954",1998-01-20,20.4275661278135,NA
"6955",1998-01-21,20.4091323140091,NA
"6956",1998-01-22,20.4688992235258,NA
"6957",1998-01-23,19.790424730413,NA
"6958",1998-01-24,19.0370071273065,NA
"6959",1998-01-25,19.0704009412838,NA
"6960",1998-01-26,19.1993742018664,NA
"6961",1998-01-27,19.3856411592588,NA
"6962",1998-01-28,18.4342988099366,NA
"6963",1998-01-29,18.0875773859514,NA
"6964",1998-01-30,18.1697559671104,NA
"6965",1998-01-31,18.794772342108,NA
"6966",1998-02-01,19.8503055583065,NA
"6967",1998-02-02,20.0106349651376,NA
"6968",1998-02-03,19.8361821521878,NA
"6969",1998-02-04,20.7140497835924,NA
"6970",1998-02-05,21.1051742105035,NA
"6971",1998-02-06,21.4295348764844,NA
"6972",1998-02-07,20.8302063249983,NA
"6973",1998-02-08,19.6526622296694,NA
"6974",1998-02-09,19.4379065684275,NA
"6975",1998-02-10,19.7731576705534,NA
"6976",1998-02-11,19.5281351230332,NA
"6977",1998-02-12,19.2539477814183,NA
"6978",1998-02-13,18.833965278697,NA
"6979",1998-02-14,19.3269626605371,NA
"6980",1998-02-15,19.4673705848557,NA
"6981",1998-02-16,18.9036452494569,NA
"6982",1998-02-17,18.2378657132534,NA
"6983",1998-02-18,18.3024399265497,NA
"6984",1998-02-19,18.3153789347788,NA
"6985",1998-02-20,17.9239579173927,NA
"6986",1998-02-21,17.6871533385299,NA
"6987",1998-02-22,17.7285185377695,NA
"6988",1998-02-23,18.430084999247,NA
"6989",1998-02-24,19.4163532342079,NA
"6990",1998-02-25,20.0756625189,NA
"6991",1998-02-26,20.6560503509114,NA
"6992",1998-02-27,20.675496960383,NA
"6993",1998-02-28,20.5365812051196,NA
"6994",1998-03-01,20.7267481565928,NA
"6995",1998-03-02,20.9252295222147,NA
"6996",1998-03-03,20.7896592503198,NA
"6997",1998-03-04,19.8136575566657,NA
"6998",1998-03-05,18.8275418356125,NA
"6999",1998-03-06,18.797480692704,NA
"7000",1998-03-07,18.7816577482933,NA
"7001",1998-03-08,18.7641670283123,NA
"7002",1998-03-09,18.7523021161603,NA
"7003",1998-03-10,18.7369380542657,NA
"7004",1998-03-11,19.9808361943994,NA
"7005",1998-03-12,21.0127452182947,NA
"7006",1998-03-13,21.2433941970941,NA
"7007",1998-03-14,21.1526572093088,NA
"7008",1998-03-15,20.7459936551811,NA
"7009",1998-03-16,20.2587122961332,NA
"7010",1998-03-17,19.6180861759528,NA
"7011",1998-03-18,18.241833413088,NA
"7012",1998-03-19,17.2586672271856,NA
"7013",1998-03-20,17.9154084750203,NA
"7014",1998-03-21,19.1395712177063,NA
"7015",1998-03-22,20.3605661119997,NA
"7016",1998-03-23,20.1582698721372,NA
"7017",1998-03-24,19.7824973071468,NA
"7018",1998-03-25,19.6365979853896,NA
"7019",1998-03-26,19.3930806361673,NA
"7020",1998-03-27,18.8658136674375,NA
"7021",1998-03-28,17.4240453756448,NA
"7022",1998-03-29,16.1618992165239,NA
"7023",1998-03-30,16.4375234424616,NA
"7024",1998-03-31,16.3478796555182,NA
"7025",1998-04-01,15.9465268533881,NA
"7026",1998-04-02,15.4242696783599,NA
"7027",1998-04-03,14.8215237867198,NA
"7028",1998-04-04,14.9925991469272,NA
"7029",1998-04-05,14.8141341411215,NA
"7030",1998-04-06,15.0112186265708,NA
"7031",1998-04-07,16.029383367131,NA
"7032",1998-04-08,15.9734201393884,NA
"7033",1998-04-09,15.6711308236802,NA
"7034",1998-04-10,15.5274848745645,NA
"7035",1998-04-11,15.4944235748222,NA
"7036",1998-04-12,15.2932704238972,NA
"7037",1998-04-13,14.2712468972941,NA
"7038",1998-04-14,13.0445553317081,NA
"7039",1998-04-15,13.0016128537999,NA
"7040",1998-04-16,13.0480871407272,NA
"7041",1998-04-17,12.6955257549568,NA
"7042",1998-04-18,12.3886220052307,NA
"7043",1998-04-19,12.6682161492216,NA
"7044",1998-04-20,13.5936229855505,NA
"7045",1998-04-21,13.5661166865061,NA
"7046",1998-04-22,13.3909772497622,NA
"7047",1998-04-23,13.3406406082107,NA
"7048",1998-04-24,13.816647660976,NA
"7049",1998-04-25,13.6653504984092,NA
"7050",1998-04-26,13.1042939024456,NA
"7051",1998-04-27,12.4080727720339,NA
"7052",1998-04-28,12.5430706984982,NA
"7053",1998-04-29,12.99285623637,NA
"7054",1998-04-30,12.6490048649943,NA
"7055",1998-05-01,11.7973830083593,NA
"7056",1998-05-02,11.6236169041033,NA
"7057",1998-05-03,11.8121609204848,NA
"7058",1998-05-04,11.8876424770817,NA
"7059",1998-05-05,11.6139587481211,NA
"7060",1998-05-06,11.0787911328489,NA
"7061",1998-05-07,10.7675372899154,NA
"7062",1998-05-08,10.6661051633565,NA
"7063",1998-05-09,10.1721559657691,NA
"7064",1998-05-10,10.1790707698856,NA
"7065",1998-05-11,10.3724598029172,NA
"7066",1998-05-12,10.7813074682652,NA
"7067",1998-05-13,11.5336674237665,NA
"7068",1998-05-14,12.7649420247,NA
"7069",1998-05-15,13.8828124599704,NA
"7070",1998-05-16,14.8330147015522,NA
"7071",1998-05-17,14.6954457432772,NA
"7072",1998-05-18,14.6763273161203,NA
"7073",1998-05-19,14.7029804444072,NA
"7074",1998-05-20,13.7051316583538,NA
"7075",1998-05-21,12.5744406103963,NA
"7076",1998-05-22,11.7466455863071,NA
"7077",1998-05-23,11.2011969638251,NA
"7078",1998-05-24,10.9562179664633,NA
"7079",1998-05-25,10.0447641092577,NA
"7080",1998-05-26,9.44860009006615,NA
"7081",1998-05-27,9.93717593608527,NA
"7082",1998-05-28,10.6433283664221,NA
"7083",1998-05-29,11.1386185602222,NA
"7084",1998-05-30,11.2789683313386,NA
"7085",1998-05-31,11.3736823351357,NA
"7086",1998-06-01,12.0313410598801,NA
"7087",1998-06-02,12.1011908430153,NA
"7088",1998-06-03,12.1521522411106,NA
"7089",1998-06-04,12.3208585463978,NA
"7090",1998-06-05,12.7016744860236,NA
"7091",1998-06-06,12.3242963130677,NA
"7092",1998-06-07,11.8358752754416,NA
"7093",1998-06-08,11.0672391189026,NA
"7094",1998-06-09,10.3597827093289,NA
"7095",1998-06-10,9.69606193670106,NA
"7096",1998-06-11,9.29804452481702,NA
"7097",1998-06-12,8.36620558771611,NA
"7098",1998-06-13,8.56126529736709,NA
"7099",1998-06-14,8.96213040061823,NA
"7100",1998-06-15,9.26347528137861,NA
"7101",1998-06-16,9.20100485988599,NA
"7102",1998-06-17,8.62842796059083,NA
"7103",1998-06-18,7.588653872451,NA
"7104",1998-06-19,7.426086738309,NA
"7105",1998-06-20,7.62483803650677,NA
"7106",1998-06-21,6.98811823837251,NA
"7107",1998-06-22,6.63056842836349,NA
"7108",1998-06-23,7.0369833930337,NA
"7109",1998-06-24,7.56732392076266,NA
"7110",1998-06-25,8.14689699019992,NA
"7111",1998-06-26,7.84650625541175,NA
"7112",1998-06-27,7.30585152536737,NA
"7113",1998-06-28,7.22152992177483,NA
"7114",1998-06-29,7.18232330939698,NA
"7115",1998-06-30,6.97810724927729,NA
"7116",1998-07-01,7.14562067701195,NA
"7117",1998-07-02,7.19048623743399,NA
"7118",1998-07-03,7.38113329731675,NA
"7119",1998-07-04,7.88783984803487,NA
"7120",1998-07-05,8.86843906536454,NA
"7121",1998-07-06,9.35759101353238,NA
"7122",1998-07-07,9.89125686189462,NA
"7123",1998-07-08,9.7238545681647,NA
"7124",1998-07-09,9.22912339117324,NA
"7125",1998-07-10,9.05702385875454,NA
"7126",1998-07-11,8.21531412461883,NA
"7127",1998-07-12,7.25755728351585,NA
"7128",1998-07-13,6.57380182580059,NA
"7129",1998-07-14,5.8370222742828,NA
"7130",1998-07-15,5.30437432078686,NA
"7131",1998-07-16,5.33196823777476,NA
"7132",1998-07-17,5.37898068593311,NA
"7133",1998-07-18,5.32063439148115,NA
"7134",1998-07-19,5.90124530192271,NA
"7135",1998-07-20,6.43676748197901,NA
"7136",1998-07-21,7.18584965547922,NA
"7137",1998-07-22,7.85481338589121,NA
"7138",1998-07-23,8.16525578213839,NA
"7139",1998-07-24,8.39217887205906,NA
"7140",1998-07-25,9.22868244877974,NA
"7141",1998-07-26,9.31762450010172,NA
"7142",1998-07-27,9.47782925712842,NA
"7143",1998-07-28,9.0217313472287,NA
"7144",1998-07-29,8.69568853752021,NA
"7145",1998-07-30,8.60530484221195,NA
"7146",1998-07-31,8.81361887651442,NA
"7147",1998-08-01,8.61862022183871,NA
"7148",1998-08-02,8.34383013359308,NA
"7149",1998-08-03,8.74125729940928,NA
"7150",1998-08-04,9.0935663102054,NA
"7151",1998-08-05,9.31682529518299,NA
"7152",1998-08-06,9.73115475738742,NA
"7153",1998-08-07,9.71802853103561,NA
"7154",1998-08-08,9.57953780860579,NA
"7155",1998-08-09,9.82340852303267,NA
"7156",1998-08-10,9.88567465578247,NA
"7157",1998-08-11,10.4016242895712,NA
"7158",1998-08-12,11.1706034919945,NA
"7159",1998-08-13,11.3854151241101,NA
"7160",1998-08-14,11.3334611238446,NA
"7161",1998-08-15,11.2058227844501,NA
"7162",1998-08-16,11.2877916865158,NA
"7163",1998-08-17,10.9428478532983,NA
"7164",1998-08-18,10.5963223588209,NA
"7165",1998-08-19,10.4454829423378,NA
"7166",1998-08-20,10.9020825104395,NA
"7167",1998-08-21,11.6026271179983,NA
"7168",1998-08-22,11.7113015865535,NA
"7169",1998-08-23,11.0962261787357,NA
"7170",1998-08-24,11.2336743937243,NA
"7171",1998-08-25,10.955458814621,NA
"7172",1998-08-26,10.6831130775982,NA
"7173",1998-08-27,10.000011868443,NA
"7174",1998-08-28,9.38540417388555,NA
"7175",1998-08-29,9.69241398013059,NA
"7176",1998-08-30,10.2016815601118,NA
"7177",1998-08-31,10.4110517200781,NA
"7178",1998-09-01,11.2086248495824,NA
"7179",1998-09-02,11.6309776862148,NA
"7180",1998-09-03,11.9477253847871,NA
"7181",1998-09-04,12.2108421202374,NA
"7182",1998-09-05,11.8864892059534,NA
"7183",1998-09-06,11.8918093921364,NA
"7184",1998-09-07,11.6579301007298,NA
"7185",1998-09-08,10.8926850178486,NA
"7186",1998-09-09,10.7343713335496,NA
"7187",1998-09-10,11.3472440540609,NA
"7188",1998-09-11,11.7671605194148,NA
"7189",1998-09-12,12.4512217892317,NA
"7190",1998-09-13,12.5461243365367,NA
"7191",1998-09-14,12.5053454267161,NA
"7192",1998-09-15,12.4995491952635,NA
"7193",1998-09-16,12.4493283833109,NA
"7194",1998-09-17,12.2993903104076,NA
"7195",1998-09-18,12.5640237696702,NA
"7196",1998-09-19,12.2478925330706,NA
"7197",1998-09-20,12.1966546334073,NA
"7198",1998-09-21,13.0003678941605,NA
"7199",1998-09-22,14.2836980369153,NA
"7200",1998-09-23,14.0994982757708,NA
"7201",1998-09-24,13.1512914040946,NA
"7202",1998-09-25,12.2592826984052,NA
"7203",1998-09-26,12.72414698568,NA
"7204",1998-09-27,13.9078206275088,NA
"7205",1998-09-28,14.2596816806315,NA
"7206",1998-09-29,13.8281648639226,NA
"7207",1998-09-30,15.00099211043,NA
"7208",1998-10-01,16.4929916854627,NA
"7209",1998-10-02,17.1856361469731,NA
"7210",1998-10-03,16.8745259104757,NA
"7211",1998-10-04,16.0203074822586,NA
"7212",1998-10-05,15.5307537230838,NA
"7213",1998-10-06,14.8662664254289,NA
"7214",1998-10-07,13.5423894165717,NA
"7215",1998-10-08,12.3656359003467,NA
"7216",1998-10-09,11.4691435245418,NA
"7217",1998-10-10,11.3287578394098,NA
"7218",1998-10-11,11.4914171278649,NA
"7219",1998-10-12,11.2318049975297,NA
"7220",1998-10-13,11.3316354010858,NA
"7221",1998-10-14,12.2974883520281,NA
"7222",1998-10-15,12.5042384852285,NA
"7223",1998-10-16,13.614497580098,NA
"7224",1998-10-17,14.974325026562,NA
"7225",1998-10-18,14.7582368911551,NA
"7226",1998-10-19,14.1674464729275,NA
"7227",1998-10-20,14.3314314191971,NA
"7228",1998-10-21,13.7379025796543,NA
"7229",1998-10-22,13.6510592954861,NA
"7230",1998-10-23,13.2028237326258,NA
"7231",1998-10-24,12.7078312542741,NA
"7232",1998-10-25,13.3530125672565,NA
"7233",1998-10-26,13.4606605665247,NA
"7234",1998-10-27,12.8294132219671,NA
"7235",1998-10-28,12.7456085624033,NA
"7236",1998-10-29,13.3971827193536,NA
"7237",1998-10-30,13.3837010052108,NA
"7238",1998-10-31,12.4995643341498,NA
"7239",1998-11-01,12.1096610560073,NA
"7240",1998-11-02,13.1423377976755,NA
"7241",1998-11-03,15.1707078542431,NA
"7242",1998-11-04,16.2021794160468,NA
"7243",1998-11-05,16.1193555947708,NA
"7244",1998-11-06,17.0577528677018,NA
"7245",1998-11-07,17.4023341848469,NA
"7246",1998-11-08,17.434702504532,NA
"7247",1998-11-09,17.3216513270107,NA
"7248",1998-11-10,16.9642605215659,NA
"7249",1998-11-11,16.4119673354633,NA
"7250",1998-11-12,16.1870512004981,NA
"7251",1998-11-13,15.042264909175,NA
"7252",1998-11-14,15.7640783606557,NA
"7253",1998-11-15,15.8900865081285,NA
"7254",1998-11-16,15.6291035285241,NA
"7255",1998-11-17,14.7496280854395,NA
"7256",1998-11-18,14.5911014977425,NA
"7257",1998-11-19,14.856132624181,NA
"7258",1998-11-20,15.6575776704194,NA
"7259",1998-11-21,15.1452156003901,NA
"7260",1998-11-22,15.0878301994822,NA
"7261",1998-11-23,15.4810538324385,NA
"7262",1998-11-24,16.2821134605294,NA
"7263",1998-11-25,17.3518879858467,NA
"7264",1998-11-26,18.695258934294,NA
"7265",1998-11-27,18.0164466044081,NA
"7266",1998-11-28,17.6898793455244,NA
"7267",1998-11-29,17.7601802108489,NA
"7268",1998-11-30,17.6470824184873,NA
"7269",1998-12-01,17.8924215616835,NA
"7270",1998-12-02,17.9324198062705,NA
"7271",1998-12-03,16.6842106543289,NA
"7272",1998-12-04,16.6960525633345,NA
"7273",1998-12-05,17.0257641574688,NA
"7274",1998-12-06,17.3120424237533,NA
"7275",1998-12-07,17.4245757803056,NA
"7276",1998-12-08,17.4824218512826,NA
"7277",1998-12-09,17.7909739797443,NA
"7278",1998-12-10,19.2395901296136,NA
"7279",1998-12-11,21.1712650734771,NA
"7280",1998-12-12,21.9768108631179,NA
"7281",1998-12-13,21.96515350524,NA
"7282",1998-12-14,22.0370292191253,NA
"7283",1998-12-15,21.7964799521255,NA
"7284",1998-12-16,21.4607156378617,NA
"7285",1998-12-17,20.5878706580517,NA
"7286",1998-12-18,19.3916187119661,NA
"7287",1998-12-19,19.1588443402411,NA
"7288",1998-12-20,18.8630465127366,NA
"7289",1998-12-21,18.7075434265255,NA
"7290",1998-12-22,18.8359922533176,NA
"7291",1998-12-23,19.4888213013774,NA
"7292",1998-12-24,20.4603940193799,NA
"7293",1998-12-25,20.822467986324,NA
"7294",1998-12-26,19.7612278550302,NA
"7295",1998-12-27,19.8145939017568,NA
"7296",1998-12-28,19.807499315495,NA
"7297",1998-12-29,19.7312870212808,NA
"7298",1998-12-30,19.1730014914031,NA
"7299",1998-12-31,18.4638938922435,NA
"7300",1999-01-01,18.4126993203932,NA
"7301",1999-01-02,20.0009815461556,NA
"7302",1999-01-03,20.9209736253928,NA
"7303",1999-01-04,21.9385524928262,NA
"7304",1999-01-05,22.6050396714039,NA
"7305",1999-01-06,22.9076116716941,NA
"7306",1999-01-07,22.8561813401762,NA
"7307",1999-01-08,22.7469898600975,NA
"7308",1999-01-09,22.6252677546398,NA
"7309",1999-01-10,22.8461516512854,NA
"7310",1999-01-11,22.3645309139977,NA
"7311",1999-01-12,21.7812073516628,NA
"7312",1999-01-13,21.049574813429,NA
"7313",1999-01-14,21.234934294825,NA
"7314",1999-01-15,21.703559120891,NA
"7315",1999-01-16,21.7694583381477,NA
"7316",1999-01-17,21.4124250558605,NA
"7317",1999-01-18,21.7580522540389,NA
"7318",1999-01-19,21.5903061853382,NA
"7319",1999-01-20,21.541816650245,NA
"7320",1999-01-21,21.4825271824421,NA
"7321",1999-01-22,21.0549029963953,NA
"7322",1999-01-23,20.961943960539,NA
"7323",1999-01-24,20.90926981743,NA
"7324",1999-01-25,21.0528082431329,NA
"7325",1999-01-26,21.4691055004842,NA
"7326",1999-01-27,22.1074684426975,NA
"7327",1999-01-28,22.1888473727086,NA
"7328",1999-01-29,22.0461893942001,NA
"7329",1999-01-30,21.6755807951068,NA
"7330",1999-01-31,21.6020892950513,NA
"7331",1999-02-01,21.8033544651696,NA
"7332",1999-02-02,22.2171426311782,NA
"7333",1999-02-03,22.3029319119659,NA
"7334",1999-02-04,22.5575163299646,NA
"7335",1999-02-05,22.8751300259429,NA
"7336",1999-02-06,22.7822977530159,NA
"7337",1999-02-07,22.3878620443459,NA
"7338",1999-02-08,21.8594784859282,NA
"7339",1999-02-09,21.64760160563,NA
"7340",1999-02-10,21.4315663029112,NA
"7341",1999-02-11,21.0159998257845,NA
"7342",1999-02-12,20.3949635752196,NA
"7343",1999-02-13,21.0114336217466,NA
"7344",1999-02-14,21.8142669068231,NA
"7345",1999-02-15,21.8327079807651,NA
"7346",1999-02-16,21.2482963761725,NA
"7347",1999-02-17,20.3024414257233,NA
"7348",1999-02-18,19.3515408876868,NA
"7349",1999-02-19,18.8531890864425,NA
"7350",1999-02-20,18.5980639580322,NA
"7351",1999-02-21,18.1454106226385,NA
"7352",1999-02-22,18.7115347706628,NA
"7353",1999-02-23,18.8170816301747,NA
"7354",1999-02-24,19.1559608874246,NA
"7355",1999-02-25,19.8295032399198,NA
"7356",1999-02-26,20.1564617696265,NA
"7357",1999-02-27,20.4288004233879,NA
"7358",1999-02-28,20.6972930353738,NA
"7359",1999-03-01,20.7817545448343,NA
"7360",1999-03-02,20.953219122576,NA
"7361",1999-03-03,21.1674863189459,NA
"7362",1999-03-04,21.0035065488157,NA
"7363",1999-03-05,20.8970566452876,NA
"7364",1999-03-06,20.3673543518264,NA
"7365",1999-03-07,19.5991280598547,NA
"7366",1999-03-08,19.1063372286495,NA
"7367",1999-03-09,19.3811786729465,NA
"7368",1999-03-10,19.2217720787629,NA
"7369",1999-03-11,19.2446724419113,NA
"7370",1999-03-12,19.1218214474401,NA
"7371",1999-03-13,18.9139598211362,NA
"7372",1999-03-14,18.9701033832884,NA
"7373",1999-03-15,18.3053253002621,NA
"7374",1999-03-16,17.2927489082366,NA
"7375",1999-03-17,17.2846550557815,NA
"7376",1999-03-18,17.2073247728209,NA
"7377",1999-03-19,17.3163824967303,NA
"7378",1999-03-20,17.8427927091819,NA
"7379",1999-03-21,17.7077085102925,NA
"7380",1999-03-22,17.3972926662925,NA
"7381",1999-03-23,17.4406197078598,NA
"7382",1999-03-24,17.7098705780118,NA
"7383",1999-03-25,17.959602218599,NA
"7384",1999-03-26,17.8363474212763,NA
"7385",1999-03-27,16.9247658109605,NA
"7386",1999-03-28,16.2390532644539,NA
"7387",1999-03-29,16.3853625100033,NA
"7388",1999-03-30,15.9561855575545,NA
"7389",1999-03-31,14.6160538143791,NA
"7390",1999-04-01,13.4683880985812,NA
"7391",1999-04-02,12.8641024632291,NA
"7392",1999-04-03,13.5224885557479,NA
"7393",1999-04-04,14.5882966317783,NA
"7394",1999-04-05,15.0029124315823,NA
"7395",1999-04-06,14.8397281955893,NA
"7396",1999-04-07,14.8507012991531,NA
"7397",1999-04-08,14.9977511050126,NA
"7398",1999-04-09,15.1896673078331,NA
"7399",1999-04-10,15.1306730589431,NA
"7400",1999-04-11,14.9931814919299,NA
"7401",1999-04-12,15.1230043791454,NA
"7402",1999-04-13,15.7845688180846,NA
"7403",1999-04-14,16.0308133626006,NA
"7404",1999-04-15,16.0253245505481,NA
"7405",1999-04-16,15.7901448646104,NA
"7406",1999-04-17,15.1430907955646,NA
"7407",1999-04-18,14.4676662567027,NA
"7408",1999-04-19,14.4567900588713,NA
"7409",1999-04-20,13.5972818022536,NA
"7410",1999-04-21,12.9003483052567,NA
"7411",1999-04-22,12.2585477801702,NA
"7412",1999-04-23,11.5814122664126,NA
"7413",1999-04-24,11.4903656847269,NA
"7414",1999-04-25,11.2937647958016,NA
"7415",1999-04-26,9.95215562419185,NA
"7416",1999-04-27,9.80351705839495,NA
"7417",1999-04-28,9.9536272233888,NA
"7418",1999-04-29,10.1960070312059,NA
"7419",1999-04-30,10.5571719301951,NA
"7420",1999-05-01,10.233300247505,NA
"7421",1999-05-02,10.3008255391833,NA
"7422",1999-05-03,11.2454662919983,NA
"7423",1999-05-04,11.8152637765252,NA
"7424",1999-05-05,12.4503440267586,NA
"7425",1999-05-06,13.1955962709975,NA
"7426",1999-05-07,13.7970619349119,NA
"7427",1999-05-08,14.0736237362972,NA
"7428",1999-05-09,14.1442588104517,NA
"7429",1999-05-10,13.5734583748749,NA
"7430",1999-05-11,13.679778948861,NA
"7431",1999-05-12,13.7836212748083,NA
"7432",1999-05-13,13.2977681900216,NA
"7433",1999-05-14,12.8557042376362,NA
"7434",1999-05-15,11.9572306609885,NA
"7435",1999-05-16,11.0022593053954,NA
"7436",1999-05-17,11.1891258518932,NA
"7437",1999-05-18,11.195007301822,NA
"7438",1999-05-19,11.0202000403361,NA
"7439",1999-05-20,11.7982121798703,NA
"7440",1999-05-21,12.2132584417297,NA
"7441",1999-05-22,13.6927889109674,NA
"7442",1999-05-23,14.5444460649341,NA
"7443",1999-05-24,14.6771123975653,NA
"7444",1999-05-25,14.479189031085,NA
"7445",1999-05-26,13.7902981066376,NA
"7446",1999-05-27,12.6547655511603,NA
"7447",1999-05-28,12.2937474899958,NA
"7448",1999-05-29,11.8972118612455,NA
"7449",1999-05-30,12.2585069511619,NA
"7450",1999-05-31,12.0441965591727,NA
"7451",1999-06-01,11.9006817070285,NA
"7452",1999-06-02,12.2260859025805,NA
"7453",1999-06-03,12.1194412091395,NA
"7454",1999-06-04,12.4684290708551,NA
"7455",1999-06-05,12.3927471038,NA
"7456",1999-06-06,12.0235655004435,NA
"7457",1999-06-07,11.9069127833228,NA
"7458",1999-06-08,11.4160579568624,NA
"7459",1999-06-09,11.2157620183741,NA
"7460",1999-06-10,11.0527899631017,NA
"7461",1999-06-11,9.75483995764421,NA
"7462",1999-06-12,9.19061456167013,NA
"7463",1999-06-13,8.62393046135658,NA
"7464",1999-06-14,8.19396394594952,NA
"7465",1999-06-15,8.00272107542735,NA
"7466",1999-06-16,7.94407925756345,NA
"7467",1999-06-17,8.54353030098506,NA
"7468",1999-06-18,9.0374339899014,NA
"7469",1999-06-19,9.52403978202889,NA
"7470",1999-06-20,10.1195838021692,NA
"7471",1999-06-21,10.6091803844001,NA
"7472",1999-06-22,10.6487903633255,NA
"7473",1999-06-23,10.2429425104446,NA
"7474",1999-06-24,9.6518685813677,NA
"7475",1999-06-25,9.30344955168954,NA
"7476",1999-06-26,8.63066603868,NA
"7477",1999-06-27,8.16044994068142,NA
"7478",1999-06-28,8.24637110368383,NA
"7479",1999-06-29,9.02982793315632,NA
"7480",1999-06-30,9.23814597813628,NA
"7481",1999-07-01,9.55718374129263,NA
"7482",1999-07-02,9.64314836432847,NA
"7483",1999-07-03,9.75768002031165,NA
"7484",1999-07-04,9.76211718686902,NA
"7485",1999-07-05,9.39127674619079,NA
"7486",1999-07-06,9.0388473132271,NA
"7487",1999-07-07,9.40572468611914,NA
"7488",1999-07-08,9.5587997099196,NA
"7489",1999-07-09,9.88088187150773,NA
"7490",1999-07-10,10.3778846746016,NA
"7491",1999-07-11,10.6035317961958,NA
"7492",1999-07-12,10.9825236758462,NA
"7493",1999-07-13,11.0044242154665,NA
"7494",1999-07-14,10.751308677596,NA
"7495",1999-07-15,10.524214874917,NA
"7496",1999-07-16,10.7361942953114,NA
"7497",1999-07-17,10.8642949708555,NA
"7498",1999-07-18,10.9970918257552,NA
"7499",1999-07-19,10.6557510859868,NA
"7500",1999-07-20,10.4159546156061,NA
"7501",1999-07-21,10.7030308361324,NA
"7502",1999-07-22,10.7985136867596,NA
"7503",1999-07-23,10.5249134839319,NA
"7504",1999-07-24,10.1774871986625,NA
"7505",1999-07-25,9.55591610608313,NA
"7506",1999-07-26,9.61960048431731,NA
"7507",1999-07-27,9.65770237239507,NA
"7508",1999-07-28,9.46220966048699,NA
"7509",1999-07-29,9.78013083205109,NA
"7510",1999-07-30,9.43634326454047,NA
"7511",1999-07-31,9.16436546891964,NA
"7512",1999-08-01,9.20212442098479,NA
"7513",1999-08-02,8.85757783013038,NA
"7514",1999-08-03,8.58501643098904,NA
"7515",1999-08-04,8.31870914610329,NA
"7516",1999-08-05,7.79808489754257,NA
"7517",1999-08-06,7.99302451768644,NA
"7518",1999-08-07,8.51928310744973,NA
"7519",1999-08-08,8.91968394237402,NA
"7520",1999-08-09,9.32071067062325,NA
"7521",1999-08-10,9.75932899760502,NA
"7522",1999-08-11,10.5439876872687,NA
"7523",1999-08-12,10.5859492378336,NA
"7524",1999-08-13,10.5335330577979,NA
"7525",1999-08-14,10.0915156837547,NA
"7526",1999-08-15,10.007409753605,NA
"7527",1999-08-16,9.87213025458719,NA
"7528",1999-08-17,9.79278532432923,NA
"7529",1999-08-18,9.87488468491613,NA
"7530",1999-08-19,10.1714158661031,NA
"7531",1999-08-20,10.1497250942817,NA
"7532",1999-08-21,10.1927888433093,NA
"7533",1999-08-22,10.1155763195418,NA
"7534",1999-08-23,10.5986251347508,NA
"7535",1999-08-24,11.5574948954206,NA
"7536",1999-08-25,11.682980175876,NA
"7537",1999-08-26,11.6811120692825,NA
"7538",1999-08-27,11.7365737775143,NA
"7539",1999-08-28,11.932008508855,NA
"7540",1999-08-29,12.5159285313547,NA
"7541",1999-08-30,13.0745286276874,NA
"7542",1999-08-31,12.9810267108122,NA
"7543",1999-09-01,12.4436754933553,NA
"7544",1999-09-02,13.202319399922,NA
"7545",1999-09-03,14.7475760516802,NA
"7546",1999-09-04,14.9061391350688,NA
"7547",1999-09-05,14.5222812690395,NA
"7548",1999-09-06,13.4642185683875,NA
"7549",1999-09-07,12.7565156874468,NA
"7550",1999-09-08,13.0819816043118,NA
"7551",1999-09-09,12.231996899068,NA
"7552",1999-09-10,10.6359712533228,NA
"7553",1999-09-11,10.3214145123682,NA
"7554",1999-09-12,10.6078763375622,NA
"7555",1999-09-13,11.2433178614844,NA
"7556",1999-09-14,11.9757259514597,NA
"7557",1999-09-15,12.5112843640388,NA
"7558",1999-09-16,12.5216213266547,NA
"7559",1999-09-17,12.2921132095885,NA
"7560",1999-09-18,12.4386481310273,NA
"7561",1999-09-19,12.057052323178,NA
"7562",1999-09-20,11.7881094311515,NA
"7563",1999-09-21,11.4920477977801,NA
"7564",1999-09-22,10.8432810198857,NA
"7565",1999-09-23,11.2214263798768,NA
"7566",1999-09-24,12.2815105514357,NA
"7567",1999-09-25,12.6676720531644,NA
"7568",1999-09-26,13.3716508549725,NA
"7569",1999-09-27,14.6254747159052,NA
"7570",1999-09-28,15.780404429722,NA
"7571",1999-09-29,15.6887627265726,NA
"7572",1999-09-30,15.4314631020666,NA
"7573",1999-10-01,15.2850410969657,NA
"7574",1999-10-02,15.6772569741589,NA
"7575",1999-10-03,15.7023045970603,NA
"7576",1999-10-04,14.9708337871478,NA
"7577",1999-10-05,13.6276662228711,NA
"7578",1999-10-06,14.3247113365325,NA
"7579",1999-10-07,15.5028519399362,NA
"7580",1999-10-08,16.7186564706615,NA
"7581",1999-10-09,17.322630961978,NA
"7582",1999-10-10,17.5072764637563,NA
"7583",1999-10-11,17.4020135854701,NA
"7584",1999-10-12,17.8982690229599,NA
"7585",1999-10-13,18.0423353927578,NA
"7586",1999-10-14,17.9847991945872,NA
"7587",1999-10-15,16.732815614061,NA
"7588",1999-10-16,15.9601127101539,NA
"7589",1999-10-17,15.9459811026709,NA
"7590",1999-10-18,15.6682093733795,NA
"7591",1999-10-19,15.070329510618,NA
"7592",1999-10-20,14.3171231859934,NA
"7593",1999-10-21,13.2046324856581,NA
"7594",1999-10-22,12.6601138366326,NA
"7595",1999-10-23,12.2196306483165,NA
"7596",1999-10-24,12.0328862562242,NA
"7597",1999-10-25,12.4737476015779,NA
"7598",1999-10-26,12.545305723319,NA
"7599",1999-10-27,12.7717125016818,NA
"7600",1999-10-28,13.1454242823299,NA
"7601",1999-10-29,14.3879776770744,NA
"7602",1999-10-30,14.7612200593343,NA
"7603",1999-10-31,14.3540531677664,NA
"7604",1999-11-01,14.0162882459495,NA
"7605",1999-11-02,14.5144673847732,NA
"7606",1999-11-03,15.2082158803123,NA
"7607",1999-11-04,15.8868692162392,NA
"7608",1999-11-05,15.6095897219506,NA
"7609",1999-11-06,15.5012903725844,NA
"7610",1999-11-07,15.3498200545637,NA
"7611",1999-11-08,15.2692505991999,NA
"7612",1999-11-09,14.7805134172255,NA
"7613",1999-11-10,13.821515037138,NA
"7614",1999-11-11,12.8526446864793,NA
"7615",1999-11-12,13.0330911264979,NA
"7616",1999-11-13,13.1654897890875,NA
"7617",1999-11-14,13.5141059116104,NA
"7618",1999-11-15,13.5221144610786,NA
"7619",1999-11-16,13.3017429987431,NA
"7620",1999-11-17,13.4338982478386,NA
"7621",1999-11-18,14.1655751194437,NA
"7622",1999-11-19,14.9060503135497,NA
"7623",1999-11-20,15.7000464583249,NA
"7624",1999-11-21,16.091259743372,NA
"7625",1999-11-22,16.2965743279359,NA
"7626",1999-11-23,16.6442913705579,NA
"7627",1999-11-24,16.9194296687476,NA
"7628",1999-11-25,17.0757634590012,NA
"7629",1999-11-26,16.2312416777108,NA
"7630",1999-11-27,16.2696690462427,NA
"7631",1999-11-28,16.9661201136553,NA
"7632",1999-11-29,18.2039544533289,NA
"7633",1999-11-30,19.4324467721728,NA
"7634",1999-12-01,20.6117956579645,NA
"7635",1999-12-02,21.2856889523285,NA
"7636",1999-12-03,21.3629415928698,NA
"7637",1999-12-04,21.1196367215346,NA
"7638",1999-12-05,20.8562561322167,NA
"7639",1999-12-06,20.7243365669227,NA
"7640",1999-12-07,20.9020892875962,NA
"7641",1999-12-08,20.3394067214754,NA
"7642",1999-12-09,19.0880873259325,NA
"7643",1999-12-10,19.0124794722018,NA
"7644",1999-12-11,18.620739770733,NA
"7645",1999-12-12,18.3709216736022,NA
"7646",1999-12-13,18.0729851018657,NA
"7647",1999-12-14,17.7654606945884,NA
"7648",1999-12-15,18.5155791867807,NA
"7649",1999-12-16,18.6240119700457,NA
"7650",1999-12-17,18.4699716746355,NA
"7651",1999-12-18,18.6760907902976,NA
"7652",1999-12-19,18.5308836160357,NA
"7653",1999-12-20,18.4691445396048,NA
"7654",1999-12-21,18.0712588969763,NA
"7655",1999-12-22,17.5012310684987,NA
"7656",1999-12-23,18.1699350341116,NA
"7657",1999-12-24,19.2090961451466,NA
"7658",1999-12-25,19.8314639443828,NA
"7659",1999-12-26,20.365327290108,NA
"7660",1999-12-27,20.3335170252999,NA
"7661",1999-12-28,19.9213218750862,NA
"7662",1999-12-29,19.2194415936642,NA
"7663",1999-12-30,18.5341441837151,NA
"7664",1999-12-31,17.4414811438546,NA
"7665",2000-01-01,16.7341327467842,NA
"7666",2000-01-02,16.7955611734967,NA
"7667",2000-01-03,16.9875015583991,NA
"7668",2000-01-04,16.679861045596,NA
"7669",2000-01-05,16.7221570739448,NA
"7670",2000-01-06,16.9976708810963,NA
"7671",2000-01-07,17.6172121011671,NA
"7672",2000-01-08,18.4754373368886,NA
"7673",2000-01-09,19.1052393764334,NA
"7674",2000-01-10,19.8664792377166,NA
"7675",2000-01-11,21.0982457250816,NA
"7676",2000-01-12,21.8791459290066,NA
"7677",2000-01-13,22.5139395772188,NA
"7678",2000-01-14,22.8358284493797,NA
"7679",2000-01-15,22.9355951137205,NA
"7680",2000-01-16,22.9028944503314,NA
"7681",2000-01-17,22.9566077924395,NA
"7682",2000-01-18,22.9431682994641,NA
"7683",2000-01-19,22.7775738622986,NA
"7684",2000-01-20,22.3150003451893,NA
"7685",2000-01-21,21.5563662962567,NA
"7686",2000-01-22,20.5562125253852,NA
"7687",2000-01-23,19.6622773203501,NA
"7688",2000-01-24,18.4430024205819,NA
"7689",2000-01-25,17.8222688490297,NA
"7690",2000-01-26,17.5963265212185,NA
"7691",2000-01-27,17.4705670439281,NA
"7692",2000-01-28,17.7233047785367,NA
"7693",2000-01-29,18.280956880312,NA
"7694",2000-01-30,18.8927384182268,NA
"7695",2000-01-31,19.5165574976013,NA
"7696",2000-02-01,20.2312872093649,NA
"7697",2000-02-02,21.3372545315638,NA
"7698",2000-02-03,22.1705813425941,NA
"7699",2000-02-04,22.8117672126864,NA
"7700",2000-02-05,22.8357528950547,NA
"7701",2000-02-06,22.8007263282464,NA
"7702",2000-02-07,22.757191245278,NA
"7703",2000-02-08,22.6641488965347,NA
"7704",2000-02-09,22.6042032186702,NA
"7705",2000-02-10,22.3828102315447,NA
"7706",2000-02-11,21.5262166237696,NA
"7707",2000-02-12,21.2875764606776,NA
"7708",2000-02-13,21.4122372064682,NA
"7709",2000-02-14,21.4576503595183,NA
"7710",2000-02-15,21.2061637536594,NA
"7711",2000-02-16,20.7919871919707,NA
"7712",2000-02-17,21.0352829401032,NA
"7713",2000-02-18,21.9118383296832,NA
"7714",2000-02-19,22.5978434399431,NA
"7715",2000-02-20,22.6897259858618,NA
"7716",2000-02-21,22.5844065623654,NA
"7717",2000-02-22,22.4921161185915,NA
"7718",2000-02-23,22.2756946980505,NA
"7719",2000-02-24,22.1708717300937,NA
"7720",2000-02-25,21.9450627167102,NA
"7721",2000-02-26,21.2062753725335,NA
"7722",2000-02-27,20.8732620096134,NA
"7723",2000-02-28,21.076867508236,NA
"7724",2000-02-29,21.2625612369044,NA
"7725",2000-03-01,21.6778974909262,NA
"7726",2000-03-02,21.8509384738974,NA
"7727",2000-03-03,21.2333334531069,NA
"7728",2000-03-04,21.1675992676615,NA
"7729",2000-03-05,21.0624132818477,NA
"7730",2000-03-06,20.645656970723,NA
"7731",2000-03-07,20.3605503338646,NA
"7732",2000-03-08,19.7330415365736,NA
"7733",2000-03-09,19.1036272717915,NA
"7734",2000-03-10,19.7991979245452,NA
"7735",2000-03-11,20.3915243211705,NA
"7736",2000-03-12,21.0953267043909,NA
"7737",2000-03-13,21.3561657360738,NA
"7738",2000-03-14,21.0504117462205,NA
"7739",2000-03-15,20.7763970217839,NA
"7740",2000-03-16,20.6588492599642,NA
"7741",2000-03-17,21.0578884005932,NA
"7742",2000-03-18,20.7047409427499,NA
"7743",2000-03-19,19.8681693327166,NA
"7744",2000-03-20,19.2562361850685,NA
"7745",2000-03-21,19.4841176660794,NA
"7746",2000-03-22,19.4823012642545,NA
"7747",2000-03-23,18.659980469347,NA
"7748",2000-03-24,17.0892830178942,NA
"7749",2000-03-25,17.1244929994412,NA
"7750",2000-03-26,17.4389943105602,NA
"7751",2000-03-27,17.7627467376129,NA
"7752",2000-03-28,17.3894945590179,NA
"7753",2000-03-29,17.2174226680887,NA
"7754",2000-03-30,17.5900986296048,NA
"7755",2000-03-31,17.7899631681781,NA
"7756",2000-04-01,16.9246320082465,NA
"7757",2000-04-02,16.5585402070477,NA
"7758",2000-04-03,16.5239722076577,NA
"7759",2000-04-04,16.6225956042235,NA
"7760",2000-04-05,16.1575132355358,NA
"7761",2000-04-06,15.7671848702226,NA
"7762",2000-04-07,15.4354577840773,NA
"7763",2000-04-08,16.1421396532878,NA
"7764",2000-04-09,16.4540432490164,NA
"7765",2000-04-10,16.7334593015791,NA
"7766",2000-04-11,17.18655573025,NA
"7767",2000-04-12,17.8787550287405,NA
"7768",2000-04-13,18.3786939169718,NA
"7769",2000-04-14,18.5421662301733,NA
"7770",2000-04-15,18.3884366129212,NA
"7771",2000-04-16,17.8215340376938,NA
"7772",2000-04-17,17.0156525995684,NA
"7773",2000-04-18,16.250706203914,NA
"7774",2000-04-19,15.6750191230952,NA
"7775",2000-04-20,15.0856431540573,NA
"7776",2000-04-21,14.2958187726428,NA
"7777",2000-04-22,13.4234419154204,NA
"7778",2000-04-23,13.2011999083813,NA
"7779",2000-04-24,12.8380099797639,NA
"7780",2000-04-25,12.4013858193902,NA
"7781",2000-04-26,12.4356335772718,NA
"7782",2000-04-27,13.0020535354137,NA
"7783",2000-04-28,14.4747438608689,NA
"7784",2000-04-29,15.7391897064445,NA
"7785",2000-04-30,15.6354441494371,NA
"7786",2000-05-01,15.9289396950528,NA
"7787",2000-05-02,16.0404708590635,NA
"7788",2000-05-03,16.1915685384528,NA
"7789",2000-05-04,15.8059740902566,NA
"7790",2000-05-05,14.5798255462182,NA
"7791",2000-05-06,13.4347944446407,NA
"7792",2000-05-07,13.4480361699979,NA
"7793",2000-05-08,13.5042159576368,NA
"7794",2000-05-09,13.7290769856808,NA
"7795",2000-05-10,13.5462477192646,NA
"7796",2000-05-11,13.3401200385136,NA
"7797",2000-05-12,13.874707684428,NA
"7798",2000-05-13,13.9794777827534,NA
"7799",2000-05-14,13.7393768635705,NA
"7800",2000-05-15,13.6727170679665,NA
"7801",2000-05-16,13.4715923186291,NA
"7802",2000-05-17,12.6457391756377,NA
"7803",2000-05-18,12.4375999189917,NA
"7804",2000-05-19,12.207455984224,NA
"7805",2000-05-20,11.7519874635407,NA
"7806",2000-05-21,11.6302012699835,NA
"7807",2000-05-22,11.2894171488764,NA
"7808",2000-05-23,10.9040527369356,NA
"7809",2000-05-24,11.5289827429164,NA
"7810",2000-05-25,11.747789302451,NA
"7811",2000-05-26,10.7593471181054,NA
"7812",2000-05-27,10.209537580711,NA
"7813",2000-05-28,9.82003307879741,NA
"7814",2000-05-29,9.45450630402277,NA
"7815",2000-05-30,9.22855304205951,NA
"7816",2000-05-31,8.88024369520052,NA
"7817",2000-06-01,8.40778985090121,NA
"7818",2000-06-02,8.67249379043417,NA
"7819",2000-06-03,9.25326228735738,NA
"7820",2000-06-04,9.21468657500299,NA
"7821",2000-06-05,9.4346833132763,NA
"7822",2000-06-06,9.6388062629558,NA
"7823",2000-06-07,9.63466798093747,NA
"7824",2000-06-08,9.87308404905079,NA
"7825",2000-06-09,10.0286643327732,NA
"7826",2000-06-10,9.85188633604779,NA
"7827",2000-06-11,9.86531737860663,NA
"7828",2000-06-12,9.34989225203282,NA
"7829",2000-06-13,8.8872359348144,NA
"7830",2000-06-14,8.52200173829354,NA
"7831",2000-06-15,8.50288304667544,NA
"7832",2000-06-16,8.17296189565338,NA
"7833",2000-06-17,7.9713173982499,NA
"7834",2000-06-18,8.07343268538594,NA
"7835",2000-06-19,8.70514848695252,NA
"7836",2000-06-20,9.26717082954476,NA
"7837",2000-06-21,9.6128470065109,NA
"7838",2000-06-22,9.2591690835082,NA
"7839",2000-06-23,9.64716821620274,NA
"7840",2000-06-24,10.2032690073389,NA
"7841",2000-06-25,10.5737941214584,NA
"7842",2000-06-26,10.5803654078844,NA
"7843",2000-06-27,10.4738192953474,NA
"7844",2000-06-28,10.1231736343912,NA
"7845",2000-06-29,10.0263530486522,NA
"7846",2000-06-30,9.99924173888248,NA
"7847",2000-07-01,9.73298469323325,NA
"7848",2000-07-02,9.33129225387622,NA
"7849",2000-07-03,9.26614678178039,NA
"7850",2000-07-04,9.37545603975379,NA
"7851",2000-07-05,10.0807345569838,NA
"7852",2000-07-06,10.2224287792143,NA
"7853",2000-07-07,9.93034413485607,NA
"7854",2000-07-08,9.98436878242736,NA
"7855",2000-07-09,9.97854838939096,NA
"7856",2000-07-10,9.70897759800883,NA
"7857",2000-07-11,9.45747312345315,NA
"7858",2000-07-12,8.82918321155018,NA
"7859",2000-07-13,8.89822154719265,NA
"7860",2000-07-14,9.09059428089003,NA
"7861",2000-07-15,9.15367229386822,NA
"7862",2000-07-16,9.10076997378911,NA
"7863",2000-07-17,9.01394786627583,NA
"7864",2000-07-18,9.15234644323215,NA
"7865",2000-07-19,9.14225685736811,NA
"7866",2000-07-20,9.19757991991926,NA
"7867",2000-07-21,9.16448733610925,NA
"7868",2000-07-22,9.28495962875687,NA
"7869",2000-07-23,10.2373527581792,NA
"7870",2000-07-24,10.550441192172,NA
"7871",2000-07-25,10.1114173812811,NA
"7872",2000-07-26,9.77931233620948,NA
"7873",2000-07-27,9.40921004452552,NA
"7874",2000-07-28,9.35531344600529,NA
"7875",2000-07-29,9.01158497610375,NA
"7876",2000-07-30,8.24238109245718,NA
"7877",2000-07-31,7.81243665025346,NA
"7878",2000-08-01,8.01945543941712,NA
"7879",2000-08-02,8.637881289,NA
"7880",2000-08-03,9.05732135166167,NA
"7881",2000-08-04,9.22609318884579,NA
"7882",2000-08-05,9.52062156646882,NA
"7883",2000-08-06,10.1564218748285,NA
"7884",2000-08-07,10.8509731932925,NA
"7885",2000-08-08,11.1530489371867,NA
"7886",2000-08-09,10.8467263270296,NA
"7887",2000-08-10,10.5639581972338,NA
"7888",2000-08-11,10.2834257425741,NA
"7889",2000-08-12,10.0372710171476,NA
"7890",2000-08-13,9.39836436183307,NA
"7891",2000-08-14,9.18921145585586,NA
"7892",2000-08-15,8.49371892493874,NA
"7893",2000-08-16,8.15813942626115,NA
"7894",2000-08-17,8.06188684635206,NA
"7895",2000-08-18,7.94803995025939,NA
"7896",2000-08-19,7.98505484874843,NA
"7897",2000-08-20,8.20041288621786,NA
"7898",2000-08-21,8.36933630706775,NA
"7899",2000-08-22,8.89352913811168,NA
"7900",2000-08-23,9.05239291315496,NA
"7901",2000-08-24,9.25500837358143,NA
"7902",2000-08-25,9.4284472255785,NA
"7903",2000-08-26,9.46558678393812,NA
"7904",2000-08-27,9.30432464185042,NA
"7905",2000-08-28,8.95742310139447,NA
"7906",2000-08-29,8.73959610075017,NA
"7907",2000-08-30,9.15357706971356,NA
"7908",2000-08-31,9.15250565949121,NA
"7909",2000-09-01,9.31889602412067,NA
"7910",2000-09-02,9.59028892834864,NA
"7911",2000-09-03,9.57092884595031,NA
"7912",2000-09-04,9.94617884529703,NA
"7913",2000-09-05,10.0767559604324,NA
"7914",2000-09-06,10.096515983284,NA
"7915",2000-09-07,10.4463835350353,NA
"7916",2000-09-08,10.7115362169388,NA
"7917",2000-09-09,10.5372562090433,NA
"7918",2000-09-10,11.1117835370745,NA
"7919",2000-09-11,10.7968747697725,NA
"7920",2000-09-12,11.1610490377225,NA
"7921",2000-09-13,11.8827261387088,NA
"7922",2000-09-14,11.7147759612493,NA
"7923",2000-09-15,11.7453574089864,NA
"7924",2000-09-16,12.4530657153637,NA
"7925",2000-09-17,12.6034429223228,NA
"7926",2000-09-18,13.0486473868778,NA
"7927",2000-09-19,12.8571075415534,NA
"7928",2000-09-20,12.4607949881895,NA
"7929",2000-09-21,12.6998565486213,NA
"7930",2000-09-22,12.7365245450649,NA
"7931",2000-09-23,12.7629195445801,NA
"7932",2000-09-24,13.0810075679142,NA
"7933",2000-09-25,13.3197912686596,NA
"7934",2000-09-26,13.8858809713491,NA
"7935",2000-09-27,14.156944664487,NA
"7936",2000-09-28,14.8430483515884,NA
"7937",2000-09-29,14.806254437095,NA
"7938",2000-09-30,14.2132015750373,NA
"7939",2000-10-01,13.3545352670649,NA
"7940",2000-10-02,13.1342884268817,NA
"7941",2000-10-03,12.8801948713283,NA
"7942",2000-10-04,13.2658576263312,NA
"7943",2000-10-05,13.6351120018284,NA
"7944",2000-10-06,14.3153202151151,NA
"7945",2000-10-07,14.3797289391938,NA
"7946",2000-10-08,14.3309078431273,NA
"7947",2000-10-09,14.1307465987426,NA
"7948",2000-10-10,13.7354120884563,NA
"7949",2000-10-11,13.0847809184895,NA
"7950",2000-10-12,12.7818848042264,NA
"7951",2000-10-13,11.8456018435527,NA
"7952",2000-10-14,11.9268427198929,NA
"7953",2000-10-15,11.8949477093831,NA
"7954",2000-10-16,11.9015303584832,NA
"7955",2000-10-17,13.1926878663828,NA
"7956",2000-10-18,13.4853990002586,NA
"7957",2000-10-19,12.5183553901666,NA
"7958",2000-10-20,12.8315488909325,NA
"7959",2000-10-21,13.5762921727299,NA
"7960",2000-10-22,15.1228270410687,NA
"7961",2000-10-23,15.7977758282025,NA
"7962",2000-10-24,15.3767344009464,NA
"7963",2000-10-25,15.2765461059469,NA
"7964",2000-10-26,15.6180664167325,NA
"7965",2000-10-27,15.2313320433054,NA
"7966",2000-10-28,14.3666656639738,NA
"7967",2000-10-29,13.1348218986186,NA
"7968",2000-10-30,13.1309441345331,NA
"7969",2000-10-31,13.7593628188941,NA
"7970",2000-11-01,14.0923657539141,NA
"7971",2000-11-02,14.298829147456,NA
"7972",2000-11-03,14.9629222825284,NA
"7973",2000-11-04,15.304622733065,NA
"7974",2000-11-05,15.3824857249287,NA
"7975",2000-11-06,15.2414266393523,NA
"7976",2000-11-07,15.3019034327645,NA
"7977",2000-11-08,15.6383814170181,NA
"7978",2000-11-09,16.1601753663163,NA
"7979",2000-11-10,16.7117586812754,NA
"7980",2000-11-11,17.4134689656473,NA
"7981",2000-11-12,18.1597835885672,NA
"7982",2000-11-13,18.6198472246959,NA
"7983",2000-11-14,18.7350866976692,NA
"7984",2000-11-15,19.0542366459572,NA
"7985",2000-11-16,19.3187761086922,NA
"7986",2000-11-17,19.7796949735586,NA
"7987",2000-11-18,20.308486148462,NA
"7988",2000-11-19,20.7511891827328,NA
"7989",2000-11-20,20.7268416937101,NA
"7990",2000-11-21,20.4329549250811,NA
"7991",2000-11-22,20.2355366849167,NA
"7992",2000-11-23,19.8949607212301,NA
"7993",2000-11-24,19.5177602787243,NA
"7994",2000-11-25,19.4545442524534,NA
"7995",2000-11-26,19.5261009894078,NA
"7996",2000-11-27,20.4880159569852,NA
"7997",2000-11-28,20.9171078478677,NA
"7998",2000-11-29,20.9247829583463,NA
"7999",2000-11-30,20.851001251488,NA
"8000",2000-12-01,20.5665636574748,NA
"8001",2000-12-02,20.4753538689017,NA
"8002",2000-12-03,20.2328747219832,NA
"8003",2000-12-04,19.9368385892542,NA
"8004",2000-12-05,19.5868253894886,NA
"8005",2000-12-06,19.5191588445629,NA
"8006",2000-12-07,19.7493945429978,NA
"8007",2000-12-08,19.8546838381167,NA
"8008",2000-12-09,19.6867123071772,NA
"8009",2000-12-10,20.0074338115676,NA
"8010",2000-12-11,19.8535487910342,NA
"8011",2000-12-12,19.9645685351725,NA
"8012",2000-12-13,19.8902311096376,NA
"8013",2000-12-14,19.8424480678862,NA
"8014",2000-12-15,20.1833290147595,NA
"8015",2000-12-16,20.5344157416978,NA
"8016",2000-12-17,20.5880706358571,NA
"8017",2000-12-18,20.4855737739226,NA
"8018",2000-12-19,20.8363258264143,NA
"8019",2000-12-20,21.6106607206426,NA
"8020",2000-12-21,22.1336274308046,NA
"8021",2000-12-22,21.8561446748839,NA
"8022",2000-12-23,21.4951461160923,NA
"8023",2000-12-24,20.9041856986965,NA
"8024",2000-12-25,20.4293546068912,NA
"8025",2000-12-26,19.6970926071249,NA
"8026",2000-12-27,18.1095569428256,NA
"8027",2000-12-28,16.5799181161069,NA
"8028",2000-12-29,16.6353606236054,NA
"8029",2000-12-30,16.5530536513065,NA
"8030",2000-12-31,17.3700371817597,NA
"8031",2001-01-01,18.8347716548814,NA
"8032",2001-01-02,19.827575875828,NA
"8033",2001-01-03,21.0352002315669,NA
"8034",2001-01-04,21.8918847261324,NA
"8035",2001-01-05,22.0536085439849,NA
"8036",2001-01-06,22.2319926477709,NA
"8037",2001-01-07,22.1400399576125,NA
"8038",2001-01-08,21.7403566516379,NA
"8039",2001-01-09,21.8916777656307,NA
"8040",2001-01-10,22.1477334152381,NA
"8041",2001-01-11,22.1226998406324,NA
"8042",2001-01-12,22.3636085709911,NA
"8043",2001-01-13,22.7290061745543,NA
"8044",2001-01-14,22.972295417087,NA
"8045",2001-01-15,22.837683756935,NA
"8046",2001-01-16,22.4835720581408,NA
"8047",2001-01-17,21.8292363808066,NA
"8048",2001-01-18,21.6091494964848,NA
"8049",2001-01-19,21.9538442519357,NA
"8050",2001-01-20,21.6899486779341,NA
"8051",2001-01-21,21.4239917808303,NA
"8052",2001-01-22,22.0677522062387,NA
"8053",2001-01-23,22.6990126412396,NA
"8054",2001-01-24,22.9824251558486,NA
"8055",2001-01-25,23.0778533340812,NA
"8056",2001-01-26,22.8991902827443,NA
"8057",2001-01-27,22.5935067599653,NA
"8058",2001-01-28,22.1970464522168,NA
"8059",2001-01-29,21.6932409771007,NA
"8060",2001-01-30,20.6648077473184,NA
"8061",2001-01-31,20.0741278852641,NA
"8062",2001-02-01,20.1942276569281,NA
"8063",2001-02-02,21.0097565757115,NA
"8064",2001-02-03,21.803350801761,NA
"8065",2001-02-04,21.9469357249221,NA
"8066",2001-02-05,22.085665658299,NA
"8067",2001-02-06,22.6058892941096,NA
"8068",2001-02-07,22.9411891008388,NA
"8069",2001-02-08,22.9970609976099,NA
"8070",2001-02-09,22.7457913707871,NA
"8071",2001-02-10,22.3782885590552,NA
"8072",2001-02-11,22.5277877122516,NA
"8073",2001-02-12,22.565698866612,NA
"8074",2001-02-13,22.0442953878082,NA
"8075",2001-02-14,20.955742276048,NA
"8076",2001-02-15,19.7209140690056,NA
"8077",2001-02-16,19.5633770573687,NA
"8078",2001-02-17,20.0230024082676,NA
"8079",2001-02-18,20.3281684691095,NA
"8080",2001-02-19,20.8767678084073,NA
"8081",2001-02-20,21.6064925427382,NA
"8082",2001-02-21,22.025568958128,NA
"8083",2001-02-22,22.2822977453189,NA
"8084",2001-02-23,22.3316363839031,NA
"8085",2001-02-24,22.1441604795262,NA
"8086",2001-02-25,21.8322582848168,NA
"8087",2001-02-26,21.3515141856888,NA
"8088",2001-02-27,20.6937645337913,NA
"8089",2001-02-28,20.2017120881253,NA
"8090",2001-03-01,19.8551194876531,NA
"8091",2001-03-02,19.7664129486179,NA
"8092",2001-03-03,19.7747195528453,NA
"8093",2001-03-04,19.8025841549958,NA
"8094",2001-03-05,19.9573402656838,NA
"8095",2001-03-06,20.3908575921403,NA
"8096",2001-03-07,21.0772056024063,NA
"8097",2001-03-08,21.6250682794327,NA
"8098",2001-03-09,22.029203645917,NA
"8099",2001-03-10,21.8964192397907,NA
"8100",2001-03-11,21.5585084533694,NA
"8101",2001-03-12,20.7357323496424,NA
"8102",2001-03-13,19.8787784487447,NA
"8103",2001-03-14,19.0900802330303,NA
"8104",2001-03-15,18.6508030909739,NA
"8105",2001-03-16,17.2760447107431,NA
"8106",2001-03-17,16.803582452799,NA
"8107",2001-03-18,16.6084714885753,NA
"8108",2001-03-19,17.0199795791948,NA
"8109",2001-03-20,17.2992090111881,NA
"8110",2001-03-21,16.9346649973919,NA
"8111",2001-03-22,15.9993835901205,NA
"8112",2001-03-23,16.4543020951004,NA
"8113",2001-03-24,16.4327503498084,NA
"8114",2001-03-25,16.4687143917082,NA
"8115",2001-03-26,16.3231225358866,NA
"8116",2001-03-27,15.763166408469,NA
"8117",2001-03-28,15.6010568850738,NA
"8118",2001-03-29,15.353890561106,NA
"8119",2001-03-30,15.0212842146328,NA
"8120",2001-03-31,15.329305259488,NA
"8121",2001-04-01,15.0347349446711,NA
"8122",2001-04-02,14.6039836895111,NA
"8123",2001-04-03,14.5753382362427,NA
"8124",2001-04-04,14.893237538724,NA
"8125",2001-04-05,15.3659196903064,NA
"8126",2001-04-06,16.1019051712406,NA
"8127",2001-04-07,16.7223187506858,NA
"8128",2001-04-08,16.4235714937902,NA
"8129",2001-04-09,16.5241963411111,NA
"8130",2001-04-10,16.6711812029586,NA
"8131",2001-04-11,15.9257338200762,NA
"8132",2001-04-12,15.1582295994601,NA
"8133",2001-04-13,13.9793638463351,NA
"8134",2001-04-14,13.0327317041853,NA
"8135",2001-04-15,13.9481409207921,NA
"8136",2001-04-16,14.2551168161664,NA
"8137",2001-04-17,14.8503092370796,NA
"8138",2001-04-18,16.1263789260946,NA
"8139",2001-04-19,16.102706630276,NA
"8140",2001-04-20,15.8278847982552,NA
"8141",2001-04-21,15.4837751702766,NA
"8142",2001-04-22,14.7165101089513,NA
"8143",2001-04-23,14.5270554441444,NA
"8144",2001-04-24,13.592745052347,NA
"8145",2001-04-25,12.9675656653103,NA
"8146",2001-04-26,13.7698213644105,NA
"8147",2001-04-27,13.7233071227772,NA
"8148",2001-04-28,13.3817757041061,NA
"8149",2001-04-29,13.3120787213142,NA
"8150",2001-04-30,13.1865165109337,NA
"8151",2001-05-01,13.4786587288735,NA
"8152",2001-05-02,13.242802513315,NA
"8153",2001-05-03,13.1178559800324,NA
"8154",2001-05-04,13.6338512653677,NA
"8155",2001-05-05,14.0327760624007,NA
"8156",2001-05-06,14.0160547316964,NA
"8157",2001-05-07,13.7837007521038,NA
"8158",2001-05-08,13.6566704109727,NA
"8159",2001-05-09,13.7329461853611,NA
"8160",2001-05-10,13.0210419032679,NA
"8161",2001-05-11,12.3657635115456,NA
"8162",2001-05-12,12.0989730969711,NA
"8163",2001-05-13,12.6318705950147,NA
"8164",2001-05-14,13.3287964805409,NA
"8165",2001-05-15,13.7139264197087,NA
"8166",2001-05-16,13.1732031501484,NA
"8167",2001-05-17,13.2137923738471,NA
"8168",2001-05-18,13.374768508593,NA
"8169",2001-05-19,13.3418056271956,NA
"8170",2001-05-20,12.7624320962956,NA
"8171",2001-05-21,11.8770474712596,NA
"8172",2001-05-22,10.7798403932705,NA
"8173",2001-05-23,10.4732838466617,NA
"8174",2001-05-24,10.3774997004637,NA
"8175",2001-05-25,10.7437137810478,NA
"8176",2001-05-26,10.5801038897734,NA
"8177",2001-05-27,10.3366810106195,NA
"8178",2001-05-28,10.1607407738238,NA
"8179",2001-05-29,10.3797011737763,NA
"8180",2001-05-30,10.5756934686024,NA
"8181",2001-05-31,10.4777148559207,NA
"8182",2001-06-01,10.1231855678032,NA
"8183",2001-06-02,10.3564801716267,NA
"8184",2001-06-03,10.5913621245491,NA
"8185",2001-06-04,11.1194332300043,NA
"8186",2001-06-05,11.4920594803678,NA
"8187",2001-06-06,12.2993834777968,NA
"8188",2001-06-07,13.0199005530874,NA
"8189",2001-06-08,13.3774039657037,NA
"8190",2001-06-09,13.2759459872033,NA
"8191",2001-06-10,13.2782753011769,NA
"8192",2001-06-11,13.1815944565602,NA
"8193",2001-06-12,13.0695633056882,NA
"8194",2001-06-13,12.3946136748145,NA
"8195",2001-06-14,11.2803876778746,NA
"8196",2001-06-15,10.7447822904757,NA
"8197",2001-06-16,10.2187123805324,NA
"8198",2001-06-17,9.54004353330892,NA
"8199",2001-06-18,8.70697686085577,NA
"8200",2001-06-19,8.56390223646758,NA
"8201",2001-06-20,8.93745318464299,NA
"8202",2001-06-21,9.84586505546634,NA
"8203",2001-06-22,10.3443117280737,NA
"8204",2001-06-23,10.8151436626588,NA
"8205",2001-06-24,11.6811547047814,NA
"8206",2001-06-25,12.5548270026024,NA
"8207",2001-06-26,11.9772933296313,NA
"8208",2001-06-27,11.1567229535415,NA
"8209",2001-06-28,10.5307867708361,NA
"8210",2001-06-29,9.86092385482771,NA
"8211",2001-06-30,9.52271628430537,NA
"8212",2001-07-01,8.71042810584752,NA
"8213",2001-07-02,7.74729043813738,NA
"8214",2001-07-03,7.80220588377786,NA
"8215",2001-07-04,8.0504406113361,NA
"8216",2001-07-05,7.84749095775054,NA
"8217",2001-07-06,7.88417967840049,NA
"8218",2001-07-07,8.29001422022156,NA
"8219",2001-07-08,8.81741522539745,NA
"8220",2001-07-09,9.43077982654445,NA
"8221",2001-07-10,10.1535106024704,NA
"8222",2001-07-11,10.4893063356935,NA
"8223",2001-07-12,11.0468809703591,NA
"8224",2001-07-13,11.2576388675851,NA
"8225",2001-07-14,11.1783345667468,NA
"8226",2001-07-15,11.1071804238039,NA
"8227",2001-07-16,11.0937627241398,NA
"8228",2001-07-17,10.5109961942831,NA
"8229",2001-07-18,10.1354472340979,NA
"8230",2001-07-19,10.0155226704868,NA
"8231",2001-07-20,9.90760305580551,NA
"8232",2001-07-21,9.7905403259847,NA
"8233",2001-07-22,9.59283657079131,NA
"8234",2001-07-23,9.43289148360916,NA
"8235",2001-07-24,9.49751138457278,NA
"8236",2001-07-25,9.32743517526661,NA
"8237",2001-07-26,9.17438063889331,NA
"8238",2001-07-27,9.0663227102495,NA
"8239",2001-07-28,8.81294972416849,NA
"8240",2001-07-29,8.70456656656451,NA
"8241",2001-07-30,8.82004596904403,NA
"8242",2001-07-31,9.28928295360671,NA
"8243",2001-08-01,9.54174003965847,NA
"8244",2001-08-02,9.63230471230184,NA
"8245",2001-08-03,9.75755041017328,NA
"8246",2001-08-04,10.3581694577885,NA
"8247",2001-08-05,10.4955827771602,NA
"8248",2001-08-06,10.410920254738,NA
"8249",2001-08-07,9.99703950606235,NA
"8250",2001-08-08,10.047513685723,NA
"8251",2001-08-09,10.2607199023376,NA
"8252",2001-08-10,10.7663163373214,NA
"8253",2001-08-11,10.5537718356466,NA
"8254",2001-08-12,10.6685889760958,NA
"8255",2001-08-13,10.782904355906,NA
"8256",2001-08-14,11.4470587664083,NA
"8257",2001-08-15,12.4299509201566,NA
"8258",2001-08-16,12.1060854973429,NA
"8259",2001-08-17,11.7275392143211,NA
"8260",2001-08-18,11.4502937011247,NA
"8261",2001-08-19,11.6348478236949,NA
"8262",2001-08-20,11.301666600287,NA
"8263",2001-08-21,10.6786591171953,NA
"8264",2001-08-22,9.3753426170707,NA
"8265",2001-08-23,9.53943378610551,NA
"8266",2001-08-24,9.76791153744087,NA
"8267",2001-08-25,9.83317576976824,NA
"8268",2001-08-26,9.49563053488648,NA
"8269",2001-08-27,9.56057285315422,NA
"8270",2001-08-28,9.43693344794744,NA
"8271",2001-08-29,9.83046305235582,NA
"8272",2001-08-30,9.88798517350543,NA
"8273",2001-08-31,10.1025629649803,NA
"8274",2001-09-01,10.193135511825,NA
"8275",2001-09-02,10.6447617919468,NA
"8276",2001-09-03,11.2213899179925,NA
"8277",2001-09-04,11.1022672297946,NA
"8278",2001-09-05,10.788834860581,NA
"8279",2001-09-06,11.2405778339843,NA
"8280",2001-09-07,11.0877104355835,NA
"8281",2001-09-08,11.3149339310336,NA
"8282",2001-09-09,11.2063674637973,NA
"8283",2001-09-10,11.5005955062778,NA
"8284",2001-09-11,12.4726952130378,NA
"8285",2001-09-12,13.3566053130174,NA
"8286",2001-09-13,13.043165184916,NA
"8287",2001-09-14,13.0337107819579,NA
"8288",2001-09-15,13.4761965735679,NA
"8289",2001-09-16,13.3938944564159,NA
"8290",2001-09-17,12.7312583601612,NA
"8291",2001-09-18,12.4928145003998,NA
"8292",2001-09-19,12.8081490347733,NA
"8293",2001-09-20,12.7558746031618,NA
"8294",2001-09-21,13.2307362206399,NA
"8295",2001-09-22,13.9261289913438,NA
"8296",2001-09-23,15.3249120790051,NA
"8297",2001-09-24,15.8068244238612,NA
"8298",2001-09-25,15.3907574416834,NA
"8299",2001-09-26,14.4983350418225,NA
"8300",2001-09-27,14.4401185914557,NA
"8301",2001-09-28,14.5267957490367,NA
"8302",2001-09-29,14.6659329846958,NA
"8303",2001-09-30,14.3513541669989,NA
"8304",2001-10-01,14.1995230212829,NA
"8305",2001-10-02,14.2941756298375,NA
"8306",2001-10-03,14.527179873113,NA
"8307",2001-10-04,14.5192020784388,NA
"8308",2001-10-05,13.896576093058,NA
"8309",2001-10-06,12.2986335947887,NA
"8310",2001-10-07,11.2560984280055,NA
"8311",2001-10-08,10.9749550847585,NA
"8312",2001-10-09,11.3615564442708,NA
"8313",2001-10-10,12.2272828063675,NA
"8314",2001-10-11,12.4890493375573,NA
"8315",2001-10-12,12.4713912046776,NA
"8316",2001-10-13,12.7685427077944,NA
"8317",2001-10-14,12.7473185959091,NA
"8318",2001-10-15,13.0657277450505,NA
"8319",2001-10-16,13.0030613297606,NA
"8320",2001-10-17,12.3132976790304,NA
"8321",2001-10-18,11.8614295389509,NA
"8322",2001-10-19,11.4201581380762,NA
"8323",2001-10-20,11.3355920937215,NA
"8324",2001-10-21,12.046616523942,NA
"8325",2001-10-22,13.0702776988159,NA
"8326",2001-10-23,13.4418319408746,NA
"8327",2001-10-24,13.5973395968375,NA
"8328",2001-10-25,14.1880314137484,NA
"8329",2001-10-26,14.7209838429412,NA
"8330",2001-10-27,15.0315974517259,NA
"8331",2001-10-28,14.4823960997348,NA
"8332",2001-10-29,13.6719012547505,NA
"8333",2001-10-30,13.4811679241121,NA
"8334",2001-10-31,13.2457486029389,NA
"8335",2001-11-01,13.2354213719365,NA
"8336",2001-11-02,13.265559230781,NA
"8337",2001-11-03,13.7824796240976,NA
"8338",2001-11-04,15.2052725888583,NA
"8339",2001-11-05,15.8755545055452,NA
"8340",2001-11-06,15.6353662637454,NA
"8341",2001-11-07,15.6918607493953,NA
"8342",2001-11-08,15.8507396824262,NA
"8343",2001-11-09,15.9245234250926,NA
"8344",2001-11-10,14.8415334674383,NA
"8345",2001-11-11,13.2046223956936,NA
"8346",2001-11-12,12.3098939151032,NA
"8347",2001-11-13,12.4560533461244,NA
"8348",2001-11-14,12.6181947314678,NA
"8349",2001-11-15,12.8149181521863,NA
"8350",2001-11-16,13.7917957274453,NA
"8351",2001-11-17,15.190468116831,NA
"8352",2001-11-18,15.2261468425235,NA
"8353",2001-11-19,15.3680295866256,NA
"8354",2001-11-20,15.6755661805884,NA
"8355",2001-11-21,16.1595638347808,NA
"8356",2001-11-22,17.0076269491386,NA
"8357",2001-11-23,16.5758536196796,NA
"8358",2001-11-24,16.2269451229482,NA
"8359",2001-11-25,16.6806511498415,NA
"8360",2001-11-26,16.9301074722101,NA
"8361",2001-11-27,16.8123855034449,NA
"8362",2001-11-28,16.572350410256,NA
"8363",2001-11-29,15.7659045723366,NA
"8364",2001-11-30,15.3077229758735,NA
"8365",2001-12-01,15.2772714450323,NA
"8366",2001-12-02,15.8126722379929,NA
"8367",2001-12-03,15.754883356074,NA
"8368",2001-12-04,15.7885154833964,NA
"8369",2001-12-05,16.1519460711861,NA
"8370",2001-12-06,16.0209688964204,NA
"8371",2001-12-07,15.9724441381873,NA
"8372",2001-12-08,15.6550582226403,NA
"8373",2001-12-09,15.0767886407847,NA
"8374",2001-12-10,14.9610971556113,NA
"8375",2001-12-11,14.9126610627392,NA
"8376",2001-12-12,14.5766119923994,NA
"8377",2001-12-13,14.7747527098985,NA
"8378",2001-12-14,15.2818179943647,NA
"8379",2001-12-15,15.4868178631364,NA
"8380",2001-12-16,15.5814042108778,NA
"8381",2001-12-17,15.9492261447652,NA
"8382",2001-12-18,16.4043212983448,NA
"8383",2001-12-19,17.5366641325016,NA
"8384",2001-12-20,17.7064868114212,NA
"8385",2001-12-21,17.6852245064563,NA
"8386",2001-12-22,17.9928674881986,NA
"8387",2001-12-23,18.3139183081696,NA
"8388",2001-12-24,18.2073866895836,NA
"8389",2001-12-25,17.810570050073,NA
"8390",2001-12-26,16.3731562115662,NA
"8391",2001-12-27,16.1678336732656,NA
"8392",2001-12-28,16.6224663241736,NA
"8393",2001-12-29,17.0735923421311,NA
"8394",2001-12-30,16.7897852478563,NA
"8395",2001-12-31,16.7280910869258,NA
"8396",2002-01-01,16.7405574398433,NA
"8397",2002-01-02,16.9115008181397,NA
"8398",2002-01-03,16.8222926890708,NA
"8399",2002-01-04,16.3069419376497,NA
"8400",2002-01-05,16.5191008591645,NA
"8401",2002-01-06,17.0143170629018,NA
"8402",2002-01-07,17.0392499872656,NA
"8403",2002-01-08,17.1000131156788,NA
"8404",2002-01-09,17.7434218595455,NA
"8405",2002-01-10,19.0811122957487,NA
"8406",2002-01-11,19.1096960986644,NA
"8407",2002-01-12,18.2959793128033,NA
"8408",2002-01-13,17.952795675235,NA
"8409",2002-01-14,18.1365026057937,NA
"8410",2002-01-15,18.476309672504,NA
"8411",2002-01-16,18.3533171373896,NA
"8412",2002-01-17,17.30262684523,NA
"8413",2002-01-18,18.077337050699,NA
"8414",2002-01-19,19.3918475532286,NA
"8415",2002-01-20,20.0195078567879,NA
"8416",2002-01-21,19.9224275508881,NA
"8417",2002-01-22,19.8025396807241,NA
"8418",2002-01-23,19.8322253151493,NA
"8419",2002-01-24,20.0685266262041,NA
"8420",2002-01-25,20.3153379162156,NA
"8421",2002-01-26,20.3243006001635,NA
"8422",2002-01-27,20.0378111519244,NA
"8423",2002-01-28,20.3386430003823,NA
"8424",2002-01-29,20.6067552984168,NA
"8425",2002-01-30,20.654072880206,NA
"8426",2002-01-31,20.6027973908086,NA
"8427",2002-02-01,20.4825671592863,NA
"8428",2002-02-02,19.3630119233902,NA
"8429",2002-02-03,19.0693238329344,NA
"8430",2002-02-04,18.8706204339534,NA
"8431",2002-02-05,18.9581921702619,NA
"8432",2002-02-06,19.1536495562598,NA
"8433",2002-02-07,18.8110823432063,NA
"8434",2002-02-08,18.0175954764128,NA
"8435",2002-02-09,18.0220145688679,NA
"8436",2002-02-10,17.5662280685472,NA
"8437",2002-02-11,17.5147767789767,NA
"8438",2002-02-12,17.5909753771301,NA
"8439",2002-02-13,18.1283746693202,NA
"8440",2002-02-14,19.5450238136179,NA
"8441",2002-02-15,19.8475702034466,NA
"8442",2002-02-16,19.9587708125435,NA
"8443",2002-02-17,20.5332830253208,NA
"8444",2002-02-18,20.8070648084913,NA
"8445",2002-02-19,21.3164999043881,NA
"8446",2002-02-20,20.5812836327507,NA
"8447",2002-02-21,19.2129811107331,NA
"8448",2002-02-22,19.1134213400478,NA
"8449",2002-02-23,19.3435189919928,NA
"8450",2002-02-24,19.6883961109377,NA
"8451",2002-02-25,20.0799872568559,NA
"8452",2002-02-26,19.2534488037864,NA
"8453",2002-02-27,19.1586217474478,NA
"8454",2002-02-28,19.0962696796522,NA
"8455",2002-03-01,18.8146735006897,NA
"8456",2002-03-02,18.5313671144242,NA
"8457",2002-03-03,17.7613064119273,NA
"8458",2002-03-04,17.1972314548481,NA
"8459",2002-03-05,17.6878545829349,NA
"8460",2002-03-06,18.2659002133193,NA
"8461",2002-03-07,18.2906921760368,NA
"8462",2002-03-08,18.3401687211957,NA
"8463",2002-03-09,19.0694938888186,NA
"8464",2002-03-10,20.0441161955866,NA
"8465",2002-03-11,19.7424200441836,NA
"8466",2002-03-12,19.0967604061881,NA
"8467",2002-03-13,18.6922847137159,NA
"8468",2002-03-14,18.7927953675799,NA
"8469",2002-03-15,18.9412399851328,NA
"8470",2002-03-16,18.6978532746831,NA
"8471",2002-03-17,18.5661678539664,NA
"8472",2002-03-18,19.2365058194331,NA
"8473",2002-03-19,19.3878122552176,NA
"8474",2002-03-20,19.3224845112236,NA
"8475",2002-03-21,19.1398443684558,NA
"8476",2002-03-22,19.1760948465566,NA
"8477",2002-03-23,19.4681106857249,NA
"8478",2002-03-24,19.4400093560369,NA
"8479",2002-03-25,18.846769864065,NA
"8480",2002-03-26,18.5244291048413,NA
"8481",2002-03-27,18.5706906603446,NA
"8482",2002-03-28,18.8246513062281,NA
"8483",2002-03-29,18.387685853432,NA
"8484",2002-03-30,17.3252212576348,NA
"8485",2002-03-31,16.5328543369367,NA
"8486",2002-04-01,16.9378713531522,NA
"8487",2002-04-02,17.8101911161942,NA
"8488",2002-04-03,17.7523413546253,NA
"8489",2002-04-04,17.1377394981245,NA
"8490",2002-04-05,17.0761617999177,NA
"8491",2002-04-06,17.0615405546736,NA
"8492",2002-04-07,17.0036800252387,NA
"8493",2002-04-08,16.864356690059,NA
"8494",2002-04-09,16.5126812786556,NA
"8495",2002-04-10,16.7894421007401,NA
"8496",2002-04-11,17.8736500418471,NA
"8497",2002-04-12,18.4476806167168,NA
"8498",2002-04-13,18.4464439454674,NA
"8499",2002-04-14,17.9201927572932,NA
"8500",2002-04-15,17.3641710485875,NA
"8501",2002-04-16,16.7900909910003,NA
"8502",2002-04-17,16.4311655811021,NA
"8503",2002-04-18,15.7571903873645,NA
"8504",2002-04-19,15.3272877276869,NA
"8505",2002-04-20,15.5262686585518,NA
"8506",2002-04-21,15.9054298484392,NA
"8507",2002-04-22,16.1771548817541,NA
"8508",2002-04-23,16.9686734563899,NA
"8509",2002-04-24,17.3598827415635,NA
"8510",2002-04-25,16.889899841436,NA
"8511",2002-04-26,16.1961552633351,NA
"8512",2002-04-27,15.4063048150399,NA
"8513",2002-04-28,14.771442461747,NA
"8514",2002-04-29,14.209753129473,NA
"8515",2002-04-30,13.0740685177944,NA
"8516",2002-05-01,12.3368952147833,NA
"8517",2002-05-02,12.5732384720086,NA
"8518",2002-05-03,13.2164570424643,NA
"8519",2002-05-04,13.8860012568947,NA
"8520",2002-05-05,14.6888292581428,NA
"8521",2002-05-06,15.1218012185595,NA
"8522",2002-05-07,15.8543078793889,NA
"8523",2002-05-08,16.5868494369447,NA
"8524",2002-05-09,16.4451665915583,NA
"8525",2002-05-10,16.1839720741963,NA
"8526",2002-05-11,16.1198883333683,NA
"8527",2002-05-12,15.8658439982504,NA
"8528",2002-05-13,15.2522612039304,NA
"8529",2002-05-14,13.9320547648877,NA
"8530",2002-05-15,13.0772537944234,NA
"8531",2002-05-16,12.7842155142763,NA
"8532",2002-05-17,12.5694211517152,NA
"8533",2002-05-18,11.7466037427816,NA
"8534",2002-05-19,10.8999848131088,NA
"8535",2002-05-20,10.8921442334032,NA
"8536",2002-05-21,11.2180593761966,NA
"8537",2002-05-22,10.7675892206799,NA
"8538",2002-05-23,10.6461386452041,NA
"8539",2002-05-24,10.4549567306677,NA
"8540",2002-05-25,10.438799588734,NA
"8541",2002-05-26,10.4358298568148,NA
"8542",2002-05-27,9.93500249196909,NA
"8543",2002-05-28,9.39147540073439,NA
"8544",2002-05-29,9.11894871249178,NA
"8545",2002-05-30,9.00532514156248,NA
"8546",2002-05-31,8.90993368344418,NA
"8547",2002-06-01,8.77422758096218,NA
"8548",2002-06-02,8.50236121618842,NA
"8549",2002-06-03,8.59062552103813,NA
"8550",2002-06-04,8.71165078150963,NA
"8551",2002-06-05,9.33477798811006,NA
"8552",2002-06-06,9.90691409361347,NA
"8553",2002-06-07,10.1560913848669,NA
"8554",2002-06-08,10.534677564695,NA
"8555",2002-06-09,11.4343172656151,NA
"8556",2002-06-10,12.1087802631576,NA
"8557",2002-06-11,12.7298374363607,NA
"8558",2002-06-12,12.5577335490798,NA
"8559",2002-06-13,12.1820648853844,NA
"8560",2002-06-14,12.0904865159098,NA
"8561",2002-06-15,11.8864691738179,NA
"8562",2002-06-16,11.1359819444693,NA
"8563",2002-06-17,10.3950251604305,NA
"8564",2002-06-18,9.39821310886995,NA
"8565",2002-06-19,9.12537147061372,NA
"8566",2002-06-20,8.96250030734328,NA
"8567",2002-06-21,9.03308503588781,NA
"8568",2002-06-22,9.12530806687008,NA
"8569",2002-06-23,9.43073394213235,NA
"8570",2002-06-24,9.86317957060015,NA
"8571",2002-06-25,10.2430056476196,NA
"8572",2002-06-26,10.1621670651413,NA
"8573",2002-06-27,9.89865915401231,NA
"8574",2002-06-28,9.26955052434062,NA
"8575",2002-06-29,8.82618644843427,NA
"8576",2002-06-30,8.49750036114354,NA
"8577",2002-07-01,8.06973600465222,NA
"8578",2002-07-02,8.26751306390765,NA
"8579",2002-07-03,8.17200856385667,NA
"8580",2002-07-04,8.84646300916208,NA
"8581",2002-07-05,9.31250341323539,NA
"8582",2002-07-06,9.86938758156512,NA
"8583",2002-07-07,10.115649844095,NA
"8584",2002-07-08,10.7635443639616,NA
"8585",2002-07-09,10.3115897160858,NA
"8586",2002-07-10,10.0698727674643,NA
"8587",2002-07-11,9.70681696029282,NA
"8588",2002-07-12,10.031125928537,NA
"8589",2002-07-13,9.7191840753894,NA
"8590",2002-07-14,9.50543660420121,NA
"8591",2002-07-15,9.15211116375684,NA
"8592",2002-07-16,9.42416127999873,NA
"8593",2002-07-17,9.92901326827557,NA
"8594",2002-07-18,10.1122815794831,NA
"8595",2002-07-19,10.1629371862107,NA
"8596",2002-07-20,9.92342067688874,NA
"8597",2002-07-21,9.60756541544632,NA
"8598",2002-07-22,9.4656063705697,NA
"8599",2002-07-23,9.86290621380469,NA
"8600",2002-07-24,9.31041493816006,NA
"8601",2002-07-25,8.6834824555223,NA
"8602",2002-07-26,8.26911778124805,NA
"8603",2002-07-27,9.28810817565919,NA
"8604",2002-07-28,9.82126984607192,NA
"8605",2002-07-29,9.62846234301896,NA
"8606",2002-07-30,9.13688393695565,NA
"8607",2002-07-31,9.91996630572146,NA
"8608",2002-08-01,10.2744628997574,NA
"8609",2002-08-02,10.3852669197269,NA
"8610",2002-08-03,9.8443765845197,NA
"8611",2002-08-04,9.73150951431542,NA
"8612",2002-08-05,10.3263742549944,NA
"8613",2002-08-06,11.0185423384516,NA
"8614",2002-08-07,10.747920859374,NA
"8615",2002-08-08,10.9027470720733,NA
"8616",2002-08-09,11.0011740554125,NA
"8617",2002-08-10,11.8133372721922,NA
"8618",2002-08-11,11.9095100328121,NA
"8619",2002-08-12,11.2051199571961,NA
"8620",2002-08-13,10.3069899188622,NA
"8621",2002-08-14,9.69890171068608,NA
"8622",2002-08-15,9.13941787283436,NA
"8623",2002-08-16,8.62612896994366,NA
"8624",2002-08-17,7.43733041126375,NA
"8625",2002-08-18,7.18340613679158,NA
"8626",2002-08-19,7.54233667887546,NA
"8627",2002-08-20,7.9021077544547,NA
"8628",2002-08-21,8.40048230422227,NA
"8629",2002-08-22,8.60546466983448,NA
"8630",2002-08-23,8.49042575891844,NA
"8631",2002-08-24,8.38479130610639,NA
"8632",2002-08-25,8.30494249144433,NA
"8633",2002-08-26,8.5168627398677,NA
"8634",2002-08-27,9.14425045174356,NA
"8635",2002-08-28,8.87519214145864,NA
"8636",2002-08-29,9.30067508044851,NA
"8637",2002-08-30,9.81931660243308,NA
"8638",2002-08-31,10.4678071205288,NA
"8639",2002-09-01,11.2338175430056,NA
"8640",2002-09-02,11.8209727946448,NA
"8641",2002-09-03,11.8802330486975,NA
"8642",2002-09-04,12.241572529229,NA
"8643",2002-09-05,12.7330851306621,NA
"8644",2002-09-06,13.12640862284,NA
"8645",2002-09-07,12.8724362281145,NA
"8646",2002-09-08,12.8436810243532,NA
"8647",2002-09-09,11.7054313074789,NA
"8648",2002-09-10,10.5906824622966,NA
"8649",2002-09-11,10.3000927199689,NA
"8650",2002-09-12,10.0190305200615,NA
"8651",2002-09-13,10.4316723320589,NA
"8652",2002-09-14,11.8407649330164,NA
"8653",2002-09-15,13.0148716381343,NA
"8654",2002-09-16,13.2241057535354,NA
"8655",2002-09-17,14.053882611353,NA
"8656",2002-09-18,14.4830165702572,NA
"8657",2002-09-19,14.0857806725343,NA
"8658",2002-09-20,13.4988276172112,NA
"8659",2002-09-21,12.816345068129,NA
"8660",2002-09-22,11.538603851594,NA
"8661",2002-09-23,12.5007493194984,NA
"8662",2002-09-24,12.4974482620073,NA
"8663",2002-09-25,12.3692294021166,NA
"8664",2002-09-26,12.5945937727882,NA
"8665",2002-09-27,12.4535669771517,NA
"8666",2002-09-28,11.6324759871856,NA
"8667",2002-09-29,11.2960074285025,NA
"8668",2002-09-30,10.5502418186238,NA
"8669",2002-10-01,11.0957800438307,NA
"8670",2002-10-02,12.1363204826656,NA
"8671",2002-10-03,12.6100419278932,NA
"8672",2002-10-04,13.1634215181542,NA
"8673",2002-10-05,14.0047445825887,NA
"8674",2002-10-06,15.1288691596898,NA
"8675",2002-10-07,15.7662174945833,NA
"8676",2002-10-08,14.7061145064156,NA
"8677",2002-10-09,13.6763242414451,NA
"8678",2002-10-10,13.2959142831612,NA
"8679",2002-10-11,13.5243380132062,NA
"8680",2002-10-12,13.8634180025787,NA
"8681",2002-10-13,13.0579669334421,NA
"8682",2002-10-14,12.8785868196703,NA
"8683",2002-10-15,14.0944766859974,NA
"8684",2002-10-16,14.8804797940449,NA
"8685",2002-10-17,15.2771431660001,NA
"8686",2002-10-18,15.452541876281,NA
"8687",2002-10-19,15.1132563331408,NA
"8688",2002-10-20,15.2173018298375,NA
"8689",2002-10-21,15.1244789660889,NA
"8690",2002-10-22,14.9831099446602,NA
"8691",2002-10-23,14.1737408494623,NA
"8692",2002-10-24,14.1154339238837,NA
"8693",2002-10-25,13.1603999288853,NA
"8694",2002-10-26,12.7422769341772,NA
"8695",2002-10-27,12.729186631557,NA
"8696",2002-10-28,12.9688020128738,NA
"8697",2002-10-29,13.8446310535361,NA
"8698",2002-10-30,14.4504062248162,NA
"8699",2002-10-31,14.3299674932699,NA
"8700",2002-11-01,15.7001476588554,NA
"8701",2002-11-02,16.6041975816536,NA
"8702",2002-11-03,16.5535711774749,NA
"8703",2002-11-04,16.1146167217376,NA
"8704",2002-11-05,15.0371871640028,NA
"8705",2002-11-06,15.7737213575529,NA
"8706",2002-11-07,16.8965371783092,NA
"8707",2002-11-08,16.6728669494513,NA
"8708",2002-11-09,16.7384313161146,NA
"8709",2002-11-10,17.24936230434,NA
"8710",2002-11-11,18.8442271015328,NA
"8711",2002-11-12,18.9593648342905,NA
"8712",2002-11-13,18.1777580874292,NA
"8713",2002-11-14,17.296330805762,NA
"8714",2002-11-15,16.8536476462305,NA
"8715",2002-11-16,17.171601004733,NA
"8716",2002-11-17,18.0550616706047,NA
"8717",2002-11-18,17.5407178494677,NA
"8718",2002-11-19,18.0598914892109,NA
"8719",2002-11-20,18.2066521103033,NA
"8720",2002-11-21,18.4765994641512,NA
"8721",2002-11-22,19.0080513051314,NA
"8722",2002-11-23,19.6970010360935,NA
"8723",2002-11-24,19.4360090910989,NA
"8724",2002-11-25,19.3026950982846,NA
"8725",2002-11-26,18.7995227958187,NA
"8726",2002-11-27,19.0769360595154,NA
"8727",2002-11-28,19.3242131179831,NA
"8728",2002-11-29,18.8087031237451,NA
"8729",2002-11-30,17.4096141644496,NA
"8730",2002-12-01,17.6391846743687,NA
"8731",2002-12-02,17.8078408797286,NA
"8732",2002-12-03,18.15053044966,NA
"8733",2002-12-04,17.8758331445516,NA
"8734",2002-12-05,16.9870607361236,NA
"8735",2002-12-06,16.6005948955543,NA
"8736",2002-12-07,16.6111620414005,NA
"8737",2002-12-08,15.5908602097863,NA
"8738",2002-12-09,14.4846498827298,NA
"8739",2002-12-10,14.2170690964271,NA
"8740",2002-12-11,14.5929192461858,NA
"8741",2002-12-12,15.0729651173081,NA
"8742",2002-12-13,15.6047059722085,NA
"8743",2002-12-14,16.3584947344941,NA
"8744",2002-12-15,17.7764223728394,NA
"8745",2002-12-16,19.5554762592453,NA
"8746",2002-12-17,20.8182424542431,NA
"8747",2002-12-18,21.5598576702663,NA
"8748",2002-12-19,22.2953216759036,NA
"8749",2002-12-20,22.7489641609137,NA
"8750",2002-12-21,22.9313355280705,NA
"8751",2002-12-22,22.583940765241,NA
"8752",2002-12-23,21.9354647797983,NA
"8753",2002-12-24,21.1030163852429,NA
"8754",2002-12-25,20.3745598760365,NA
"8755",2002-12-26,19.6688509232496,NA
"8756",2002-12-27,19.3115314692189,NA
"8757",2002-12-28,19.5172026254606,NA
"8758",2002-12-29,20.5150076155564,NA
"8759",2002-12-30,21.0560153721121,NA
"8760",2002-12-31,21.0020767640773,NA
"8761",2003-01-01,20.6521221587536,NA
"8762",2003-01-02,20.4965701429885,NA
"8763",2003-01-03,19.9228870570321,NA
"8764",2003-01-04,18.805039143891,NA
"8765",2003-01-05,18.3479068673282,NA
"8766",2003-01-06,18.7188454405126,NA
"8767",2003-01-07,19.4546093170206,NA
"8768",2003-01-08,19.6223434582845,NA
"8769",2003-01-09,19.5605836953501,NA
"8770",2003-01-10,19.9184136005013,NA
"8771",2003-01-11,20.5488110018375,NA
"8772",2003-01-12,20.9863166505396,NA
"8773",2003-01-13,20.7479919466836,NA
"8774",2003-01-14,20.2918188431312,NA
"8775",2003-01-15,20.7277110823292,NA
"8776",2003-01-16,21.1515596493912,NA
"8777",2003-01-17,21.6595178812982,NA
"8778",2003-01-18,21.3993323948047,NA
"8779",2003-01-19,21.4402321757846,NA
"8780",2003-01-20,21.6297201795432,NA
"8781",2003-01-21,21.7730735528001,NA
"8782",2003-01-22,21.6992987501061,NA
"8783",2003-01-23,21.8744576803518,NA
"8784",2003-01-24,22.0931856670918,NA
"8785",2003-01-25,22.6352962096616,NA
"8786",2003-01-26,22.1707984767058,NA
"8787",2003-01-27,21.8173151154339,NA
"8788",2003-01-28,22.1451052473129,NA
"8789",2003-01-29,22.6435536185388,NA
"8790",2003-01-30,22.2011519551692,NA
"8791",2003-01-31,21.2535473878399,NA
"8792",2003-02-01,19.95475295007,NA
"8793",2003-02-02,20.4282738152787,NA
"8794",2003-02-03,21.1880401389445,NA
"8795",2003-02-04,21.5129982516262,NA
"8796",2003-02-05,20.9715563180873,NA
"8797",2003-02-06,21.4186567156089,NA
"8798",2003-02-07,21.6793991961345,NA
"8799",2003-02-08,21.7721482670147,NA
"8800",2003-02-09,21.6107944477355,NA
"8801",2003-02-10,20.9063959534185,NA
"8802",2003-02-11,20.0772229272658,NA
"8803",2003-02-12,20.2098687161749,NA
"8804",2003-02-13,20.0636996013246,NA
"8805",2003-02-14,20.2301160049453,NA
"8806",2003-02-15,20.5704266453092,NA
"8807",2003-02-16,20.2539414449132,NA
"8808",2003-02-17,20.0221973750465,NA
"8809",2003-02-18,19.8467434828445,NA
"8810",2003-02-19,19.6790870948592,NA
"8811",2003-02-20,19.5750022808082,NA
"8812",2003-02-21,19.5493203209674,NA
"8813",2003-02-22,19.4608242895097,NA
"8814",2003-02-23,20.1916348590002,NA
"8815",2003-02-24,20.9345358350303,NA
"8816",2003-02-25,21.2798456839463,NA
"8817",2003-02-26,21.3704811120371,NA
"8818",2003-02-27,21.4162761614006,NA
"8819",2003-02-28,20.8190645732574,NA
"8820",2003-03-01,19.9482966570933,NA
"8821",2003-03-02,18.919299982901,NA
"8822",2003-03-03,17.7591625410079,NA
"8823",2003-03-04,16.8493311801791,NA
"8824",2003-03-05,15.9107268511775,NA
"8825",2003-03-06,15.5666523695814,NA
"8826",2003-03-07,16.3491126635792,NA
"8827",2003-03-08,16.7536603493709,NA
"8828",2003-03-09,17.0591440788606,NA
"8829",2003-03-10,17.6139745029949,NA
"8830",2003-03-11,18.2936577994916,NA
"8831",2003-03-12,19.0536727627016,NA
"8832",2003-03-13,19.209496946278,NA
"8833",2003-03-14,18.8203057466547,NA
"8834",2003-03-15,18.9807646273847,NA
"8835",2003-03-16,19.1626487886061,NA
"8836",2003-03-17,19.7441026208596,NA
"8837",2003-03-18,20.4538099786346,NA
"8838",2003-03-19,19.6759108135854,NA
"8839",2003-03-20,18.9986806232537,NA
"8840",2003-03-21,18.7378500076401,NA
"8841",2003-03-22,18.4042714081726,NA
"8842",2003-03-23,17.8510709918108,NA
"8843",2003-03-24,16.8391546207822,NA
"8844",2003-03-25,15.369937847917,NA
"8845",2003-03-26,15.7602431233377,NA
"8846",2003-03-27,16.4986964079054,NA
"8847",2003-03-28,16.876201546116,NA
"8848",2003-03-29,17.2743755705172,NA
"8849",2003-03-30,17.4060242324847,NA
"8850",2003-03-31,17.464601041494,NA
"8851",2003-04-01,17.7819354966398,NA
"8852",2003-04-02,17.5125789950471,NA
"8853",2003-04-03,16.8559810767675,NA
"8854",2003-04-04,16.5113745936283,NA
"8855",2003-04-05,16.3314780015352,NA
"8856",2003-04-06,16.7935623847437,NA
"8857",2003-04-07,16.9679346903916,NA
"8858",2003-04-08,15.891194463352,NA
"8859",2003-04-09,15.7437170405595,NA
"8860",2003-04-10,16.4003893273488,NA
"8861",2003-04-11,16.7769371993851,NA
"8862",2003-04-12,17.3959327895421,NA
"8863",2003-04-13,16.9434954759269,NA
"8864",2003-04-14,16.5663043604655,NA
"8865",2003-04-15,16.334816594949,NA
"8866",2003-04-16,15.922598922464,NA
"8867",2003-04-17,15.3158246085797,NA
"8868",2003-04-18,14.9224765728562,NA
"8869",2003-04-19,14.018637237066,NA
"8870",2003-04-20,13.8755984868515,NA
"8871",2003-04-21,13.7803183094033,NA
"8872",2003-04-22,14.5649392658575,NA
"8873",2003-04-23,15.2631142080974,NA
"8874",2003-04-24,15.4391720594945,NA
"8875",2003-04-25,15.7208335782292,NA
"8876",2003-04-26,15.9667164796555,NA
"8877",2003-04-27,16.1972082080589,NA
"8878",2003-04-28,16.1807245705466,NA
"8879",2003-04-29,15.9255635533801,NA
"8880",2003-04-30,15.2385768980971,NA
"8881",2003-05-01,14.8621534866022,NA
"8882",2003-05-02,14.7120324852684,NA
"8883",2003-05-03,14.1259671017145,NA
"8884",2003-05-04,13.195519647731,NA
"8885",2003-05-05,12.6760456415686,NA
"8886",2003-05-06,12.6811814621222,NA
"8887",2003-05-07,13.3451861214943,NA
"8888",2003-05-08,13.9401889635149,NA
"8889",2003-05-09,13.588931140009,NA
"8890",2003-05-10,13.7866468324852,NA
"8891",2003-05-11,14.236971760937,NA
"8892",2003-05-12,14.6896537245422,NA
"8893",2003-05-13,14.9011331351525,NA
"8894",2003-05-14,14.7868147440783,NA
"8895",2003-05-15,14.3227230546117,NA
"8896",2003-05-16,14.4565401156309,NA
"8897",2003-05-17,14.5886383766586,NA
"8898",2003-05-18,15.0107221295168,NA
"8899",2003-05-19,14.6771053879983,NA
"8900",2003-05-20,14.2155027807447,NA
"8901",2003-05-21,13.2707063379848,NA
"8902",2003-05-22,12.5589879756704,NA
"8903",2003-05-23,12.1656304749746,NA
"8904",2003-05-24,11.8187512408678,NA
"8905",2003-05-25,11.2430359940175,NA
"8906",2003-05-26,10.99645964439,NA
"8907",2003-05-27,10.4057020503184,NA
"8908",2003-05-28,10.5456267623442,NA
"8909",2003-05-29,10.6389649490148,NA
"8910",2003-05-30,10.54260398619,NA
"8911",2003-05-31,10.9154272020149,NA
"8912",2003-06-01,11.2340466583295,NA
"8913",2003-06-02,11.7028997497312,NA
"8914",2003-06-03,12.2375934247192,NA
"8915",2003-06-04,12.7136017341635,NA
"8916",2003-06-05,13.3672245207556,NA
"8917",2003-06-06,13.2139892774018,NA
"8918",2003-06-07,12.4619257667737,NA
"8919",2003-06-08,12.0062845884644,NA
"8920",2003-06-09,11.6007901227371,NA
"8921",2003-06-10,11.2115779028837,NA
"8922",2003-06-11,10.9291909052167,NA
"8923",2003-06-12,10.2291058776174,NA
"8924",2003-06-13,10.1841625792249,NA
"8925",2003-06-14,10.1581594029195,NA
"8926",2003-06-15,9.78215285032385,NA
"8927",2003-06-16,9.49621055580437,NA
"8928",2003-06-17,9.67560547702135,NA
"8929",2003-06-18,9.64149577605157,NA
"8930",2003-06-19,9.89266820292403,NA
"8931",2003-06-20,9.9588619481265,NA
"8932",2003-06-21,9.98101743392035,NA
"8933",2003-06-22,10.0201251402285,NA
"8934",2003-06-23,9.5424569916439,NA
"8935",2003-06-24,9.02245015137778,NA
"8936",2003-06-25,8.20311401630454,NA
"8937",2003-06-26,8.37157943220966,NA
"8938",2003-06-27,8.60467563125894,NA
"8939",2003-06-28,8.98772979984504,NA
"8940",2003-06-29,9.33363218369784,NA
"8941",2003-06-30,10.0323481666195,NA
"8942",2003-07-01,10.598458685639,NA
"8943",2003-07-02,11.3714281290281,NA
"8944",2003-07-03,11.0429941119725,NA
"8945",2003-07-04,10.8903023272795,NA
"8946",2003-07-05,10.6901564592027,NA
"8947",2003-07-06,10.7172418749577,NA
"8948",2003-07-07,10.4790759877016,NA
"8949",2003-07-08,10.1696975662229,NA
"8950",2003-07-09,10.0561577969902,NA
"8951",2003-07-10,10.2649100748181,NA
"8952",2003-07-11,10.4293373736758,NA
"8953",2003-07-12,10.1600634304467,NA
"8954",2003-07-13,9.81253622509778,NA
"8955",2003-07-14,10.0621482201784,NA
"8956",2003-07-15,10.2457376790375,NA
"8957",2003-07-16,9.8641781616383,NA
"8958",2003-07-17,9.41303237628621,NA
"8959",2003-07-18,8.87378129353689,NA
"8960",2003-07-19,8.51021759975374,NA
"8961",2003-07-20,8.40725845342212,NA
"8962",2003-07-21,8.46010075123199,NA
"8963",2003-07-22,8.43615754831694,NA
"8964",2003-07-23,8.68580842945259,NA
"8965",2003-07-24,9.00459765172814,NA
"8966",2003-07-25,8.7567450380023,NA
"8967",2003-07-26,9.08539245998431,NA
"8968",2003-07-27,9.12390112558814,NA
"8969",2003-07-28,8.69449069555862,NA
"8970",2003-07-29,8.11612391512615,NA
"8971",2003-07-30,7.9260008328721,NA
"8972",2003-07-31,7.72442059497902,NA
"8973",2003-08-01,8.04069864147634,NA
"8974",2003-08-02,8.25808236848552,NA
"8975",2003-08-03,8.79597030495197,NA
"8976",2003-08-04,9.54411452147843,NA
"8977",2003-08-05,10.042319389351,NA
"8978",2003-08-06,10.403459043002,NA
"8979",2003-08-07,10.6970969700413,NA
"8980",2003-08-08,10.7657595212631,NA
"8981",2003-08-09,10.0024510049244,NA
"8982",2003-08-10,9.30548977482025,NA
"8983",2003-08-11,8.81499290771124,NA
"8984",2003-08-12,9.3438877641885,NA
"8985",2003-08-13,9.40686317294268,NA
"8986",2003-08-14,8.90080677011473,NA
"8987",2003-08-15,8.53859367323878,NA
"8988",2003-08-16,8.88989998876136,NA
"8989",2003-08-17,8.89152341793904,NA
"8990",2003-08-18,8.15542154289597,NA
"8991",2003-08-19,7.20766845822325,NA
"8992",2003-08-20,7.10612096953451,NA
"8993",2003-08-21,7.42032659687666,NA
"8994",2003-08-22,8.05834092228734,NA
"8995",2003-08-23,8.5375190630413,NA
"8996",2003-08-24,8.92771091982078,NA
"8997",2003-08-25,9.21040365561277,NA
"8998",2003-08-26,9.48809428039886,NA
"8999",2003-08-27,9.71082159597685,NA
"9000",2003-08-28,10.0669995313168,NA
"9001",2003-08-29,10.3758849254112,NA
"9002",2003-08-30,10.0553823911632,NA
"9003",2003-08-31,9.47160843658881,NA
"9004",2003-09-01,9.687600687305,NA
"9005",2003-09-02,10.0575119208284,NA
"9006",2003-09-03,9.69782970207483,NA
"9007",2003-09-04,9.98666159141067,NA
"9008",2003-09-05,9.65927300534043,NA
"9009",2003-09-06,9.63601011244596,NA
"9010",2003-09-07,9.98598423499888,NA
"9011",2003-09-08,10.6185260357668,NA
"9012",2003-09-09,10.9857547270852,NA
"9013",2003-09-10,11.1485402506543,NA
"9014",2003-09-11,10.9139983845065,NA
"9015",2003-09-12,10.7756703054826,NA
"9016",2003-09-13,10.9162280125275,NA
"9017",2003-09-14,10.861799907572,NA
"9018",2003-09-15,10.5046342535179,NA
"9019",2003-09-16,10.380780639465,NA
"9020",2003-09-17,10.8375130361286,NA
"9021",2003-09-18,10.9653817723702,NA
"9022",2003-09-19,11.0081116370173,NA
"9023",2003-09-20,11.7361428781914,NA
"9024",2003-09-21,12.3599885369623,NA
"9025",2003-09-22,12.6522851027352,NA
"9026",2003-09-23,12.9674926399338,NA
"9027",2003-09-24,13.3251598266973,NA
"9028",2003-09-25,13.2163804521023,NA
"9029",2003-09-26,13.1042738687913,NA
"9030",2003-09-27,12.0489777676422,NA
"9031",2003-09-28,11.6729813682923,NA
"9032",2003-09-29,10.7919393062328,NA
"9033",2003-09-30,10.2412133608033,NA
"9034",2003-10-01,9.50543084209116,NA
"9035",2003-10-02,9.28598899766962,NA
"9036",2003-10-03,9.4613317386316,NA
"9037",2003-10-04,9.96310884742258,NA
"9038",2003-10-05,10.1196242216205,NA
"9039",2003-10-06,10.73785643797,NA
"9040",2003-10-07,10.9792043682667,NA
"9041",2003-10-08,10.6010931926926,NA
"9042",2003-10-09,10.519800339985,NA
"9043",2003-10-10,10.1576695379002,NA
"9044",2003-10-11,9.94149861592183,NA
"9045",2003-10-12,10.06145498633,NA
"9046",2003-10-13,10.652472377559,NA
"9047",2003-10-14,11.7014424124052,NA
"9048",2003-10-15,12.4834575913597,NA
"9049",2003-10-16,12.9834859872953,NA
"9050",2003-10-17,14.3257034351129,NA
"9051",2003-10-18,16.0717806296882,NA
"9052",2003-10-19,16.1185090934613,NA
"9053",2003-10-20,16.1322358596194,NA
"9054",2003-10-21,14.9160501138873,NA
"9055",2003-10-22,14.9047274113415,NA
"9056",2003-10-23,14.9492296450364,NA
"9057",2003-10-24,14.5430049546865,NA
"9058",2003-10-25,13.0310539920969,NA
"9059",2003-10-26,12.6044502651214,NA
"9060",2003-10-27,12.1757189614933,NA
"9061",2003-10-28,12.0936762505386,NA
"9062",2003-10-29,11.6543155387134,NA
"9063",2003-10-30,11.5907361371969,NA
"9064",2003-10-31,11.0441467497038,NA
"9065",2003-11-01,11.0583624176889,NA
"9066",2003-11-02,11.2088634066327,NA
"9067",2003-11-03,11.0246696937907,NA
"9068",2003-11-04,12.1277926540551,NA
"9069",2003-11-05,13.4748722840495,NA
"9070",2003-11-06,13.8944887192086,NA
"9071",2003-11-07,14.4682428632099,NA
"9072",2003-11-08,14.9853295821418,NA
"9073",2003-11-09,15.609095678288,NA
"9074",2003-11-10,16.3215641369875,NA
"9075",2003-11-11,16.240768384193,NA
"9076",2003-11-12,15.628000497079,NA
"9077",2003-11-13,16.1379966896467,NA
"9078",2003-11-14,17.411310465772,NA
"9079",2003-11-15,18.3027803232707,NA
"9080",2003-11-16,18.2418771411292,NA
"9081",2003-11-17,18.8432988829528,NA
"9082",2003-11-18,19.271730811879,NA
"9083",2003-11-19,20.3331403350971,NA
"9084",2003-11-20,20.1373622379642,NA
"9085",2003-11-21,19.2412781787285,NA
"9086",2003-11-22,18.1252183907413,NA
"9087",2003-11-23,17.9628288453593,NA
"9088",2003-11-24,17.2310147765616,NA
"9089",2003-11-25,16.8732097755493,NA
"9090",2003-11-26,16.1421106535074,NA
"9091",2003-11-27,16.8449816100569,NA
"9092",2003-11-28,18.1737319411711,NA
"9093",2003-11-29,19.7347493896662,NA
"9094",2003-11-30,20.4593397314448,NA
"9095",2003-12-01,20.6490197865214,NA
"9096",2003-12-02,20.9738385453795,NA
"9097",2003-12-03,21.2293580142528,NA
"9098",2003-12-04,20.9112291627256,NA
"9099",2003-12-05,19.8788665052571,NA
"9100",2003-12-06,19.0781873276419,NA
"9101",2003-12-07,19.5306979064062,NA
"9102",2003-12-08,20.294178951881,NA
"9103",2003-12-09,20.9730529767216,NA
"9104",2003-12-10,20.6353258972718,NA
"9105",2003-12-11,20.5181374566484,NA
"9106",2003-12-12,20.5765713413936,NA
"9107",2003-12-13,20.2844864117187,NA
"9108",2003-12-14,19.9356239288383,NA
"9109",2003-12-15,20.1931587737688,NA
"9110",2003-12-16,20.2826546236838,NA
"9111",2003-12-17,20.9309749602963,NA
"9112",2003-12-18,21.4055726695884,NA
"9113",2003-12-19,21.93386507671,NA
"9114",2003-12-20,22.190916813369,NA
"9115",2003-12-21,22.0505520911146,NA
"9116",2003-12-22,21.1837399727262,NA
"9117",2003-12-23,20.1625387900424,NA
"9118",2003-12-24,19.91204366761,NA
"9119",2003-12-25,19.5789659138592,NA
"9120",2003-12-26,18.8881503737584,NA
"9121",2003-12-27,18.6151667372824,NA
"9122",2003-12-28,19.0437927708564,NA
"9123",2003-12-29,20.3463081202124,NA
"9124",2003-12-30,20.9097919635836,NA
"9125",2003-12-31,20.8263775204189,NA
"9126",2004-01-01,21.0431616941806,NA
"9127",2004-01-02,21.7064620371195,NA
"9128",2004-01-03,22.3689225941025,NA
"9129",2004-01-04,22.0435913875117,NA
"9130",2004-01-05,21.3564032441864,NA
"9131",2004-01-06,20.7008606550777,NA
"9132",2004-01-07,19.8549668495956,NA
"9133",2004-01-08,19.0060409525013,NA
"9134",2004-01-09,17.9760989736448,NA
"9135",2004-01-10,16.5697205442881,NA
"9136",2004-01-11,16.4892623915749,NA
"9137",2004-01-12,16.5432131598548,NA
"9138",2004-01-13,16.8144306739565,NA
"9139",2004-01-14,17.2505643048056,NA
"9140",2004-01-15,17.9391065347574,NA
"9141",2004-01-16,18.3959407120564,NA
"9142",2004-01-17,17.8865038533336,NA
"9143",2004-01-18,17.889126775248,NA
"9144",2004-01-19,18.6564985835408,NA
"9145",2004-01-20,18.9334586397374,NA
"9146",2004-01-21,19.1759534059527,NA
"9147",2004-01-22,18.894893709535,NA
"9148",2004-01-23,18.5846902619117,NA
"9149",2004-01-24,19.1631855616017,NA
"9150",2004-01-25,19.3841750673696,NA
"9151",2004-01-26,18.958132612914,NA
"9152",2004-01-27,18.3959957809472,NA
"9153",2004-01-28,18.1349616498774,NA
"9154",2004-01-29,18.0745207193352,NA
"9155",2004-01-30,18.1314947536151,NA
"9156",2004-01-31,17.9738014814208,NA
"9157",2004-02-01,17.7695565463629,NA
"9158",2004-02-02,17.2446755554857,NA
"9159",2004-02-03,17.2125889915516,NA
"9160",2004-02-04,17.6097279419145,NA
"9161",2004-02-05,18.590412373141,NA
"9162",2004-02-06,19.2864655366013,NA
"9163",2004-02-07,20.3346207888526,NA
"9164",2004-02-08,21.1189047011473,NA
"9165",2004-02-09,21.5122326364446,NA
"9166",2004-02-10,21.9311585038678,NA
"9167",2004-02-11,21.9683691500952,NA
"9168",2004-02-12,21.9984519269021,NA
"9169",2004-02-13,22.1469776705736,NA
"9170",2004-02-14,22.5118794959267,NA
"9171",2004-02-15,22.5039990799108,NA
"9172",2004-02-16,22.4783831214893,NA
"9173",2004-02-17,22.453609451578,NA
"9174",2004-02-18,22.5117536280982,NA
"9175",2004-02-19,22.4896207285813,NA
"9176",2004-02-20,22.423808488809,NA
"9177",2004-02-21,21.1806882443242,NA
"9178",2004-02-22,20.3711218032607,NA
"9179",2004-02-23,19.9582348868924,NA
"9180",2004-02-24,19.6980248249926,NA
"9181",2004-02-25,19.8256890784276,NA
"9182",2004-02-26,19.4984860413067,NA
"9183",2004-02-27,18.8175290277432,NA
"9184",2004-02-28,19.2741316582337,NA
"9185",2004-02-29,19.147534556077,NA
"9186",2004-03-01,19.251278632945,NA
"9187",2004-03-02,19.7580468574253,NA
"9188",2004-03-03,20.2872312792616,NA
"9189",2004-03-04,20.5930768806535,NA
"9190",2004-03-05,20.9986654528919,NA
"9191",2004-03-06,20.8110636612848,NA
"9192",2004-03-07,20.8621519230586,NA
"9193",2004-03-08,21.1038612215513,NA
"9194",2004-03-09,20.3309353817977,NA
"9195",2004-03-10,19.0023713286357,NA
"9196",2004-03-11,17.8807306928763,NA
"9197",2004-03-12,16.8065088183129,NA
"9198",2004-03-13,16.7896144952598,NA
"9199",2004-03-14,17.0229060223637,NA
"9200",2004-03-15,16.6098440616148,NA
"9201",2004-03-16,16.8152847109802,NA
"9202",2004-03-17,16.7380051074228,NA
"9203",2004-03-18,16.855960159304,NA
"9204",2004-03-19,17.3254886360704,NA
"9205",2004-03-20,17.2182014559766,NA
"9206",2004-03-21,16.973561499436,NA
"9207",2004-03-22,16.8983745487781,NA
"9208",2004-03-23,16.9596659741652,NA
"9209",2004-03-24,17.6034525669795,NA
"9210",2004-03-25,17.9164572031368,NA
"9211",2004-03-26,17.6368703160172,NA
"9212",2004-03-27,18.0520851317122,NA
"9213",2004-03-28,18.817517998576,NA
"9214",2004-03-29,18.5881652699877,NA
"9215",2004-03-30,18.2925955254229,NA
"9216",2004-03-31,17.600190696483,NA
"9217",2004-04-01,17.0053927612302,NA
"9218",2004-04-02,16.5420048092848,NA
"9219",2004-04-03,15.9652279059171,NA
"9220",2004-04-04,15.1905272585222,NA
"9221",2004-04-05,16.0671824687198,NA
"9222",2004-04-06,16.296339174354,NA
"9223",2004-04-07,16.3468191809728,NA
"9224",2004-04-08,16.3606348595566,NA
"9225",2004-04-09,16.7412771666408,NA
"9226",2004-04-10,17.2271628839171,NA
"9227",2004-04-11,17.149853778113,NA
"9228",2004-04-12,16.6209028090262,NA
"9229",2004-04-13,17.4496474624301,NA
"9230",2004-04-14,18.6143676858441,NA
"9231",2004-04-15,18.7852716924229,NA
"9232",2004-04-16,18.5692883822176,NA
"9233",2004-04-17,17.9226972382833,NA
"9234",2004-04-18,17.4387454471982,NA
"9235",2004-04-19,16.7739805587667,NA
"9236",2004-04-20,15.8389630362656,NA
"9237",2004-04-21,15.2526034276964,NA
"9238",2004-04-22,15.7658307400099,NA
"9239",2004-04-23,15.2287156823164,NA
"9240",2004-04-24,14.7119470300848,NA
"9241",2004-04-25,14.742562649482,NA
"9242",2004-04-26,14.8216239556408,NA
"9243",2004-04-27,14.0852922043764,NA
"9244",2004-04-28,12.8488583905912,NA
"9245",2004-04-29,11.6150344912756,NA
"9246",2004-04-30,11.7960655236164,NA
"9247",2004-05-01,11.4512519995415,NA
"9248",2004-05-02,11.3638428340466,NA
"9249",2004-05-03,11.5638267475208,NA
"9250",2004-05-04,11.4957323524886,NA
"9251",2004-05-05,11.2667812148021,NA
"9252",2004-05-06,11.08331642971,NA
"9253",2004-05-07,11.1342744200025,NA
"9254",2004-05-08,11.512357482037,NA
"9255",2004-05-09,11.2767430809914,NA
"9256",2004-05-10,10.4063399390413,NA
"9257",2004-05-11,10.1309434750135,NA
"9258",2004-05-12,10.1445294989351,NA
"9259",2004-05-13,10.1947108238401,NA
"9260",2004-05-14,10.6100089533989,NA
"9261",2004-05-15,11.012897439332,NA
"9262",2004-05-16,11.1712987932396,NA
"9263",2004-05-17,12.0581699707231,NA
"9264",2004-05-18,12.2101238214768,NA
"9265",2004-05-19,12.6309894700049,NA
"9266",2004-05-20,13.1622151113995,NA
"9267",2004-05-21,12.896877131699,NA
"9268",2004-05-22,13.35326812357,NA
"9269",2004-05-23,13.6705292026188,NA
"9270",2004-05-24,13.3480932047263,NA
"9271",2004-05-25,13.4810390223048,NA
"9272",2004-05-26,12.9346086771445,NA
"9273",2004-05-27,12.4604634384149,NA
"9274",2004-05-28,11.7301498397959,NA
"9275",2004-05-29,10.8530072876018,NA
"9276",2004-05-30,10.6850534795416,NA
"9277",2004-05-31,10.8315616698125,NA
"9278",2004-06-01,11.0463519181819,NA
"9279",2004-06-02,11.2770064680113,NA
"9280",2004-06-03,11.0751632844554,NA
"9281",2004-06-04,11.0395094533405,NA
"9282",2004-06-05,10.6664476265115,NA
"9283",2004-06-06,10.2198328624031,NA
"9284",2004-06-07,10.0709965452019,NA
"9285",2004-06-08,10.5432242465035,NA
"9286",2004-06-09,10.5560599931495,NA
"9287",2004-06-10,10.4759343331923,NA
"9288",2004-06-11,10.7552863781076,NA
"9289",2004-06-12,11.273016861154,NA
"9290",2004-06-13,11.8376079494603,NA
"9291",2004-06-14,11.4863952064148,NA
"9292",2004-06-15,10.4701104105095,NA
"9293",2004-06-16,9.77786208912738,NA
"9294",2004-06-17,9.76919192298942,NA
"9295",2004-06-18,9.83707244566346,NA
"9296",2004-06-19,9.24588376585918,NA
"9297",2004-06-20,8.96334513038492,NA
"9298",2004-06-21,9.17314290208555,NA
"9299",2004-06-22,9.46616593471779,NA
"9300",2004-06-23,10.2352226532595,NA
"9301",2004-06-24,10.4871131957668,NA
"9302",2004-06-25,10.326173101236,NA
"9303",2004-06-26,10.7701540120953,NA
"9304",2004-06-27,10.5969142658991,NA
"9305",2004-06-28,10.5891822756415,NA
"9306",2004-06-29,10.8600248730894,NA
"9307",2004-06-30,10.2141007215674,NA
"9308",2004-07-01,9.94876103716756,NA
"9309",2004-07-02,10.291951628928,NA
"9310",2004-07-03,10.6000741053711,NA
"9311",2004-07-04,10.7709223873372,NA
"9312",2004-07-05,10.2801541369863,NA
"9313",2004-07-06,9.76483463717089,NA
"9314",2004-07-07,9.60222784802642,NA
"9315",2004-07-08,9.47360712440465,NA
"9316",2004-07-09,9.42619605790831,NA
"9317",2004-07-10,9.32790751982577,NA
"9318",2004-07-11,9.29455049395169,NA
"9319",2004-07-12,9.4750677484409,NA
"9320",2004-07-13,9.43241573919252,NA
"9321",2004-07-14,9.97814852512811,NA
"9322",2004-07-15,9.94489987743319,NA
"9323",2004-07-16,9.1979124621649,NA
"9324",2004-07-17,8.28738392236419,NA
"9325",2004-07-18,7.71663561804286,NA
"9326",2004-07-19,7.38466849780533,NA
"9327",2004-07-20,7.2804595999408,NA
"9328",2004-07-21,6.99122263243326,NA
"9329",2004-07-22,7.07379615758858,NA
"9330",2004-07-23,7.42178245937346,NA
"9331",2004-07-24,8.34095189546161,NA
"9332",2004-07-25,8.81137903065169,NA
"9333",2004-07-26,8.84772997607426,NA
"9334",2004-07-27,9.19172425500715,NA
"9335",2004-07-28,9.32434885844152,NA
"9336",2004-07-29,9.33727511357844,NA
"9337",2004-07-30,9.55615145753662,NA
"9338",2004-07-31,9.12835416715269,NA
"9339",2004-08-01,9.15052457214401,NA
"9340",2004-08-02,9.51120149735978,NA
"9341",2004-08-03,9.1741299861164,NA
"9342",2004-08-04,9.12323146963868,NA
"9343",2004-08-05,9.18723130405088,NA
"9344",2004-08-06,9.04788180116319,NA
"9345",2004-08-07,9.35068492506499,NA
"9346",2004-08-08,9.35913634078756,NA
"9347",2004-08-09,9.29146969772343,NA
"9348",2004-08-10,9.66362781702288,NA
"9349",2004-08-11,9.95788888669995,NA
"9350",2004-08-12,10.4989420189989,NA
"9351",2004-08-13,10.6839599606434,NA
"9352",2004-08-14,9.98654363126019,NA
"9353",2004-08-15,9.59602837578453,NA
"9354",2004-08-16,9.32349551430459,NA
"9355",2004-08-17,8.95385432943097,NA
"9356",2004-08-18,8.66429004761391,NA
"9357",2004-08-19,8.48533860051096,NA
"9358",2004-08-20,8.80333063296791,NA
"9359",2004-08-21,9.57840414369473,NA
"9360",2004-08-22,10.054089280502,NA
"9361",2004-08-23,10.6069400076251,NA
"9362",2004-08-24,11.669073242397,NA
"9363",2004-08-25,12.9879671535531,NA
"9364",2004-08-26,12.6780680957317,NA
"9365",2004-08-27,12.4505436311557,NA
"9366",2004-08-28,12.8546782608338,NA
"9367",2004-08-29,13.063088721318,NA
"9368",2004-08-30,13.0622917783655,NA
"9369",2004-08-31,12.1060990075548,NA
"9370",2004-09-01,10.7623178171604,NA
"9371",2004-09-02,10.8408615090036,NA
"9372",2004-09-03,10.5332426486731,NA
"9373",2004-09-04,9.72850457565342,NA
"9374",2004-09-05,9.3952391372125,NA
"9375",2004-09-06,9.63307965239681,NA
"9376",2004-09-07,10.0798536515002,NA
"9377",2004-09-08,10.5645093465821,NA
"9378",2004-09-09,10.8783735203355,NA
"9379",2004-09-10,11.1438866756268,NA
"9380",2004-09-11,10.6397578638682,NA
"9381",2004-09-12,10.6250379886948,NA
"9382",2004-09-13,10.4162806789478,NA
"9383",2004-09-14,10.4510139027366,NA
"9384",2004-09-15,10.3603005048506,NA
"9385",2004-09-16,10.20731472348,NA
"9386",2004-09-17,10.2667516495862,NA
"9387",2004-09-18,10.980853747787,NA
"9388",2004-09-19,11.1264978904969,NA
"9389",2004-09-20,11.5947142915361,NA
"9390",2004-09-21,12.7143835852727,NA
"9391",2004-09-22,13.1838378651091,NA
"9392",2004-09-23,13.3227174639224,NA
"9393",2004-09-24,13.5670969362514,NA
"9394",2004-09-25,14.1734504935043,NA
"9395",2004-09-26,15.1150609106187,NA
"9396",2004-09-27,14.7858603978304,NA
"9397",2004-09-28,13.9104605381484,NA
"9398",2004-09-29,13.6283537004987,NA
"9399",2004-09-30,13.6977344753766,NA
"9400",2004-10-01,13.5945151649561,NA
"9401",2004-10-02,13.5927767316196,NA
"9402",2004-10-03,12.8560084152355,NA
"9403",2004-10-04,13.0024060405171,NA
"9404",2004-10-05,12.9789083457436,NA
"9405",2004-10-06,13.9972441441003,NA
"9406",2004-10-07,13.918917065409,NA
"9407",2004-10-08,14.0587430022743,NA
"9408",2004-10-09,13.9336825150675,NA
"9409",2004-10-10,14.9493966919011,NA
"9410",2004-10-11,15.8063200479355,NA
"9411",2004-10-12,17.3255963487335,NA
"9412",2004-10-13,16.6357215615945,NA
"9413",2004-10-14,16.4344021914358,NA
"9414",2004-10-15,15.8983673970411,NA
"9415",2004-10-16,15.5751243044134,NA
"9416",2004-10-17,14.6933751353224,NA
"9417",2004-10-18,13.9396756221249,NA
"9418",2004-10-19,12.7299083231212,NA
"9419",2004-10-20,13.5758594237371,NA
"9420",2004-10-21,14.6632612543575,NA
"9421",2004-10-22,16.0279648711297,NA
"9422",2004-10-23,16.2626384851818,NA
"9423",2004-10-24,16.1415789837925,NA
"9424",2004-10-25,16.4598627816192,NA
"9425",2004-10-26,16.3979364513901,NA
"9426",2004-10-27,15.3793375026637,NA
"9427",2004-10-28,14.5729306897553,NA
"9428",2004-10-29,13.847624515452,NA
"9429",2004-10-30,14.6631147061589,NA
"9430",2004-10-31,15.9395756976462,NA
"9431",2004-11-01,15.9413463853211,NA
"9432",2004-11-02,14.9425163312307,NA
"9433",2004-11-03,15.070432357892,NA
"9434",2004-11-04,15.0395816515578,NA
"9435",2004-11-05,14.8313498128764,NA
"9436",2004-11-06,13.782897858188,NA
"9437",2004-11-07,12.2177378163825,NA
"9438",2004-11-08,11.6957841367502,NA
"9439",2004-11-09,12.8410325136278,NA
"9440",2004-11-10,14.1426425093281,NA
"9441",2004-11-11,14.3946571945618,NA
"9442",2004-11-12,14.8124216668977,NA
"9443",2004-11-13,15.2402204884044,NA
"9444",2004-11-14,15.8297916115016,NA
"9445",2004-11-15,15.9612743017277,NA
"9446",2004-11-16,16.0607529896527,NA
"9447",2004-11-17,16.5745603837533,NA
"9448",2004-11-18,16.6946358942948,NA
"9449",2004-11-19,16.3201162478178,NA
"9450",2004-11-20,16.176731780865,NA
"9451",2004-11-21,16.1106908561871,NA
"9452",2004-11-22,16.2399264556818,NA
"9453",2004-11-23,16.3155735184152,NA
"9454",2004-11-24,15.4366286094654,NA
"9455",2004-11-25,16.5955888315378,NA
"9456",2004-11-26,18.5897088751119,NA
"9457",2004-11-27,19.9967712991123,NA
"9458",2004-11-28,20.7145199989765,NA
"9459",2004-11-29,21.4797033006106,NA
"9460",2004-11-30,21.7164562393994,NA
"9461",2004-12-01,21.3851219989283,NA
"9462",2004-12-02,20.6144260798987,NA
"9463",2004-12-03,19.7158836553074,NA
"9464",2004-12-04,19.1297088671068,NA
"9465",2004-12-05,19.4039000521504,NA
"9466",2004-12-06,18.962481325346,NA
"9467",2004-12-07,18.8832552418065,NA
"9468",2004-12-08,19.581608628404,NA
"9469",2004-12-09,20.4470359262097,NA
"9470",2004-12-10,20.7135397322188,NA
"9471",2004-12-11,20.7084508425402,NA
"9472",2004-12-12,20.3742405861656,NA
"9473",2004-12-13,20.2696315441914,NA
"9474",2004-12-14,19.8569164327533,NA
"9475",2004-12-15,19.5501605275576,NA
"9476",2004-12-16,19.422871492351,NA
"9477",2004-12-17,19.849929946545,NA
"9478",2004-12-18,20.5329718755084,NA
"9479",2004-12-19,20.0898932034038,NA
"9480",2004-12-20,19.9234835616226,NA
"9481",2004-12-21,20.472134710383,NA
"9482",2004-12-22,21.1605254025488,NA
"9483",2004-12-23,21.5990176494014,NA
"9484",2004-12-24,20.9272631586373,NA
"9485",2004-12-25,19.9670623699499,NA
"9486",2004-12-26,20.1872255121932,NA
"9487",2004-12-27,19.8381801012317,NA
"9488",2004-12-28,19.2410605187201,NA
"9489",2004-12-29,18.446036566792,NA
"9490",2004-12-30,18.0605915980001,NA
"9491",2004-12-31,19.1018423872213,NA
"9492",2005-01-01,19.1428924459501,NA
"9493",2005-01-02,19.0964761234222,NA
"9494",2005-01-03,19.9204663774519,NA
"9495",2005-01-04,20.0370300187212,NA
"9496",2005-01-05,19.7690766723259,NA
"9497",2005-01-06,18.6883891898403,NA
"9498",2005-01-07,17.3377831151386,NA
"9499",2005-01-08,17.441924378868,NA
"9500",2005-01-09,17.9278604094528,NA
"9501",2005-01-10,18.5885654522236,NA
"9502",2005-01-11,19.7021883556288,NA
"9503",2005-01-12,20.1459609264198,NA
"9504",2005-01-13,21.0500198895485,NA
"9505",2005-01-14,21.4143388078995,NA
"9506",2005-01-15,21.38367510933,NA
"9507",2005-01-16,20.9528249555464,NA
"9508",2005-01-17,20.2056728853563,NA
"9509",2005-01-18,19.7835083372337,NA
"9510",2005-01-19,20.4032740737976,NA
"9511",2005-01-20,20.1053802975503,NA
"9512",2005-01-21,20.019034649936,NA
"9513",2005-01-22,20.1386179488595,NA
"9514",2005-01-23,20.5978891622275,NA
"9515",2005-01-24,21.2656118894573,NA
"9516",2005-01-25,21.7733200155207,NA
"9517",2005-01-26,21.7831715451446,NA
"9518",2005-01-27,22.0585556785716,NA
"9519",2005-01-28,22.293564796162,NA
"9520",2005-01-29,22.2542654849708,NA
"9521",2005-01-30,22.1159905006445,NA
"9522",2005-01-31,21.8555592959476,NA
"9523",2005-02-01,20.7789698066111,NA
"9524",2005-02-02,19.4770065738998,NA
"9525",2005-02-03,18.2073755034218,NA
"9526",2005-02-04,17.4184701212048,NA
"9527",2005-02-05,17.0640082114727,NA
"9528",2005-02-06,17.2355799409256,NA
"9529",2005-02-07,17.0311881233852,NA
"9530",2005-02-08,17.1896980748795,NA
"9531",2005-02-09,17.4256505826395,NA
"9532",2005-02-10,17.6672987822645,NA
"9533",2005-02-11,17.7909142506109,NA
"9534",2005-02-12,17.7059096077765,NA
"9535",2005-02-13,17.5375227511499,NA
"9536",2005-02-14,18.1195813173731,NA
"9537",2005-02-15,18.0245356154879,NA
"9538",2005-02-16,17.9999519648875,NA
"9539",2005-02-17,18.4385267609239,NA
"9540",2005-02-18,18.6666376398129,NA
"9541",2005-02-19,18.9475424108615,NA
"9542",2005-02-20,19.0278236887796,NA
"9543",2005-02-21,18.5678768147278,NA
"9544",2005-02-22,19.4515441373462,NA
"9545",2005-02-23,20.6431163869951,NA
"9546",2005-02-24,20.6238141251207,NA
"9547",2005-02-25,20.3778033824971,NA
"9548",2005-02-26,20.3627477837144,NA
"9549",2005-02-27,20.4362563120683,NA
"9550",2005-02-28,20.8269032964028,NA
"9551",2005-03-01,20.614563770047,NA
"9552",2005-03-02,19.4486436877846,NA
"9553",2005-03-03,19.2138800341546,NA
"9554",2005-03-04,19.2277140150988,NA
"9555",2005-03-05,18.7047204732363,NA
"9556",2005-03-06,17.9075888746831,NA
"9557",2005-03-07,16.5974229793949,NA
"9558",2005-03-08,15.8333362702106,NA
"9559",2005-03-09,15.8185113286666,NA
"9560",2005-03-10,15.9468658657893,NA
"9561",2005-03-11,16.7361294072065,NA
"9562",2005-03-12,18.1666806138239,NA
"9563",2005-03-13,19.0664794737022,NA
"9564",2005-03-14,19.827760261223,NA
"9565",2005-03-15,19.7353819424827,NA
"9566",2005-03-16,19.5459180927455,NA
"9567",2005-03-17,19.2571679638008,NA
"9568",2005-03-18,18.8336054104139,NA
"9569",2005-03-19,18.3985144314627,NA
"9570",2005-03-20,18.1828777993025,NA
"9571",2005-03-21,17.5867655427455,NA
"9572",2005-03-22,17.858052144414,NA
"9573",2005-03-23,18.1543811307526,NA
"9574",2005-03-24,18.1950698727585,NA
"9575",2005-03-25,17.3681439985937,NA
"9576",2005-03-26,16.5880836238474,NA
"9577",2005-03-27,16.3388492183678,NA
"9578",2005-03-28,16.1086801759382,NA
"9579",2005-03-29,16.199162737965,NA
"9580",2005-03-30,16.9305938541381,NA
"9581",2005-03-31,17.9155334114245,NA
"9582",2005-04-01,19.2901390997664,NA
"9583",2005-04-02,20.4818653000888,NA
"9584",2005-04-03,20.0674359674672,NA
"9585",2005-04-04,19.7811498234828,NA
"9586",2005-04-05,19.572564296332,NA
"9587",2005-04-06,19.1388712588535,NA
"9588",2005-04-07,18.7194531079368,NA
"9589",2005-04-08,18.4808323364484,NA
"9590",2005-04-09,18.4690238500088,NA
"9591",2005-04-10,18.8619508766471,NA
"9592",2005-04-11,19.04795155897,NA
"9593",2005-04-12,19.0352679791908,NA
"9594",2005-04-13,19.4413911523881,NA
"9595",2005-04-14,18.4984038269456,NA
"9596",2005-04-15,17.5470204928304,NA
"9597",2005-04-16,16.0409645004302,NA
"9598",2005-04-17,15.990795947421,NA
"9599",2005-04-18,15.7750739909899,NA
"9600",2005-04-19,15.2989617896055,NA
"9601",2005-04-20,14.1277462393987,NA
"9602",2005-04-21,14.5422323888218,NA
"9603",2005-04-22,14.9834308325795,NA
"9604",2005-04-23,15.6684794312276,NA
"9605",2005-04-24,16.1278735613856,NA
"9606",2005-04-25,16.1796628355982,NA
"9607",2005-04-26,16.3478276069385,NA
"9608",2005-04-27,17.1600567639073,NA
"9609",2005-04-28,17.8940094486457,NA
"9610",2005-04-29,17.2885473986354,NA
"9611",2005-04-30,16.6413246322692,NA
"9612",2005-05-01,15.228582230767,NA
"9613",2005-05-02,15.2741906391566,NA
"9614",2005-05-03,15.8711733609776,NA
"9615",2005-05-04,15.8167199285735,NA
"9616",2005-05-05,14.7862678209137,NA
"9617",2005-05-06,14.5411722463881,NA
"9618",2005-05-07,13.9545532810233,NA
"9619",2005-05-08,13.9769316526119,NA
"9620",2005-05-09,13.4181830769554,NA
"9621",2005-05-10,12.4079569887265,NA
"9622",2005-05-11,11.5006872366852,NA
"9623",2005-05-12,11.2817095624688,NA
"9624",2005-05-13,11.5128440442412,NA
"9625",2005-05-14,12.0711051900603,NA
"9626",2005-05-15,12.5844873909006,NA
"9627",2005-05-16,12.4602685977072,NA
"9628",2005-05-17,12.2966260863665,NA
"9629",2005-05-18,11.9936796923869,NA
"9630",2005-05-19,11.831638038321,NA
"9631",2005-05-20,11.9403991659825,NA
"9632",2005-05-21,11.5842737702095,NA
"9633",2005-05-22,11.4035908403593,NA
"9634",2005-05-23,12.0023289478568,NA
"9635",2005-05-24,12.6548937237736,NA
"9636",2005-05-25,12.4077837871406,NA
"9637",2005-05-26,12.6707944520656,NA
"9638",2005-05-27,12.2619507500369,NA
"9639",2005-05-28,11.762702629544,NA
"9640",2005-05-29,11.0060286202021,NA
"9641",2005-05-30,10.8052413761759,NA
"9642",2005-05-31,10.1474359339589,NA
"9643",2005-06-01,10.1066184999847,NA
"9644",2005-06-02,9.45491510019981,NA
"9645",2005-06-03,9.19637491690512,NA
"9646",2005-06-04,9.37085740399084,NA
"9647",2005-06-05,9.77328446682915,NA
"9648",2005-06-06,9.46276652495177,NA
"9649",2005-06-07,9.85541351796832,NA
"9650",2005-06-08,11.0617416536986,NA
"9651",2005-06-09,12.2430546659052,NA
"9652",2005-06-10,12.9972399809531,NA
"9653",2005-06-11,13.3571690929221,NA
"9654",2005-06-12,13.7292819489512,NA
"9655",2005-06-13,13.7152397630299,NA
"9656",2005-06-14,13.3261981275452,NA
"9657",2005-06-15,12.1701113483245,NA
"9658",2005-06-16,11.223875447218,NA
"9659",2005-06-17,10.5944163589694,NA
"9660",2005-06-18,10.3920822582631,NA
"9661",2005-06-19,10.3470293066149,NA
"9662",2005-06-20,10.50633348448,NA
"9663",2005-06-21,9.96850782476079,NA
"9664",2005-06-22,9.69975455315391,NA
"9665",2005-06-23,9.55353513438032,NA
"9666",2005-06-24,9.16435703786075,NA
"9667",2005-06-25,8.89037168633691,NA
"9668",2005-06-26,8.24786081258476,NA
"9669",2005-06-27,7.81436131968457,NA
"9670",2005-06-28,8.0485985522295,NA
"9671",2005-06-29,8.35162632936291,NA
"9672",2005-06-30,8.87415736472467,NA
"9673",2005-07-01,9.42027974310563,NA
"9674",2005-07-02,9.51092260236208,NA
"9675",2005-07-03,10.0373991888946,NA
"9676",2005-07-04,10.3127173357381,NA
"9677",2005-07-05,10.6175508601783,NA
"9678",2005-07-06,10.6835099701058,NA
"9679",2005-07-07,10.0838528598885,NA
"9680",2005-07-08,9.58569506875086,NA
"9681",2005-07-09,9.14806741804251,NA
"9682",2005-07-10,8.52874803138954,NA
"9683",2005-07-11,8.13890226203846,NA
"9684",2005-07-12,7.86556747708337,NA
"9685",2005-07-13,7.71549504721737,NA
"9686",2005-07-14,7.83757816473734,NA
"9687",2005-07-15,8.10256494731472,NA
"9688",2005-07-16,8.15221932484567,NA
"9689",2005-07-17,7.95074971674371,NA
"9690",2005-07-18,8.09734517681168,NA
"9691",2005-07-19,7.92553319225847,NA
"9692",2005-07-20,7.73181811003846,NA
"9693",2005-07-21,7.7847910100157,NA
"9694",2005-07-22,8.32379038391662,NA
"9695",2005-07-23,9.21990091705878,NA
"9696",2005-07-24,10.0868210538809,NA
"9697",2005-07-25,10.8240594867704,NA
"9698",2005-07-26,11.4305137806313,NA
"9699",2005-07-27,12.1130075604684,NA
"9700",2005-07-28,12.6226073834377,NA
"9701",2005-07-29,12.2656759838643,NA
"9702",2005-07-30,11.8233025439136,NA
"9703",2005-07-31,11.4909446499183,NA
"9704",2005-08-01,10.9988792165445,NA
"9705",2005-08-02,11.309542071513,NA
"9706",2005-08-03,11.2604173356001,NA
"9707",2005-08-04,10.5526481523333,NA
"9708",2005-08-05,10.4506376153044,NA
"9709",2005-08-06,10.4005995058291,NA
"9710",2005-08-07,10.3199273198343,NA
"9711",2005-08-08,10.5066547000252,NA
"9712",2005-08-09,9.62231396813205,NA
"9713",2005-08-10,8.64201841130945,NA
"9714",2005-08-11,8.37745960701492,NA
"9715",2005-08-12,8.30773171253426,NA
"9716",2005-08-13,8.37907724228065,NA
"9717",2005-08-14,8.75330433041116,NA
"9718",2005-08-15,8.26414753455501,NA
"9719",2005-08-16,8.76204692107329,NA
"9720",2005-08-17,10.034603088483,NA
"9721",2005-08-18,11.3914659928114,NA
"9722",2005-08-19,11.6056499325244,NA
"9723",2005-08-20,11.8482876977381,NA
"9724",2005-08-21,11.6782386254748,NA
"9725",2005-08-22,11.6900880772075,NA
"9726",2005-08-23,11.2537488862137,NA
"9727",2005-08-24,10.4201901592198,NA
"9728",2005-08-25,9.61391206605027,NA
"9729",2005-08-26,9.43182538034225,NA
"9730",2005-08-27,9.55615088116535,NA
"9731",2005-08-28,10.4999174161932,NA
"9732",2005-08-29,11.9737325721885,NA
"9733",2005-08-30,12.6191009724973,NA
"9734",2005-08-31,12.2768042121553,NA
"9735",2005-09-01,12.0224593813606,NA
"9736",2005-09-02,12.2157983832172,NA
"9737",2005-09-03,11.8821699835611,NA
"9738",2005-09-04,10.8692342642375,NA
"9739",2005-09-05,9.63239639033466,NA
"9740",2005-09-06,9.88722006531823,NA
"9741",2005-09-07,11.4775547651575,NA
"9742",2005-09-08,12.9453179574569,NA
"9743",2005-09-09,13.8182725200591,NA
"9744",2005-09-10,13.5748930896079,NA
"9745",2005-09-11,13.1477619357466,NA
"9746",2005-09-12,12.9405773856501,NA
"9747",2005-09-13,12.3513508702732,NA
"9748",2005-09-14,11.6041696267676,NA
"9749",2005-09-15,10.2514156066827,NA
"9750",2005-09-16,9.0236590775715,NA
"9751",2005-09-17,8.98614306659248,NA
"9752",2005-09-18,9.72855956716671,NA
"9753",2005-09-19,10.1113854309868,NA
"9754",2005-09-20,10.3455623381584,NA
"9755",2005-09-21,10.9581640735056,NA
"9756",2005-09-22,11.8339503410979,NA
"9757",2005-09-23,12.6349959746154,NA
"9758",2005-09-24,13.0876671692276,NA
"9759",2005-09-25,13.2411968368775,NA
"9760",2005-09-26,13.2249613670007,NA
"9761",2005-09-27,13.6348900986752,NA
"9762",2005-09-28,13.1242556266011,NA
"9763",2005-09-29,12.7060825354868,NA
"9764",2005-09-30,12.7343838185301,NA
"9765",2005-10-01,13.328049902228,NA
"9766",2005-10-02,13.8426200639866,NA
"9767",2005-10-03,13.8597826964397,NA
"9768",2005-10-04,14.1929278976887,NA
"9769",2005-10-05,14.2616490492146,NA
"9770",2005-10-06,14.0648077924786,NA
"9771",2005-10-07,13.2071440742241,NA
"9772",2005-10-08,12.3191520283412,NA
"9773",2005-10-09,11.2820045917981,NA
"9774",2005-10-10,11.6663837989373,NA
"9775",2005-10-11,10.7079854248779,NA
"9776",2005-10-12,10.747296687361,NA
"9777",2005-10-13,10.8609641124771,NA
"9778",2005-10-14,11.1092726758202,NA
"9779",2005-10-15,11.672743125776,NA
"9780",2005-10-16,12.6219992295782,NA
"9781",2005-10-17,13.0885693464447,NA
"9782",2005-10-18,14.4157715425213,NA
"9783",2005-10-19,14.8374149117777,NA
"9784",2005-10-20,15.5828421166692,NA
"9785",2005-10-21,16.3717241225429,NA
"9786",2005-10-22,16.6958125023419,NA
"9787",2005-10-23,16.571813146568,NA
"9788",2005-10-24,16.1191112911058,NA
"9789",2005-10-25,15.7637554032625,NA
"9790",2005-10-26,15.4747562589637,NA
"9791",2005-10-27,14.9295296204099,NA
"9792",2005-10-28,15.5572050391541,NA
"9793",2005-10-29,15.4974489127163,NA
"9794",2005-10-30,15.5813369291927,NA
"9795",2005-10-31,16.5686758995248,NA
"9796",2005-11-01,17.4985407208605,NA
"9797",2005-11-02,18.7915133252265,NA
"9798",2005-11-03,18.844945670112,NA
"9799",2005-11-04,18.2105415320322,NA
"9800",2005-11-05,18.7151620277298,NA
"9801",2005-11-06,19.6272490121272,NA
"9802",2005-11-07,19.3190754531133,NA
"9803",2005-11-08,18.7710467027028,NA
"9804",2005-11-09,17.9025865020928,NA
"9805",2005-11-10,17.6383847352699,NA
"9806",2005-11-11,17.4109211672867,NA
"9807",2005-11-12,16.491874839627,NA
"9808",2005-11-13,15.3346851598918,NA
"9809",2005-11-14,15.471868211015,NA
"9810",2005-11-15,14.6385740049776,NA
"9811",2005-11-16,14.7488491754055,NA
"9812",2005-11-17,16.4190665310292,NA
"9813",2005-11-18,17.1977979027075,NA
"9814",2005-11-19,17.5584856686505,NA
"9815",2005-11-20,17.5420005519077,NA
"9816",2005-11-21,17.388687949661,NA
"9817",2005-11-22,17.69980549002,NA
"9818",2005-11-23,17.7462956833886,NA
"9819",2005-11-24,17.5391322140969,NA
"9820",2005-11-25,17.7227574946942,NA
"9821",2005-11-26,17.3473894195339,NA
"9822",2005-11-27,17.2030780307843,NA
"9823",2005-11-28,17.127762438575,NA
"9824",2005-11-29,17.6130472273329,NA
"9825",2005-11-30,18.146407776275,NA
"9826",2005-12-01,18.3450748701684,NA
"9827",2005-12-02,17.6217764618348,NA
"9828",2005-12-03,17.9170793844685,NA
"9829",2005-12-04,18.2976673002119,NA
"9830",2005-12-05,18.98536936493,NA
"9831",2005-12-06,18.8595922331869,NA
"9832",2005-12-07,18.2817599889534,NA
"9833",2005-12-08,17.332150494871,NA
"9834",2005-12-09,17.6527924187349,NA
"9835",2005-12-10,18.1301280194543,NA
"9836",2005-12-11,19.2223824313603,NA
"9837",2005-12-12,18.5882337251251,NA
"9838",2005-12-13,18.4780010665418,NA
"9839",2005-12-14,18.7946543008913,NA
"9840",2005-12-15,19.2155236020638,NA
"9841",2005-12-16,19.2404108943183,NA
"9842",2005-12-17,18.7376472788753,NA
"9843",2005-12-18,17.3380652008991,NA
"9844",2005-12-19,17.67782578441,NA
"9845",2005-12-20,19.0627615194346,NA
"9846",2005-12-21,18.9752056767164,NA
"9847",2005-12-22,19.2036958158947,NA
"9848",2005-12-23,19.8440438863846,NA
"9849",2005-12-24,19.9321106216131,NA
"9850",2005-12-25,20.0064121706959,NA
"9851",2005-12-26,20.1467991646984,NA
"9852",2005-12-27,19.8959313118803,NA
"9853",2005-12-28,19.9164869249005,NA
"9854",2005-12-29,20.3340345413182,NA
"9855",2005-12-30,21.0682127707506,NA
"9856",2005-12-31,22.3094893764474,NA
"9857",2006-01-01,22.2455045629758,NA
"9858",2006-01-02,22.0679822032839,NA
"9859",2006-01-03,21.4437175687743,NA
"9860",2006-01-04,21.2889657429366,NA
"9861",2006-01-05,20.778483845159,NA
"9862",2006-01-06,19.6517237692815,NA
"9863",2006-01-07,18.5838262381403,NA
"9864",2006-01-08,20.1181306891271,NA
"9865",2006-01-09,20.7215667353603,NA
"9866",2006-01-10,21.196416475345,NA
"9867",2006-01-11,21.3675091072505,NA
"9868",2006-01-12,21.4431522551074,NA
"9869",2006-01-13,21.3903650873012,NA
"9870",2006-01-14,21.2032783910429,NA
"9871",2006-01-15,20.5897823609876,NA
"9872",2006-01-16,20.5453502642062,NA
"9873",2006-01-17,20.4709855663613,NA
"9874",2006-01-18,20.8794835387845,NA
"9875",2006-01-19,21.5965452208045,NA
"9876",2006-01-20,22.1784025299233,NA
"9877",2006-01-21,22.713788804038,NA
"9878",2006-01-22,22.8513041917046,NA
"9879",2006-01-23,22.7119471489847,NA
"9880",2006-01-24,22.5276079192822,NA
"9881",2006-01-25,22.5320793137705,NA
"9882",2006-01-26,22.554287207185,NA
"9883",2006-01-27,22.4221367493975,NA
"9884",2006-01-28,22.0343562265682,NA
"9885",2006-01-29,21.8281276327666,NA
"9886",2006-01-30,21.7095616994133,NA
"9887",2006-01-31,21.9987994364908,NA
"9888",2006-02-01,21.4994990611436,NA
"9889",2006-02-02,20.5652645325513,NA
"9890",2006-02-03,20.0044632820136,NA
"9891",2006-02-04,19.5012906620523,NA
"9892",2006-02-05,19.267973218353,NA
"9893",2006-02-06,18.9312181131053,NA
"9894",2006-02-07,18.4286719740633,NA
"9895",2006-02-08,19.0159674851939,NA
"9896",2006-02-09,18.6215581881583,NA
"9897",2006-02-10,18.2229499204591,NA
"9898",2006-02-11,17.7922447787514,NA
"9899",2006-02-12,17.5193666302683,NA
"9900",2006-02-13,17.702850454545,NA
"9901",2006-02-14,17.9677865527182,NA
"9902",2006-02-15,17.8682359093131,NA
"9903",2006-02-16,19.1073800926269,NA
"9904",2006-02-17,19.5887102585934,NA
"9905",2006-02-18,19.8716088943679,NA
"9906",2006-02-19,19.7467455959557,NA
"9907",2006-02-20,19.8734874898131,NA
"9908",2006-02-21,19.9399133490947,NA
"9909",2006-02-22,19.9481390713013,NA
"9910",2006-02-23,20.1449845606087,NA
"9911",2006-02-24,20.5916235542051,NA
"9912",2006-02-25,20.6476975860228,NA
"9913",2006-02-26,20.5855378418882,NA
"9914",2006-02-27,20.5991191985783,NA
"9915",2006-02-28,20.4257430865225,NA
"9916",2006-03-01,20.3789109814515,NA
"9917",2006-03-02,20.1992615890892,NA
"9918",2006-03-03,20.2727995658502,NA
"9919",2006-03-04,20.7011210694035,NA
"9920",2006-03-05,21.0931664401072,NA
"9921",2006-03-06,21.0002096458753,NA
"9922",2006-03-07,20.7746235404756,NA
"9923",2006-03-08,20.5743305377273,NA
"9924",2006-03-09,20.0011958024707,NA
"9925",2006-03-10,19.532082227269,NA
"9926",2006-03-11,19.4160769729992,NA
"9927",2006-03-12,19.7310704938419,NA
"9928",2006-03-13,19.5987100133848,NA
"9929",2006-03-14,19.552345956674,NA
"9930",2006-03-15,19.3945663934064,NA
"9931",2006-03-16,18.9325286830073,NA
"9932",2006-03-17,18.1844146500214,NA
"9933",2006-03-18,17.1720762393274,NA
"9934",2006-03-19,16.107006057737,NA
"9935",2006-03-20,16.2037391647243,NA
"9936",2006-03-21,16.9240194835312,NA
"9937",2006-03-22,17.5231809329223,NA
"9938",2006-03-23,18.311802887559,NA
"9939",2006-03-24,19.2462600019825,NA
"9940",2006-03-25,20.0283163034822,NA
"9941",2006-03-26,20.5960408082935,NA
"9942",2006-03-27,20.6333685952791,NA
"9943",2006-03-28,20.4385080315146,NA
"9944",2006-03-29,20.1973433904336,NA
"9945",2006-03-30,19.5928352847755,NA
"9946",2006-03-31,18.537503939094,NA
"9947",2006-04-01,16.9740778081211,NA
"9948",2006-04-02,15.7813968701908,NA
"9949",2006-04-03,15.5665194418841,NA
"9950",2006-04-04,15.1029438713889,NA
"9951",2006-04-05,13.6518395557966,NA
"9952",2006-04-06,13.3025294591725,NA
"9953",2006-04-07,12.9429136930187,NA
"9954",2006-04-08,12.8756581427461,NA
"9955",2006-04-09,12.5742109816314,NA
"9956",2006-04-10,12.593569962844,NA
"9957",2006-04-11,12.7192438148675,NA
"9958",2006-04-12,13.4868781163217,NA
"9959",2006-04-13,13.8992690969192,NA
"9960",2006-04-14,13.7101511279766,NA
"9961",2006-04-15,13.6952925945017,NA
"9962",2006-04-16,13.5610524750165,NA
"9963",2006-04-17,13.2658208223819,NA
"9964",2006-04-18,12.929905417798,NA
"9965",2006-04-19,12.6492045066316,NA
"9966",2006-04-20,11.8291974780167,NA
"9967",2006-04-21,11.6143639101389,NA
"9968",2006-04-22,11.7551964267339,NA
"9969",2006-04-23,11.6977273536072,NA
"9970",2006-04-24,11.1003133686769,NA
"9971",2006-04-25,10.4761361185521,NA
"9972",2006-04-26,10.4563937433322,NA
"9973",2006-04-27,11.1602688710032,NA
"9974",2006-04-28,11.8921416030435,NA
"9975",2006-04-29,12.3762616493542,NA
"9976",2006-04-30,12.6971922027462,NA
"9977",2006-05-01,12.9585849020548,NA
"9978",2006-05-02,13.570919035625,NA
"9979",2006-05-03,13.4442857369151,NA
"9980",2006-05-04,13.2219532745011,NA
"9981",2006-05-05,12.5784588066827,NA
"9982",2006-05-06,12.3642303430059,NA
"9983",2006-05-07,11.5391775691317,NA
"9984",2006-05-08,11.6543100619136,NA
"9985",2006-05-09,11.2140072576061,NA
"9986",2006-05-10,11.0302730920227,NA
"9987",2006-05-11,10.2838999457028,NA
"9988",2006-05-12,10.6952645248374,NA
"9989",2006-05-13,10.5677448107442,NA
"9990",2006-05-14,11.4396473223475,NA
"9991",2006-05-15,10.973198312985,NA
"9992",2006-05-16,10.7599117531571,NA
"9993",2006-05-17,10.7918262287011,NA
"9994",2006-05-18,10.7269255328826,NA
"9995",2006-05-19,10.4286495651619,NA
"9996",2006-05-20,9.5433946313961,NA
"9997",2006-05-21,8.93443564782799,NA
"9998",2006-05-22,8.77381797389352,NA
"9999",2006-05-23,8.03173002965223,NA
"10000",2006-05-24,7.24288890412841,NA
"10001",2006-05-25,7.01740033596265,NA
"10002",2006-05-26,6.56333669668255,NA
"10003",2006-05-27,6.84232679656378,NA
"10004",2006-05-28,7.04127250829521,NA
"10005",2006-05-29,6.54729409213065,NA
"10006",2006-05-30,6.62102445554739,NA
"10007",2006-05-31,7.16974571240007,NA
"10008",2006-06-01,7.05247088395895,NA
"10009",2006-06-02,7.31755223049293,NA
"10010",2006-06-03,7.31337471806926,NA
"10011",2006-06-04,7.1703301305129,NA
"10012",2006-06-05,7.5234145696841,NA
"10013",2006-06-06,7.19404564012108,NA
"10014",2006-06-07,6.57917117758966,NA
"10015",2006-06-08,6.27021738932006,NA
"10016",2006-06-09,6.07610183478801,NA
"10017",2006-06-10,6.03250685508505,NA
"10018",2006-06-11,5.57771292951018,NA
"10019",2006-06-12,5.38429779030436,NA
"10020",2006-06-13,5.57643113031715,NA
"10021",2006-06-14,5.38095466403849,NA
"10022",2006-06-15,6.11280389702852,NA
"10023",2006-06-16,5.999301748127,NA
"10024",2006-06-17,5.6232822457932,NA
"10025",2006-06-18,5.52242000950764,NA
"10026",2006-06-19,5.70639512989977,NA
"10027",2006-06-20,6.51173484878466,NA
"10028",2006-06-21,7.59934156779994,NA
"10029",2006-06-22,7.62959204302778,NA
"10030",2006-06-23,7.78287990776188,NA
"10031",2006-06-24,8.0263805913924,NA
"10032",2006-06-25,8.35556277520032,NA
"10033",2006-06-26,8.32286701093553,NA
"10034",2006-06-27,7.72517438000112,NA
"10035",2006-06-28,7.15829491853019,NA
"10036",2006-06-29,7.19012377618269,NA
"10037",2006-06-30,7.81387533320748,NA
"10038",2006-07-01,8.02741818541007,NA
"10039",2006-07-02,7.98727563120421,NA
"10040",2006-07-03,7.82220644084247,NA
"10041",2006-07-04,7.75663456120994,NA
"10042",2006-07-05,8.23338398949173,NA
"10043",2006-07-06,8.2216078653106,NA
"10044",2006-07-07,7.94774281906124,NA
"10045",2006-07-08,8.14670721952251,NA
"10046",2006-07-09,8.46684963569487,NA
"10047",2006-07-10,9.41446570990173,NA
"10048",2006-07-11,9.33647217524083,NA
"10049",2006-07-12,8.65338193199183,NA
"10050",2006-07-13,8.21273805333716,NA
"10051",2006-07-14,8.15457114933066,NA
"10052",2006-07-15,8.37397522258323,NA
"10053",2006-07-16,8.99712622017575,NA
"10054",2006-07-17,8.67578143103795,NA
"10055",2006-07-18,8.85902259459002,NA
"10056",2006-07-19,8.74858543495827,NA
"10057",2006-07-20,8.43971652679505,NA
"10058",2006-07-21,8.24469400611429,NA
"10059",2006-07-22,7.60184550513716,NA
"10060",2006-07-23,6.71623427985567,NA
"10061",2006-07-24,6.12462561029086,NA
"10062",2006-07-25,6.0363989666468,NA
"10063",2006-07-26,6.53365993875778,NA
"10064",2006-07-27,6.95508143097186,NA
"10065",2006-07-28,7.29007421365042,NA
"10066",2006-07-29,7.58265055225975,NA
"10067",2006-07-30,7.9111087896214,NA
"10068",2006-07-31,7.72785398032514,NA
"10069",2006-08-01,7.97170781379178,NA
"10070",2006-08-02,8.01572592952753,NA
"10071",2006-08-03,8.5105227252025,NA
"10072",2006-08-04,8.18187782259633,NA
"10073",2006-08-05,8.16145772151985,NA
"10074",2006-08-06,7.84029926424622,NA
"10075",2006-08-07,10.862087122316,NA
"10076",2006-08-08,12.6564790026114,NA
"10077",2006-08-09,14.2890069566428,NA
"10078",2006-08-10,15.4178582738454,NA
"10079",2006-08-11,16.829768719266,NA
"10080",2006-08-12,18.3965576106668,NA
"10081",2006-08-13,19.9137402729429,NA
"10082",2006-08-14,19.9956478936094,NA
"10083",2006-08-15,20.9389875311172,NA
"10084",2006-08-16,21.6039250977187,NA
"10085",2006-08-17,22.201875209253,NA
"10086",2006-08-18,22.3215408500672,NA
"10087",2006-08-19,22.4097808574565,NA
"10088",2006-08-20,22.4159519556373,NA
"10089",2006-08-21,22.3184208758215,NA
"10090",2006-08-22,21.9366319558489,NA
"10091",2006-08-23,21.5639595827128,NA
"10092",2006-08-24,21.2168464584119,NA
"10093",2006-08-25,21.5547696583339,NA
"10094",2006-08-26,21.9427648734382,NA
"10095",2006-08-27,22.305321288259,NA
"10096",2006-08-28,22.7080393094921,NA
"10097",2006-08-29,22.9436250766624,NA
"10098",2006-08-30,22.9478860574014,NA
"10099",2006-08-31,22.7875508339254,NA
"10100",2006-09-01,22.7913691487681,NA
"10101",2006-09-02,22.8885769550635,NA
"10102",2006-09-03,22.9286334078351,NA
"10103",2006-09-04,22.810424407773,NA
"10104",2006-09-05,22.7521982827019,NA
"10105",2006-09-06,22.639124659539,NA
"10106",2006-09-07,22.8319733650064,NA
"10107",2006-09-08,22.6997888879729,NA
"10108",2006-09-09,22.1774963279792,NA
"10109",2006-09-10,21.7939956921846,NA
"10110",2006-09-11,21.420092673481,NA
"10111",2006-09-12,20.9142258293206,NA
"10112",2006-09-13,20.684763294149,NA
"10113",2006-09-14,20.1710828166191,NA
"10114",2006-09-15,20.471975554058,NA
"10115",2006-09-16,20.0210463605582,NA
"10116",2006-09-17,19.4957169882456,NA
"10117",2006-09-18,19.0483501879383,NA
"10118",2006-09-19,18.9195856090226,NA
"10119",2006-09-20,18.9759159254892,NA
"10120",2006-09-21,19.3264464725,NA
"10121",2006-09-22,19.1897844708311,NA
"10122",2006-09-23,20.3353499128658,NA
"10123",2006-09-24,20.9660236990539,NA
"10124",2006-09-25,21.2638303114062,NA
"10125",2006-09-26,21.1211712210495,NA
"10126",2006-09-27,21.2706910175111,NA
"10127",2006-09-28,21.3559739064925,NA
"10128",2006-09-29,21.3250912331845,NA
"10129",2006-09-30,21.44569353339,NA
"10130",2006-10-01,21.7237054492402,NA
"10131",2006-10-02,21.6540129347079,NA
"10132",2006-10-03,21.593969658492,NA
"10133",2006-10-04,21.6281233425073,NA
"10134",2006-10-05,21.5751871782971,NA
"10135",2006-10-06,21.5330639993243,NA
"10136",2006-10-07,21.308449033178,NA
"10137",2006-10-08,21.2096163135041,NA
"10138",2006-10-09,21.642868411442,NA
"10139",2006-10-10,22.0496125717367,NA
"10140",2006-10-11,21.9280255877305,NA
"10141",2006-10-12,21.6727186225736,NA
"10142",2006-10-13,21.5069185643904,NA
"10143",2006-10-14,21.2909403502175,NA
"10144",2006-10-15,20.9800433315124,NA
"10145",2006-10-16,20.7839106666878,NA
"10146",2006-10-17,21.1354628019549,NA
"10147",2006-10-18,21.0418993966262,NA
"10148",2006-10-19,20.9954842564096,NA
"10149",2006-10-20,20.7853087249666,NA
"10150",2006-10-21,20.121565257205,NA
"10151",2006-10-22,19.4645577521279,NA
"10152",2006-10-23,18.7162568339861,NA
"10153",2006-10-24,17.4339400739748,NA
"10154",2006-10-25,17.6466659549222,NA
"10155",2006-10-26,18.2934689608345,NA
"10156",2006-10-27,18.7881134953579,NA
"10157",2006-10-28,19.5562837022878,NA
"10158",2006-10-29,20.2491469798937,NA
"10159",2006-10-30,20.7023461519697,NA
"10160",2006-10-31,21.1896379472174,NA
"10161",2006-11-01,21.2563136863249,NA
"10162",2006-11-02,21.1830255738143,NA
"10163",2006-11-03,21.2306131579889,NA
"10164",2006-11-04,20.8495542165735,NA
"10165",2006-11-05,20.0460953984137,NA
"10166",2006-11-06,18.9058376445031,NA
"10167",2006-11-07,17.6911747143735,NA
"10168",2006-11-08,17.1734014487035,NA
"10169",2006-11-09,16.4518830027125,NA
"10170",2006-11-10,14.7546496352104,NA
"10171",2006-11-11,14.0793625567209,NA
"10172",2006-11-12,13.709195078292,NA
"10173",2006-11-13,13.6919490983189,NA
"10174",2006-11-14,13.4997449666029,NA
"10175",2006-11-15,13.3599165596796,NA
"10176",2006-11-16,13.8546671495579,NA
"10177",2006-11-17,14.4436869128997,NA
"10178",2006-11-18,15.1314052009265,NA
"10179",2006-11-19,15.094457971594,NA
"10180",2006-11-20,14.8895645639331,NA
"10181",2006-11-21,14.6381820567366,NA
"10182",2006-11-22,14.6803368086225,NA
"10183",2006-11-23,13.9462750662921,NA
"10184",2006-11-24,14.046261163506,NA
"10185",2006-11-25,13.1654948381057,NA
"10186",2006-11-26,12.7251368493191,NA
"10187",2006-11-27,12.8126092204141,NA
"10188",2006-11-28,12.9578086620691,NA
"10189",2006-11-29,12.2416072894089,NA
"10190",2006-11-30,11.85847078518,NA
"10191",2006-12-01,11.6583756732679,NA
"10192",2006-12-02,12.1415942913332,NA
"10193",2006-12-03,12.862785669158,NA
"10194",2006-12-04,13.3503365915042,NA
"10195",2006-12-05,13.4630799199075,NA
"10196",2006-12-06,13.8667031603385,NA
"10197",2006-12-07,14.2448765003211,NA
"10198",2006-12-08,14.0246796711086,NA
"10199",2006-12-09,13.7995192967423,NA
"10200",2006-12-10,13.4673675373014,NA
"10201",2006-12-11,13.4752083292914,NA
"10202",2006-12-12,12.6819343063686,NA
"10203",2006-12-13,12.4491800976873,NA
"10204",2006-12-14,12.0809310129817,NA
"10205",2006-12-15,11.7957166229523,NA
"10206",2006-12-16,11.0478410982893,NA
"10207",2006-12-17,11.0624147274366,NA
"10208",2006-12-18,10.6309166121705,NA
"10209",2006-12-19,11.5574204369595,NA
"10210",2006-12-20,11.6848534105355,NA
"10211",2006-12-21,11.7824538247796,NA
"10212",2006-12-22,12.0446097939855,NA
"10213",2006-12-23,12.4962864935135,NA
"10214",2006-12-24,12.6139400552116,NA
"10215",2006-12-25,11.9322590676061,NA
"10216",2006-12-26,11.212978506021,NA
"10217",2006-12-27,10.6374293334643,NA
"10218",2006-12-28,10.0638913160128,NA
"10219",2006-12-29,9.58684222659689,NA
"10220",2006-12-30,8.99129975134013,NA
"10221",2006-12-31,8.33463117672148,NA
"10222",2007-01-01,10.6076321530653,NA
"10223",2007-01-02,13.0947918155357,NA
"10224",2007-01-03,15.6522351606437,NA
"10225",2007-01-04,18.2176294419153,NA
"10226",2007-01-05,20.1712929590663,NA
"10227",2007-01-06,21.4054085737841,NA
"10228",2007-01-07,21.9908471077532,NA
"10229",2007-01-08,21.726323367662,NA
"10230",2007-01-09,21.5445926350405,NA
"10231",2007-01-10,21.8287910677514,NA
"10232",2007-01-11,21.4169598556317,NA
"10233",2007-01-12,20.7699051469851,NA
"10234",2007-01-13,20.5215058228657,NA
"10235",2007-01-14,20.969178019174,NA
"10236",2007-01-15,21.6001462520948,NA
"10237",2007-01-16,22.2148774973555,NA
"10238",2007-01-17,21.9308471168083,NA
"10239",2007-01-18,22.1190784428085,NA
"10240",2007-01-19,22.4163282074467,NA
"10241",2007-01-20,22.3664021244682,NA
"10242",2007-01-21,22.0566827251204,NA
"10243",2007-01-22,21.5633919582067,NA
"10244",2007-01-23,20.6459241215002,NA
"10245",2007-01-24,19.9737269653909,NA
"10246",2007-01-25,19.3761589826024,NA
"10247",2007-01-26,18.8576925366635,NA
"10248",2007-01-27,18.4776089383138,NA
"10249",2007-01-28,18.737400665502,NA
"10250",2007-01-29,18.9217192907345,NA
"10251",2007-01-30,18.800877652556,NA
"10252",2007-01-31,18.735218082826,NA
"10253",2007-02-01,18.8663380737553,NA
"10254",2007-02-02,19.5385900414794,NA
"10255",2007-02-03,20.5282581805948,NA
"10256",2007-02-04,21.2534264709339,NA
"10257",2007-02-05,21.5305995757669,NA
"10258",2007-02-06,21.3772821392315,NA
"10259",2007-02-07,21.3596330317672,NA
"10260",2007-02-08,21.1682310255037,NA
"10261",2007-02-09,20.5565673202046,NA
"10262",2007-02-10,19.9511637644955,NA
"10263",2007-02-11,19.3490802263355,NA
"10264",2007-02-12,19.5824137960583,NA
"10265",2007-02-13,20.3418452676652,NA
"10266",2007-02-14,21.0656694515122,NA
"10267",2007-02-15,21.7384997340732,NA
"10268",2007-02-16,22.36188406692,NA
"10269",2007-02-17,22.845966714347,NA
"10270",2007-02-18,22.9522397407037,NA
"10271",2007-02-19,22.9459772846087,NA
"10272",2007-02-20,22.9497948728455,NA
"10273",2007-02-21,22.9460803695655,NA
"10274",2007-02-22,22.8578670537771,NA
"10275",2007-02-23,22.7057662466002,NA
"10276",2007-02-24,22.2266483875472,NA
"10277",2007-02-25,21.9006663961954,NA
"10278",2007-02-26,21.7327113398985,NA
"10279",2007-02-27,21.5617381338269,NA
"10280",2007-02-28,21.3162000805573,NA
"10281",2007-03-01,21.1828145371103,NA
"10282",2007-03-02,21.2377048022383,NA
"10283",2007-03-03,21.275847077621,NA
"10284",2007-03-04,21.1356879708999,NA
"10285",2007-03-05,20.5785716429047,NA
"10286",2007-03-06,20.2708755425114,NA
"10287",2007-03-07,20.1582053570899,NA
"10288",2007-03-08,19.5092926720017,NA
"10289",2007-03-09,18.8092265868689,NA
"10290",2007-03-10,19.1499335418939,NA
"10291",2007-03-11,19.175585541328,NA
"10292",2007-03-12,19.2177422301135,NA
"10293",2007-03-13,19.171544087174,NA
"10294",2007-03-14,19.3968074703626,NA
"10295",2007-03-15,20.3200402967544,NA
"10296",2007-03-16,20.1847665511306,NA
"10297",2007-03-17,19.4221085298868,NA
"10298",2007-03-18,19.4400951948971,NA
"10299",2007-03-19,19.9087919221357,NA
"10300",2007-03-20,19.9732302875268,NA
"10301",2007-03-21,19.7105720792701,NA
"10302",2007-03-22,19.9564377145452,NA
"10303",2007-03-23,20.2628114326002,NA
"10304",2007-03-24,19.8833321912652,NA
"10305",2007-03-25,19.5072680600745,NA
"10306",2007-03-26,19.2061148078595,NA
"10307",2007-03-27,19.5690318144878,NA
"10308",2007-03-28,18.8882274758915,NA
"10309",2007-03-29,17.2200923671684,NA
"10310",2007-03-30,16.4868021371256,NA
"10311",2007-03-31,16.8552087483537,NA
"10312",2007-04-01,17.1262920271454,NA
"10313",2007-04-02,16.7807711950121,NA
"10314",2007-04-03,15.6729125133435,NA
"10315",2007-04-04,15.6918946677326,NA
"10316",2007-04-05,15.6047198671435,NA
"10317",2007-04-06,15.5022287550451,NA
"10318",2007-04-07,15.5525046306445,NA
"10319",2007-04-08,15.8741108153554,NA
"10320",2007-04-09,16.4175372085398,NA
"10321",2007-04-10,17.103783168313,NA
"10322",2007-04-11,17.7662595429268,NA
"10323",2007-04-12,18.3924610134862,NA
"10324",2007-04-13,19.1175112897953,NA
"10325",2007-04-14,19.5593116687568,NA
"10326",2007-04-15,19.3143417196893,NA
"10327",2007-04-16,18.8416563498135,NA
"10328",2007-04-17,18.403534860724,NA
"10329",2007-04-18,17.9667870225463,NA
"10330",2007-04-19,17.642341831625,NA
"10331",2007-04-20,17.1701747836987,NA
"10332",2007-04-21,16.4286200531298,NA
"10333",2007-04-22,16.1767964571061,NA
"10334",2007-04-23,16.1972469418755,NA
"10335",2007-04-24,16.2990881293732,NA
"10336",2007-04-25,16.447390728355,NA
"10337",2007-04-26,16.6122894642355,NA
"10338",2007-04-27,16.1678792369367,NA
"10339",2007-04-28,16.0946237138063,NA
"10340",2007-04-29,16.083878738465,NA
"10341",2007-04-30,15.8965812825109,NA
"10342",2007-05-01,16.0042868601595,NA
"10343",2007-05-02,15.940156527561,NA
"10344",2007-05-03,15.4821659687075,NA
"10345",2007-05-04,15.7719949276752,NA
"10346",2007-05-05,16.1335529581488,NA
"10347",2007-05-06,16.2191461805104,NA
"10348",2007-05-07,16.4939678101581,NA
"10349",2007-05-08,15.7308911961694,NA
"10350",2007-05-09,14.9572720734613,NA
"10351",2007-05-10,14.6657860895919,NA
"10352",2007-05-11,13.9426031362826,NA
"10353",2007-05-12,13.4740188774077,NA
"10354",2007-05-13,13.7052868568477,NA
"10355",2007-05-14,13.9177799086336,NA
"10356",2007-05-15,14.535515332188,NA
"10357",2007-05-16,15.1969971007386,NA
"10358",2007-05-17,15.5419474762427,NA
"10359",2007-05-18,15.8758571725808,NA
"10360",2007-05-19,15.7885206534822,NA
"10361",2007-05-20,15.3003264635997,NA
"10362",2007-05-21,14.0888309804253,NA
"10363",2007-05-22,13.3826844757131,NA
"10364",2007-05-23,12.9668444179893,NA
"10365",2007-05-24,12.7526598409625,NA
"10366",2007-05-25,12.6265309638896,NA
"10367",2007-05-26,12.4253660266581,NA
"10368",2007-05-27,12.5724169975073,NA
"10369",2007-05-28,13.4255385838127,NA
"10370",2007-05-29,13.1239464439433,NA
"10371",2007-05-30,12.7889704407345,NA
"10372",2007-05-31,12.4141620121738,NA
"10373",2007-06-01,11.9748075047542,NA
"10374",2007-06-02,11.5767266889614,NA
"10375",2007-06-03,10.6955423553112,NA
"10376",2007-06-04,9.68175823764317,NA
"10377",2007-06-05,9.75127131818507,NA
"10378",2007-06-06,9.72818404843865,NA
"10379",2007-06-07,9.57844180432159,NA
"10380",2007-06-08,9.48780601174368,NA
"10381",2007-06-09,9.38370637723558,NA
"10382",2007-06-10,9.57092711670265,NA
"10383",2007-06-11,9.43884627903953,NA
"10384",2007-06-12,9.23237203280539,NA
"10385",2007-06-13,8.64393553298867,NA
"10386",2007-06-14,7.95956163177315,NA
"10387",2007-06-15,7.31235187441342,NA
"10388",2007-06-16,7.08025650887969,NA
"10389",2007-06-17,6.6245537536756,NA
"10390",2007-06-18,6.32273848934496,NA
"10391",2007-06-19,6.01510757641066,NA
"10392",2007-06-20,6.35751094511643,NA
"10393",2007-06-21,6.66081346804087,NA
"10394",2007-06-22,7.21434546526265,NA
"10395",2007-06-23,7.25504354503504,NA
"10396",2007-06-24,7.35399847848891,NA
"10397",2007-06-25,7.72274627333795,NA
"10398",2007-06-26,7.99761024178937,NA
"10399",2007-06-27,8.22117115300365,NA
"10400",2007-06-28,8.48707149650432,NA
"10401",2007-06-29,8.51035934384488,NA
"10402",2007-06-30,8.93750691688139,NA
"10403",2007-07-01,9.20355795678926,NA
"10404",2007-07-02,9.62680967685066,NA
"10405",2007-07-03,10.2413740910259,NA
"10406",2007-07-04,10.2311460844802,NA
"10407",2007-07-05,10.0025531891313,NA
"10408",2007-07-06,10.0444771625368,NA
"10409",2007-07-07,10.0189956877765,NA
"10410",2007-07-08,9.95841341983259,NA
"10411",2007-07-09,9.30853635391184,NA
"10412",2007-07-10,8.76784882427893,NA
"10413",2007-07-11,8.47770320337627,NA
"10414",2007-07-12,8.57345309362039,NA
"10415",2007-07-13,8.20998517389424,NA
"10416",2007-07-14,7.69122635467936,NA
"10417",2007-07-15,7.46455600193897,NA
"10418",2007-07-16,7.89925876433149,NA
"10419",2007-07-17,7.26439098623948,NA
"10420",2007-07-18,6.74941844274469,NA
"10421",2007-07-19,6.4433636049598,NA
"10422",2007-07-20,6.37368558981045,NA
"10423",2007-07-21,6.22625647026174,NA
"10424",2007-07-22,6.14773495398982,NA
"10425",2007-07-23,6.13254795716376,NA
"10426",2007-07-24,7.01215671423288,NA
"10427",2007-07-25,8.28536968951269,NA
"10428",2007-07-26,9.20238720590579,NA
"10429",2007-07-27,9.76804211417918,NA
"10430",2007-07-28,10.5232714627694,NA
"10431",2007-07-29,11.0038347135694,NA
"10432",2007-07-30,11.1740233394349,NA
"10433",2007-07-31,11.2816913389208,NA
"10434",2007-08-01,10.9729326473705,NA
"10435",2007-08-02,10.4467546274648,NA
"10436",2007-08-03,9.938808143437,NA
"10437",2007-08-04,10.0189910691312,NA
"10438",2007-08-05,10.1533458391295,NA
"10439",2007-08-06,10.1383803962183,NA
"10440",2007-08-07,10.3629329828054,NA
"10441",2007-08-08,10.5263253259831,NA
"10442",2007-08-09,11.1097266499016,NA
"10443",2007-08-10,12.3733166119226,NA
"10444",2007-08-11,12.4439968997892,NA
"10445",2007-08-12,11.841094578578,NA
"10446",2007-08-13,11.1310933824698,NA
"10447",2007-08-14,10.2825643377966,NA
"10448",2007-08-15,9.94211856427791,NA
"10449",2007-08-16,9.82000903593847,NA
"10450",2007-08-17,8.71814194033709,NA
"10451",2007-08-18,8.34153136725967,NA
"10452",2007-08-19,8.48035430534829,NA
"10453",2007-08-20,9.13493759235802,NA
"10454",2007-08-21,9.39077176174299,NA
"10455",2007-08-22,9.30297326096007,NA
"10456",2007-08-23,9.12474988554924,NA
"10457",2007-08-24,9.82148988731759,NA
"10458",2007-08-25,10.5651963580311,NA
"10459",2007-08-26,11.4677689230942,NA
"10460",2007-08-27,12.3295785237123,NA
"10461",2007-08-28,12.5355889676422,NA
"10462",2007-08-29,12.6794557337265,NA
"10463",2007-08-30,13.7371375406685,NA
"10464",2007-08-31,13.1494604816608,NA
"10465",2007-09-01,12.3974574057568,NA
"10466",2007-09-02,12.0158960791967,NA
"10467",2007-09-03,10.7304106789874,NA
"10468",2007-09-04,10.4412987063798,NA
"10469",2007-09-05,10.4966484442679,NA
"10470",2007-09-06,9.49886984197626,NA
"10471",2007-09-07,10.0528460185146,NA
"10472",2007-09-08,10.942631049428,NA
"10473",2007-09-09,11.4609748004027,NA
"10474",2007-09-10,12.3098132642026,NA
"10475",2007-09-11,12.8673323412009,NA
"10476",2007-09-12,12.9333429861526,NA
"10477",2007-09-13,13.5347934720816,NA
"10478",2007-09-14,13.3098247237153,NA
"10479",2007-09-15,13.1594143237806,NA
"10480",2007-09-16,12.6089354993595,NA
"10481",2007-09-17,12.0941507031263,NA
"10482",2007-09-18,12.7090818431298,NA
"10483",2007-09-19,12.6951684725303,NA
"10484",2007-09-20,11.958331725939,NA
"10485",2007-09-21,12.1593978466499,NA
"10486",2007-09-22,12.0852235553889,NA
"10487",2007-09-23,12.5628335308764,NA
"10488",2007-09-24,12.5736940020062,NA
"10489",2007-09-25,12.5651136048484,NA
"10490",2007-09-26,12.576908324028,NA
"10491",2007-09-27,13.0214372254273,NA
"10492",2007-09-28,12.5187375345086,NA
"10493",2007-09-29,12.6321264701259,NA
"10494",2007-09-30,12.6433657862706,NA
"10495",2007-10-01,12.9006200951988,NA
"10496",2007-10-02,13.0987916505957,NA
"10497",2007-10-03,12.9542208197789,NA
"10498",2007-10-04,12.8550962536701,NA
"10499",2007-10-05,13.6203677898032,NA
"10500",2007-10-06,12.9713626588008,NA
"10501",2007-10-07,12.2005019436577,NA
"10502",2007-10-08,11.8388836212275,NA
"10503",2007-10-09,11.1137107784841,NA
"10504",2007-10-10,11.8893276190007,NA
"10505",2007-10-11,11.7651749726872,NA
"10506",2007-10-12,11.1403719290567,NA
"10507",2007-10-13,11.5033885599535,NA
"10508",2007-10-14,12.1860372574074,NA
"10509",2007-10-15,13.5543992261297,NA
"10510",2007-10-16,13.0701872058252,NA
"10511",2007-10-17,12.6944533353028,NA
"10512",2007-10-18,13.6618518626845,NA
"10513",2007-10-19,14.2496453957376,NA
"10514",2007-10-20,15.5753385473362,NA
"10515",2007-10-21,17.1430439193464,NA
"10516",2007-10-22,16.7121227414271,NA
"10517",2007-10-23,17.0685602240587,NA
"10518",2007-10-24,17.1936111340164,NA
"10519",2007-10-25,16.7255411202884,NA
"10520",2007-10-26,17.1975448693568,NA
"10521",2007-10-27,17.4983077588015,NA
"10522",2007-10-28,16.0506680460094,NA
"10523",2007-10-29,15.8504483656985,NA
"10524",2007-10-30,16.2195844697744,NA
"10525",2007-10-31,16.5444909127019,NA
"10526",2007-11-01,16.8315190180593,NA
"10527",2007-11-02,16.8091763164668,NA
"10528",2007-11-03,15.445006945044,NA
"10529",2007-11-04,15.1944241434936,NA
"10530",2007-11-05,15.1782049642283,NA
"10531",2007-11-06,15.232050342788,NA
"10532",2007-11-07,15.1621223284716,NA
"10533",2007-11-08,15.2367358218599,NA
"10534",2007-11-09,15.5044557883111,NA
"10535",2007-11-10,16.3698682904195,NA
"10536",2007-11-11,17.3055245821468,NA
"10537",2007-11-12,17.9192068473916,NA
"10538",2007-11-13,18.5299435586605,NA
"10539",2007-11-14,18.8573460242473,NA
"10540",2007-11-15,19.2768725519175,NA
"10541",2007-11-16,19.9516367447711,NA
"10542",2007-11-17,20.357903247745,NA
"10543",2007-11-18,20.6686289600383,NA
"10544",2007-11-19,21.41471860306,NA
"10545",2007-11-20,21.4591047499898,NA
"10546",2007-11-21,20.9875409601678,NA
"10547",2007-11-22,20.5711195568916,NA
"10548",2007-11-23,19.7495484037387,NA
"10549",2007-11-24,19.2276224562974,NA
"10550",2007-11-25,18.7327462909334,NA
"10551",2007-11-26,17.6313187376195,NA
"10552",2007-11-27,18.0241889833419,NA
"10553",2007-11-28,19.063571768977,NA
"10554",2007-11-29,19.8448520017442,NA
"10555",2007-11-30,20.4119372214179,NA
"10556",2007-12-01,20.9550165716074,NA
"10557",2007-12-02,21.3565287645969,NA
"10558",2007-12-03,21.2908113396316,NA
"10559",2007-12-04,20.6185158189938,NA
"10560",2007-12-05,20.4908837948237,NA
"10561",2007-12-06,20.8543675532194,NA
"10562",2007-12-07,20.3545973678417,NA
"10563",2007-12-08,19.8314716443037,NA
"10564",2007-12-09,18.8867555539282,NA
"10565",2007-12-10,18.6178324683855,NA
"10566",2007-12-11,18.6839918883531,NA
"10567",2007-12-12,18.7578574095724,NA
"10568",2007-12-13,18.5525303160622,NA
"10569",2007-12-14,19.4729236796659,NA
"10570",2007-12-15,19.3504148248902,NA
"10571",2007-12-16,19.6580445671931,NA
"10572",2007-12-17,20.2347201740279,NA
"10573",2007-12-18,20.8433515169407,NA
"10574",2007-12-19,21.1666439068712,NA
"10575",2007-12-20,20.9798174502117,NA
"10576",2007-12-21,20.3550113714763,NA
"10577",2007-12-22,19.8402927625274,NA
"10578",2007-12-23,19.6701017782499,NA
"10579",2007-12-24,18.9597016291677,NA
"10580",2007-12-25,18.1324628431516,NA
"10581",2007-12-26,17.4256482149687,NA
"10582",2007-12-27,17.0996609383383,NA
"10583",2007-12-28,18.249536675417,NA
"10584",2007-12-29,19.7779033873219,NA
"10585",2007-12-30,21.0294862188786,NA
"10586",2007-12-31,22.3528041096133,NA
"10587",2008-01-01,22.8169019213349,NA
"10588",2008-01-02,22.8626041470874,NA
"10589",2008-01-03,23.0147119762559,NA
"10590",2008-01-04,23.0595116597131,NA
"10591",2008-01-05,23.0855762192283,NA
"10592",2008-01-06,22.8607932059658,NA
"10593",2008-01-07,22.298463330897,NA
"10594",2008-01-08,21.9471542747515,NA
"10595",2008-01-09,22.2066017245232,NA
"10596",2008-01-10,22.5664683112865,NA
"10597",2008-01-11,22.069545717532,NA
"10598",2008-01-12,21.5789178144891,NA
"10599",2008-01-13,21.4235510170473,NA
"10600",2008-01-14,21.3863607188637,NA
"10601",2008-01-15,21.5688418004634,NA
"10602",2008-01-16,21.082853486597,NA
"10603",2008-01-17,19.985449807603,NA
"10604",2008-01-18,19.9232881817784,NA
"10605",2008-01-19,19.8071157566231,NA
"10606",2008-01-20,19.7646725324242,NA
"10607",2008-01-21,19.5539419152708,NA
"10608",2008-01-22,19.1534086576723,NA
"10609",2008-01-23,19.6516071853947,NA
"10610",2008-01-24,19.6111166621893,NA
"10611",2008-01-25,20.2004819260025,NA
"10612",2008-01-26,20.7097720878594,NA
"10613",2008-01-27,21.0558758274604,NA
"10614",2008-01-28,21.3843064050107,NA
"10615",2008-01-29,21.6669941999082,NA
"10616",2008-01-30,21.6889550002698,NA
"10617",2008-01-31,21.3799703253151,NA
"10618",2008-02-01,20.9021467093918,NA
"10619",2008-02-02,20.6951800727915,NA
"10620",2008-02-03,20.9514356759948,NA
"10621",2008-02-04,21.1444799215786,NA
"10622",2008-02-05,20.8493938136257,NA
"10623",2008-02-06,20.1658350626922,NA
"10624",2008-02-07,19.9838995296601,NA
"10625",2008-02-08,19.4711550577501,NA
"10626",2008-02-09,18.6971460097039,NA
"10627",2008-02-10,17.9929506001697,NA
"10628",2008-02-11,17.5695676884385,NA
"10629",2008-02-12,17.2514088436391,NA
"10630",2008-02-13,17.3431267987222,NA
"10631",2008-02-14,17.887387439804,NA
"10632",2008-02-15,18.9000877077935,NA
"10633",2008-02-16,20.0549621621402,NA
"10634",2008-02-17,20.8690372455666,NA
"10635",2008-02-18,21.3583301382504,NA
"10636",2008-02-19,22.0732135054852,NA
"10637",2008-02-20,22.0138611243812,NA
"10638",2008-02-21,22.1209262651438,NA
"10639",2008-02-22,21.6774555258591,NA
"10640",2008-02-23,20.8972442512448,NA
"10641",2008-02-24,19.8671306723247,NA
"10642",2008-02-25,18.896647365738,NA
"10643",2008-02-26,17.7852304982245,NA
"10644",2008-02-27,17.8101909624664,NA
"10645",2008-02-28,16.8042180471506,NA
"10646",2008-02-29,16.6121568005458,NA
"10647",2008-03-01,16.7291946121091,NA
"10648",2008-03-02,17.4018169225858,NA
"10649",2008-03-03,18.3393314075382,NA
"10650",2008-03-04,18.6254275557021,NA
"10651",2008-03-05,19.6049925056263,NA
"10652",2008-03-06,20.55513160589,NA
"10653",2008-03-07,21.304058644212,NA
"10654",2008-03-08,21.9759832436904,NA
"10655",2008-03-09,22.4063989191155,NA
"10656",2008-03-10,22.4783213139079,NA
"10657",2008-03-11,22.5766098343811,NA
"10658",2008-03-12,22.621967370117,NA
"10659",2008-03-13,22.9155005760346,NA
"10660",2008-03-14,22.9966245704834,NA
"10661",2008-03-15,23.0255449612092,NA
"10662",2008-03-16,23.0680972123047,NA
"10663",2008-03-17,23.1099586726479,NA
"10664",2008-03-18,23.0252426362889,NA
"10665",2008-03-19,22.8182357755098,NA
"10666",2008-03-20,21.9481876121852,NA
"10667",2008-03-21,21.080323576978,NA
"10668",2008-03-22,20.2980797582105,NA
"10669",2008-03-23,19.3887675546335,NA
"10670",2008-03-24,18.1459969638785,NA
"10671",2008-03-25,17.8209787561152,NA
"10672",2008-03-26,16.7885602547211,NA
"10673",2008-03-27,16.3352765951762,NA
"10674",2008-03-28,16.0421073127329,NA
"10675",2008-03-29,14.9456318454155,NA
"10676",2008-03-30,13.9930863853167,NA
"10677",2008-03-31,13.2513031128351,NA
"10678",2008-04-01,14.0560334860019,NA
"10679",2008-04-02,14.2687790249776,NA
"10680",2008-04-03,14.4000746469179,NA
"10681",2008-04-04,14.7292281457711,NA
"10682",2008-04-05,15.1865687144141,NA
"10683",2008-04-06,15.1308535307627,NA
"10684",2008-04-07,15.4079519763388,NA
"10685",2008-04-08,15.1803824636196,NA
"10686",2008-04-09,15.9987254465816,NA
"10687",2008-04-10,17.357864818309,NA
"10688",2008-04-11,17.4790977309527,NA
"10689",2008-04-12,17.3341318917351,NA
"10690",2008-04-13,16.9514636538092,NA
"10691",2008-04-14,16.6229149105298,NA
"10692",2008-04-15,15.8309826866559,NA
"10693",2008-04-16,15.2454397568668,NA
"10694",2008-04-17,14.1795416301808,NA
"10695",2008-04-18,13.9452031822193,NA
"10696",2008-04-19,14.3425891845475,NA
"10697",2008-04-20,14.7563727761065,NA
"10698",2008-04-21,14.8422926173731,NA
"10699",2008-04-22,14.8818396827402,NA
"10700",2008-04-23,14.9875867494265,NA
"10701",2008-04-24,15.2525778887627,NA
"10702",2008-04-25,15.4149543676087,NA
"10703",2008-04-26,14.3827476304636,NA
"10704",2008-04-27,13.429607968812,NA
"10705",2008-04-28,12.5854617809573,NA
"10706",2008-04-29,11.9539451108171,NA
"10707",2008-04-30,11.8269708793355,NA
"10708",2008-05-01,11.1827802368218,NA
"10709",2008-05-02,10.5498759795178,NA
"10710",2008-05-03,10.8457933798223,NA
"10711",2008-05-04,11.6957415073323,NA
"10712",2008-05-05,12.3617530320241,NA
"10713",2008-05-06,12.9456165650806,NA
"10714",2008-05-07,12.6940039885409,NA
"10715",2008-05-08,12.8758801776222,NA
"10716",2008-05-09,13.2040736105794,NA
"10717",2008-05-10,13.5968046234496,NA
"10718",2008-05-11,13.3945694350699,NA
"10719",2008-05-12,13.1088269204617,NA
"10720",2008-05-13,12.8708691354566,NA
"10721",2008-05-14,13.1217381280255,NA
"10722",2008-05-15,13.0305783054648,NA
"10723",2008-05-16,12.6428843380813,NA
"10724",2008-05-17,12.1770830158089,NA
"10725",2008-05-18,11.994673009166,NA
"10726",2008-05-19,12.4625072429853,NA
"10727",2008-05-20,12.5980101296665,NA
"10728",2008-05-21,12.1725660488451,NA
"10729",2008-05-22,11.6874666669003,NA
"10730",2008-05-23,11.5151736170888,NA
"10731",2008-05-24,11.4981271847742,NA
"10732",2008-05-25,11.5364313516999,NA
"10733",2008-05-26,11.3067003012473,NA
"10734",2008-05-27,10.7603613328731,NA
"10735",2008-05-28,10.3214168222708,NA
"10736",2008-05-29,10.2398047099439,NA
"10737",2008-05-30,10.2218605491954,NA
"10738",2008-05-31,10.1660157508509,NA
"10739",2008-06-01,9.75433498392316,NA
"10740",2008-06-02,9.35889186598305,NA
"10741",2008-06-03,9.74786040777403,NA
"10742",2008-06-04,10.5807000507945,NA
"10743",2008-06-05,11.155470644779,NA
"10744",2008-06-06,11.2946852922376,NA
"10745",2008-06-07,11.2733193898789,NA
"10746",2008-06-08,11.7520272031607,NA
"10747",2008-06-09,12.1147279447944,NA
"10748",2008-06-10,12.3470827492366,NA
"10749",2008-06-11,12.1350646977283,NA
"10750",2008-06-12,11.9803479568809,NA
"10751",2008-06-13,11.6583179210544,NA
"10752",2008-06-14,11.5798481965333,NA
"10753",2008-06-15,10.9090884741272,NA
"10754",2008-06-16,10.412282065539,NA
"10755",2008-06-17,10.2730854228415,NA
"10756",2008-06-18,10.1234213489622,NA
"10757",2008-06-19,9.77459257083368,NA
"10758",2008-06-20,10.1384527678121,NA
"10759",2008-06-21,10.4362912254635,NA
"10760",2008-06-22,11.0936995384893,NA
"10761",2008-06-23,11.3955178933145,NA
"10762",2008-06-24,11.286158724702,NA
"10763",2008-06-25,11.5431439908173,NA
"10764",2008-06-26,11.6946927798124,NA
"10765",2008-06-27,11.6506484508678,NA
"10766",2008-06-28,11.6086330596407,NA
"10767",2008-06-29,11.6328646659404,NA
"10768",2008-06-30,11.6324830645181,NA
"10769",2008-07-01,11.68422537026,NA
"10770",2008-07-02,11.1743986256136,NA
"10771",2008-07-03,10.8733140570599,NA
"10772",2008-07-04,10.45741365075,NA
"10773",2008-07-05,10.2024749948049,NA
"10774",2008-07-06,10.0353890512835,NA
"10775",2008-07-07,9.4587485015468,NA
"10776",2008-07-08,8.86104964343621,NA
"10777",2008-07-09,8.9810524456035,NA
"10778",2008-07-10,8.90747877955934,NA
"10779",2008-07-11,9.05957210108138,NA
"10780",2008-07-12,8.7598599030075,NA
"10781",2008-07-13,8.4988547938078,NA
"10782",2008-07-14,9.03213189537708,NA
"10783",2008-07-15,9.40266208080511,NA
"10784",2008-07-16,9.36895289390986,NA
"10785",2008-07-17,9.63774703500438,NA
"10786",2008-07-18,9.53421029094748,NA
"10787",2008-07-19,9.99325682326246,NA
"10788",2008-07-20,10.2070329205094,NA
"10789",2008-07-21,9.54820577101395,NA
"10790",2008-07-22,8.9862247557873,NA
"10791",2008-07-23,8.48906425409411,NA
"10792",2008-07-24,8.11397831952674,NA
"10793",2008-07-25,8.08406027732856,NA
"10794",2008-07-26,7.5458700364471,NA
"10795",2008-07-27,6.81883476262745,NA
"10796",2008-07-28,6.70384473916167,NA
"10797",2008-07-29,6.90654746723951,NA
"10798",2008-07-30,6.99933387566871,NA
"10799",2008-07-31,7.58209048625478,NA
"10800",2008-08-01,7.5795038404853,NA
"10801",2008-08-02,7.87033198885478,NA
"10802",2008-08-03,8.69694113127889,NA
"10803",2008-08-04,9.06264228391215,NA
"10804",2008-08-05,9.09116244567577,NA
"10805",2008-08-06,9.37464980017031,NA
"10806",2008-08-07,8.64118651018347,NA
"10807",2008-08-08,8.29396925486503,NA
"10808",2008-08-09,7.91998005897422,NA
"10809",2008-08-10,7.10596349855598,NA
"10810",2008-08-11,7.02974065027419,NA
"10811",2008-08-12,6.82163657529658,NA
"10812",2008-08-13,6.60827034780627,NA
"10813",2008-08-14,7.05319436304382,NA
"10814",2008-08-15,7.64290176925055,NA
"10815",2008-08-16,8.05309489771419,NA
"10816",2008-08-17,8.41033917125492,NA
"10817",2008-08-18,8.48443669682991,NA
"10818",2008-08-19,9.05815582930214,NA
"10819",2008-08-20,9.44383264785548,NA
"10820",2008-08-21,8.96011984532065,NA
"10821",2008-08-22,8.34840721157789,NA
"10822",2008-08-23,8.29462076898866,NA
"10823",2008-08-24,8.3224541470159,NA
"10824",2008-08-25,8.49021690950882,NA
"10825",2008-08-26,8.09969644572895,NA
"10826",2008-08-27,7.81438012850042,NA
"10827",2008-08-28,8.14982169932066,NA
"10828",2008-08-29,9.16716116375286,NA
"10829",2008-08-30,9.55910615184511,NA
"10830",2008-08-31,9.62304601328158,NA
"10831",2008-09-01,9.90301275659953,NA
"10832",2008-09-02,10.0942050245747,NA
"10833",2008-09-03,10.0935743094539,NA
"10834",2008-09-04,10.5959317305195,NA
"10835",2008-09-05,10.2839500926644,NA
"10836",2008-09-06,10.1537042379249,NA
"10837",2008-09-07,10.4458611567362,NA
"10838",2008-09-08,9.96431994585558,NA
"10839",2008-09-09,9.87714049501907,NA
"10840",2008-09-10,10.4918162647536,NA
"10841",2008-09-11,10.9784228156604,NA
"10842",2008-09-12,11.6649031890874,NA
"10843",2008-09-13,12.6869837778432,NA
"10844",2008-09-14,13.0827079985412,NA
"10845",2008-09-15,13.0463915577069,NA
"10846",2008-09-16,13.0309323052343,NA
"10847",2008-09-17,12.9045817590986,NA
"10848",2008-09-18,12.6098501886703,NA
"10849",2008-09-19,12.2135159171106,NA
"10850",2008-09-20,11.034892023791,NA
"10851",2008-09-21,11.2097658130146,NA
"10852",2008-09-22,11.2588665647465,NA
"10853",2008-09-23,11.3392021835016,NA
"10854",2008-09-24,11.2943925907447,NA
"10855",2008-09-25,11.8179625346227,NA
"10856",2008-09-26,12.3617949394198,NA
"10857",2008-09-27,13.5126921906086,NA
"10858",2008-09-28,13.1793795483288,NA
"10859",2008-09-29,13.2851980130422,NA
"10860",2008-09-30,13.6056115599353,NA
"10861",2008-10-01,14.4234085817908,NA
"10862",2008-10-02,14.1101346440777,NA
"10863",2008-10-03,13.5082274492463,NA
"10864",2008-10-04,12.3035144306894,NA
"10865",2008-10-05,12.4970154635689,NA
"10866",2008-10-06,12.6231877681232,NA
"10867",2008-10-07,12.5483957484866,NA
"10868",2008-10-08,11.4633693661969,NA
"10869",2008-10-09,11.2623510278577,NA
"10870",2008-10-10,11.8571642771395,NA
"10871",2008-10-11,13.1307891898629,NA
"10872",2008-10-12,14.4932501789591,NA
"10873",2008-10-13,14.7678644885029,NA
"10874",2008-10-14,14.8355176688155,NA
"10875",2008-10-15,15.33049448984,NA
"10876",2008-10-16,15.605782979607,NA
"10877",2008-10-17,16.2152625046562,NA
"10878",2008-10-18,16.7862530775829,NA
"10879",2008-10-19,15.5814374170152,NA
"10880",2008-10-20,15.5289716081771,NA
"10881",2008-10-21,15.5394359582336,NA
"10882",2008-10-22,15.3284284041467,NA
"10883",2008-10-23,15.4896392598239,NA
"10884",2008-10-24,15.4335152654757,NA
"10885",2008-10-25,16.1133313894007,NA
"10886",2008-10-26,16.9898050670263,NA
"10887",2008-10-27,17.373805433408,NA
"10888",2008-10-28,17.8307097671759,NA
"10889",2008-10-29,18.968268463664,NA
"10890",2008-10-30,19.6184353063221,NA
"10891",2008-10-31,19.0108558741106,NA
"10892",2008-11-01,17.8089307982328,NA
"10893",2008-11-02,17.4714769826196,NA
"10894",2008-11-03,17.3405958079555,NA
"10895",2008-11-04,17.4453071094439,NA
"10896",2008-11-05,16.8729901924631,NA
"10897",2008-11-06,16.5827097940108,NA
"10898",2008-11-07,16.5782934842758,NA
"10899",2008-11-08,16.2662332155724,NA
"10900",2008-11-09,16.13740859996,NA
"10901",2008-11-10,16.8188150826363,NA
"10902",2008-11-11,17.79423113841,NA
"10903",2008-11-12,19.2126708078248,NA
"10904",2008-11-13,19.4758366694015,NA
"10905",2008-11-14,19.574939830826,NA
"10906",2008-11-15,19.5530526769975,NA
"10907",2008-11-16,19.2327404939868,NA
"10908",2008-11-17,19.0871780694619,NA
"10909",2008-11-18,18.4826060103479,NA
"10910",2008-11-19,16.9757618813509,NA
"10911",2008-11-20,15.9165843359654,NA
"10912",2008-11-21,15.3606808479436,NA
"10913",2008-11-22,14.8844616356737,NA
"10914",2008-11-23,14.9997349339895,NA
"10915",2008-11-24,14.8798512390775,NA
"10916",2008-11-25,15.3854546491885,NA
"10917",2008-11-26,16.1680294777817,NA
"10918",2008-11-27,16.896569949431,NA
"10919",2008-11-28,17.5305027164517,NA
"10920",2008-11-29,18.000172516595,NA
"10921",2008-11-30,18.2071599814101,NA
"10922",2008-12-01,18.1199420709934,NA
"10923",2008-12-02,17.4883902479194,NA
"10924",2008-12-03,16.6880102968314,NA
"10925",2008-12-04,16.7926356411887,NA
"10926",2008-12-05,17.1825686768736,NA
"10927",2008-12-06,17.3180306761444,NA
"10928",2008-12-07,17.035581805679,NA
"10929",2008-12-08,17.3266905912065,NA
"10930",2008-12-09,16.952258708939,NA
"10931",2008-12-10,17.0102060008312,NA
"10932",2008-12-11,17.2311950491818,NA
"10933",2008-12-12,16.8705153258772,NA
"10934",2008-12-13,16.6222061060496,NA
"10935",2008-12-14,16.726388515169,NA
"10936",2008-12-15,16.6200719159877,NA
"10937",2008-12-16,17.1410249504419,NA
"10938",2008-12-17,17.1575512042879,NA
"10939",2008-12-18,16.1759123053878,NA
"10940",2008-12-19,16.0183848664781,NA
"10941",2008-12-20,16.7718394778885,NA
"10942",2008-12-21,18.1915138828571,NA
"10943",2008-12-22,18.6557559102833,NA
"10944",2008-12-23,18.6071760929521,NA
"10945",2008-12-24,19.0473591144013,NA
"10946",2008-12-25,19.8722190841376,NA
"10947",2008-12-26,20.7673893458926,NA
"10948",2008-12-27,20.9235995489259,NA
"10949",2008-12-28,20.2116427689925,NA
"10950",2008-12-29,20.0211756406859,NA
"10951",2008-12-30,20.0624142432937,NA
"10952",2008-12-31,19.8242676716475,NA
"10953",2009-01-01,18.9249228232029,NA
"10954",2009-01-02,17.7522870175335,NA
"10955",2009-01-03,17.456878315228,NA
"10956",2009-01-04,17.9438950132502,NA
"10957",2009-01-05,18.430883430925,NA
"10958",2009-01-06,19.1400634310691,NA
"10959",2009-01-07,19.0130405873247,NA
"10960",2009-01-08,19.1686075822893,NA
"10961",2009-01-09,19.6132889223718,NA
"10962",2009-01-10,19.7080804012461,NA
"10963",2009-01-11,19.5703703194549,NA
"10964",2009-01-12,19.6933192134006,NA
"10965",2009-01-13,20.354280675675,NA
"10966",2009-01-14,20.8565327600818,NA
"10967",2009-01-15,21.1313216763526,NA
"10968",2009-01-16,20.908103883728,NA
"10969",2009-01-17,20.8154422017273,NA
"10970",2009-01-18,21.0773047908915,NA
"10971",2009-01-19,21.3324949134835,NA
"10972",2009-01-20,20.8536016720758,NA
"10973",2009-01-21,21.033548837388,NA
"10974",2009-01-22,20.9925381218861,NA
"10975",2009-01-23,21.4228304110448,NA
"10976",2009-01-24,21.3693974317948,NA
"10977",2009-01-25,21.1922163715961,NA
"10978",2009-01-26,20.9825590834257,NA
"10979",2009-01-27,21.4363165887886,NA
"10980",2009-01-28,22.1776695255243,NA
"10981",2009-01-29,22.8857301241264,NA
"10982",2009-01-30,23.1206262010256,NA
"10983",2009-01-31,23.1028336263989,NA
"10984",2009-02-01,22.9541128940173,NA
"10985",2009-02-02,22.8952213138059,NA
"10986",2009-02-03,23.0094474873329,NA
"10987",2009-02-04,23.1223136864814,NA
"10988",2009-02-05,23.1283495070441,NA
"10989",2009-02-06,23.1220569072152,NA
"10990",2009-02-07,23.1095855610733,NA
"10991",2009-02-08,22.8610877630265,NA
"10992",2009-02-09,22.4285445824338,NA
"10993",2009-02-10,21.7928002137348,NA
"10994",2009-02-11,20.7338391354625,NA
"10995",2009-02-12,20.0566738323798,NA
"10996",2009-02-13,18.7746915184578,NA
"10997",2009-02-14,18.0200394276504,NA
"10998",2009-02-15,18.4110336380606,NA
"10999",2009-02-16,19.3620118735928,NA
"11000",2009-02-17,20.3872033105912,NA
"11001",2009-02-18,21.2329529485786,NA
"11002",2009-02-19,21.7554071311675,NA
"11003",2009-02-20,21.6788892714155,NA
"11004",2009-02-21,21.4151685965218,NA
"11005",2009-02-22,21.4839077836288,NA
"11006",2009-02-23,21.07287917033,NA
"11007",2009-02-24,20.3046918314621,NA
"11008",2009-02-25,19.8338168533244,NA
"11009",2009-02-26,19.7905210526722,NA
"11010",2009-02-27,20.231087073383,NA
"11011",2009-02-28,20.1863110134717,NA
"11012",2009-03-01,19.8181119184456,NA
"11013",2009-03-02,20.2573141371676,NA
"11014",2009-03-03,20.3341995646769,NA
"11015",2009-03-04,19.8873348890512,NA
"11016",2009-03-05,18.989378554865,NA
"11017",2009-03-06,18.0779000021526,NA
"11018",2009-03-07,17.7568496751783,NA
"11019",2009-03-08,17.6002201829334,NA
"11020",2009-03-09,17.1645601232326,NA
"11021",2009-03-10,17.8303180305823,NA
"11022",2009-03-11,18.6498144427824,NA
"11023",2009-03-12,19.23332599559,NA
"11024",2009-03-13,19.9188874554733,NA
"11025",2009-03-14,19.8027770005636,NA
"11026",2009-03-15,19.6333289377778,NA
"11027",2009-03-16,19.0928973236191,NA
"11028",2009-03-17,18.1748832761341,NA
"11029",2009-03-18,17.7497247544309,NA
"11030",2009-03-19,17.6651903744433,NA
"11031",2009-03-20,17.4156202121319,NA
"11032",2009-03-21,18.7967690652231,NA
"11033",2009-03-22,18.8290553752734,NA
"11034",2009-03-23,18.9152321622295,NA
"11035",2009-03-24,19.3926729574135,NA
"11036",2009-03-25,19.4865597955159,NA
"11037",2009-03-26,18.9188768494862,NA
"11038",2009-03-27,18.2625364459148,NA
"11039",2009-03-28,17.351840246948,NA
"11040",2009-03-29,17.932132765858,NA
"11041",2009-03-30,18.2805412949631,NA
"11042",2009-03-31,18.606754949035,NA
"11043",2009-04-01,18.972667946642,NA
"11044",2009-04-02,19.8912773299491,NA
"11045",2009-04-03,19.8232181541356,NA
"11046",2009-04-04,19.3989720876632,NA
"11047",2009-04-05,18.5394491366005,NA
"11048",2009-04-06,17.7875349808679,NA
"11049",2009-04-07,16.8472790710829,NA
"11050",2009-04-08,15.6959804319503,NA
"11051",2009-04-09,14.3737478925732,NA
"11052",2009-04-10,14.4135737253783,NA
"11053",2009-04-11,14.5032958485731,NA
"11054",2009-04-12,14.9298368552377,NA
"11055",2009-04-13,15.6687979881357,NA
"11056",2009-04-14,16.0772827981341,NA
"11057",2009-04-15,15.6314301908923,NA
"11058",2009-04-16,15.6463589918905,NA
"11059",2009-04-17,15.7341880146321,NA
"11060",2009-04-18,15.7161832137296,NA
"11061",2009-04-19,15.4801825573724,NA
"11062",2009-04-20,15.0888004115646,NA
"11063",2009-04-21,14.8019190365018,NA
"11064",2009-04-22,15.689183815743,NA
"11065",2009-04-23,16.2591112518877,NA
"11066",2009-04-24,16.1711499073357,NA
"11067",2009-04-25,15.6198560662876,NA
"11068",2009-04-26,14.9906667423708,NA
"11069",2009-04-27,14.229163073622,NA
"11070",2009-04-28,13.3900636184574,NA
"11071",2009-04-29,12.0098550211974,NA
"11072",2009-04-30,11.0430071752395,NA
"11073",2009-05-01,10.4239244683944,NA
"11074",2009-05-02,10.3623033520061,NA
"11075",2009-05-03,10.8584305613967,NA
"11076",2009-05-04,11.1254536963241,NA
"11077",2009-05-05,11.2229543169407,NA
"11078",2009-05-06,11.927443790074,NA
"11079",2009-05-07,11.8142569967708,NA
"11080",2009-05-08,12.1327556515669,NA
"11081",2009-05-09,12.3146449452281,NA
"11082",2009-05-10,12.055878681497,NA
"11083",2009-05-11,11.9646456111129,NA
"11084",2009-05-12,12.1847518718015,NA
"11085",2009-05-13,12.0864327423266,NA
"11086",2009-05-14,12.4021577160881,NA
"11087",2009-05-15,12.6889260586271,NA
"11088",2009-05-16,12.763771956809,NA
"11089",2009-05-17,13.064457343055,NA
"11090",2009-05-18,13.1577093862511,NA
"11091",2009-05-19,13.59390234939,NA
"11092",2009-05-20,13.7699093545194,NA
"11093",2009-05-21,13.6597218727564,NA
"11094",2009-05-22,13.7502026946059,NA
"11095",2009-05-23,14.4415615748746,NA
"11096",2009-05-24,15.1288220921561,NA
"11097",2009-05-25,15.2068573698564,NA
"11098",2009-05-26,14.6386027980419,NA
"11099",2009-05-27,14.206014803779,NA
"11100",2009-05-28,13.6936261190931,NA
"11101",2009-05-29,12.8110289643934,NA
"11102",2009-05-30,11.6118236829368,NA
"11103",2009-05-31,10.7478887371471,NA
"11104",2009-06-01,10.7841312011681,NA
"11105",2009-06-02,11.0477235318673,NA
"11106",2009-06-03,11.2483712387088,NA
"11107",2009-06-04,11.322755918431,NA
"11108",2009-06-05,11.5019113233306,NA
"11109",2009-06-06,11.5314481160489,NA
"11110",2009-06-07,11.3232038949508,NA
"11111",2009-06-08,10.794599463201,NA
"11112",2009-06-09,9.93078512850967,NA
"11113",2009-06-10,9.17571899544622,NA
"11114",2009-06-11,8.63774140660456,NA
"11115",2009-06-12,8.34833583767147,NA
"11116",2009-06-13,8.37453664205155,NA
"11117",2009-06-14,8.16238805475021,NA
"11118",2009-06-15,8.05371361914355,NA
"11119",2009-06-16,8.11420999093446,NA
"11120",2009-06-17,8.27567433162873,NA
"11121",2009-06-18,8.47466729702655,NA
"11122",2009-06-19,8.72005930124958,NA
"11123",2009-06-20,8.90332439435927,NA
"11124",2009-06-21,9.28986948325108,NA
"11125",2009-06-22,9.9895009185266,NA
"11126",2009-06-23,10.3741621632332,NA
"11127",2009-06-24,10.4891846979234,NA
"11128",2009-06-25,10.6447767995961,NA
"11129",2009-06-26,10.5781855086789,NA
"11130",2009-06-27,10.3497526567074,NA
"11131",2009-06-28,10.4062138626915,NA
"11132",2009-06-29,10.7847974149879,NA
"11133",2009-06-30,11.1546132407142,NA
"11134",2009-07-01,11.4357031616778,NA
"11135",2009-07-02,11.487880296803,NA
"11136",2009-07-03,11.6908166384248,NA
"11137",2009-07-04,11.8068687793403,NA
"11138",2009-07-05,11.2895195788576,NA
"11139",2009-07-06,10.0874602315282,NA
"11140",2009-07-07,9.14191048190255,NA
"11141",2009-07-08,8.72606804981082,NA
"11142",2009-07-09,8.93964475682892,NA
"11143",2009-07-10,8.99539558926228,NA
"11144",2009-07-11,9.022689945212,NA
"11145",2009-07-12,9.32931266779708,NA
"11146",2009-07-13,9.56105528777301,NA
"11147",2009-07-14,9.79670993132062,10.2
"11148",2009-07-15,9.71708333443087,10
"11149",2009-07-16,9.1608323318882,9.8
"11150",2009-07-17,8.6155039796992,9.1
"11151",2009-07-18,8.67874509222671,8.8
"11152",2009-07-19,8.89010831520085,9.3
"11153",2009-07-20,9.36878401470373,9.6
"11154",2009-07-21,9.89538201050096,9.3
"11155",2009-07-22,9.92875102055935,9.2
"11156",2009-07-23,9.8159437049518,8.8
"11157",2009-07-24,10.0033956804428,8.7
"11158",2009-07-25,9.69194700735006,8.8
"11159",2009-07-26,9.11965703542877,8.4
"11160",2009-07-27,8.74928611362601,8.5
"11161",2009-07-28,8.76654003193419,9.1
"11162",2009-07-29,9.23182908506115,10.2
"11163",2009-07-30,9.89359992964522,10.5
"11164",2009-07-31,10.1129261680115,10.6
"11165",2009-08-01,10.4612536684668,10.8
"11166",2009-08-02,10.8427133992569,11.1
"11167",2009-08-03,10.8322039239589,10.8
"11168",2009-08-04,10.728285101115,10.6
"11169",2009-08-05,10.9852591385566,10.8
"11170",2009-08-06,11.5932499111903,11.1
"11171",2009-08-07,10.9809732758844,10.6
"11172",2009-08-08,10.5123974832629,10
"11173",2009-08-09,10.3181692905086,9.4
"11174",2009-08-10,10.5026855886989,9.2
"11175",2009-08-11,10.4460453557514,9.8
"11176",2009-08-12,10.2491934814743,10
"11177",2009-08-13,9.47123454940171,10.1
"11178",2009-08-14,10.2458468217465,10.3
"11179",2009-08-15,11.8017749379485,11.4
"11180",2009-08-16,11.8988386424756,11.3
"11181",2009-08-17,11.7320457060982,10.6
"11182",2009-08-18,11.9879762307794,11
"11183",2009-08-19,12.3138976900435,11.3
"11184",2009-08-20,13.1270817894507,11.5
"11185",2009-08-21,12.584527077372,11.5
"11186",2009-08-22,11.4738769305589,11.2
"11187",2009-08-23,11.9782536775461,11.1
"11188",2009-08-24,11.9121087319933,10.9
"11189",2009-08-25,11.4113944053506,10.2
"11190",2009-08-26,11.0891445429155,9.8
"11191",2009-08-27,10.5744734227462,10.5
"11192",2009-08-28,11.5050423383208,12.1
"11193",2009-08-29,11.297218113219,12.2
"11194",2009-08-30,10.9073289774607,10.7
"11195",2009-08-31,10.9858335138287,11.4
"11196",2009-09-01,11.2501212787046,11.8
"11197",2009-09-02,11.7999659817489,11.7
"11198",2009-09-03,11.7751353447148,12.8
"11199",2009-09-04,11.0571482057973,12.7
"11200",2009-09-05,11.1007796478862,12.3
"11201",2009-09-06,11.0665979485154,11.8
"11202",2009-09-07,11.3588018351582,11.5
"11203",2009-09-08,11.3179993387612,11.7
"11204",2009-09-09,10.5272539143752,11.7
"11205",2009-09-10,10.4370717213512,11.7
"11206",2009-09-11,11.4223909908529,11.9
"11207",2009-09-12,12.926645111219,12.7
"11208",2009-09-13,12.7536188797935,13.8
"11209",2009-09-14,12.3910222618052,12.8
"11210",2009-09-15,12.6932731797062,12.4
"11211",2009-09-16,13.7246807364383,12.3
"11212",2009-09-17,13.6096317503095,13
"11213",2009-09-18,13.1301093363693,12.6
"11214",2009-09-19,11.9369007577009,12.6
"11215",2009-09-20,12.0454398754853,12.7
"11216",2009-09-21,12.6251855487939,12.9
"11217",2009-09-22,12.8741059518079,13.2
"11218",2009-09-23,12.2706885501849,13.1
"11219",2009-09-24,12.8785330416395,13.6
"11220",2009-09-25,12.2727338069502,13.2
"11221",2009-09-26,11.7080430809041,12
"11222",2009-09-27,11.4722167828569,10.2
"11223",2009-09-28,10.9934370599006,11
"11224",2009-09-29,11.0534786290869,11.8
"11225",2009-09-30,11.7880448782937,12.7
"11226",2009-10-01,11.4041418468874,13.8
"11227",2009-10-02,11.6623641323526,13.4
"11228",2009-10-03,12.0854479596366,13
"11229",2009-10-04,12.490020457769,13.3
"11230",2009-10-05,12.6410612196919,13.3
"11231",2009-10-06,11.8064208164224,13.3
"11232",2009-10-07,10.593941830169,12.8
"11233",2009-10-08,10.2929160172337,12.4
"11234",2009-10-09,10.4306371826156,13
"11235",2009-10-10,10.7527406942159,13.6
"11236",2009-10-11,11.7109120546316,14.4
"11237",2009-10-12,11.6872275019338,14.2
"11238",2009-10-13,12.1698219732637,13.1
"11239",2009-10-14,12.6292749599344,12.9
"11240",2009-10-15,12.7838286388017,13.1
"11241",2009-10-16,12.8716294621008,13.3
"11242",2009-10-17,12.5901776057788,13.4
"11243",2009-10-18,11.6747299292336,13.4
"11244",2009-10-19,12.5035300327269,14.1
"11245",2009-10-20,13.5118552951893,14.8
"11246",2009-10-21,13.6116313322121,15.8
"11247",2009-10-22,14.0961924480925,15.1
"11248",2009-10-23,14.4146793572857,15.3
"11249",2009-10-24,15.0180654456512,15.5
"11250",2009-10-25,14.9331659721098,14.9
"11251",2009-10-26,14.5330069055419,14.8
"11252",2009-10-27,14.4236964604868,16.1
"11253",2009-10-28,15.4701492628961,17.8
"11254",2009-10-29,16.8725781198457,18.9
"11255",2009-10-30,17.9902901507592,20
"11256",2009-10-31,18.9450612402465,20.5
"11257",2009-11-01,20.0952508474151,21.6
"11258",2009-11-02,20.9186668403728,21.7
"11259",2009-11-03,20.5445850097561,18
"11260",2009-11-04,19.8290807593,15.9
"11261",2009-11-05,18.6458105449479,16.2
"11262",2009-11-06,18.2241217033589,17.2
"11263",2009-11-07,18.4040932556601,18.7
"11264",2009-11-08,18.7762014476948,21.2
"11265",2009-11-09,19.2150789165314,22.4
"11266",2009-11-10,20.6241952001357,22.6
"11267",2009-11-11,21.7504089101765,23.1
"11268",2009-11-12,22.3488648520994,22.2
"11269",2009-11-13,22.6087615291081,22.1
"11270",2009-11-14,22.6332062742733,21.4
"11271",2009-11-15,22.6726322955112,21.9
"11272",2009-11-16,22.3059776408783,20.6
"11273",2009-11-17,21.8578146673139,21
"11274",2009-11-18,21.9211490891859,22.4
"11275",2009-11-19,22.3695505719045,NA
"11276",2009-11-20,22.2440052730494,NA
"11277",2009-11-21,21.8288400738574,NA
"11278",2009-11-22,20.913041633845,NA
"11279",2009-11-23,20.7162981550793,NA
"11280",2009-11-24,20.7120500812612,NA
"11281",2009-11-25,20.3637014254124,NA
"11282",2009-11-26,19.2570902177731,NA
"11283",2009-11-27,18.9880414100464,NA
"11284",2009-11-28,18.6213009234233,NA
"11285",2009-11-29,18.9156186098416,NA
"11286",2009-11-30,18.9287530290399,NA
"11287",2009-12-01,18.717731770554,NA
"11288",2009-12-02,18.5696610285392,NA
"11289",2009-12-03,18.0093952416821,NA
"11290",2009-12-04,17.603847810683,NA
"11291",2009-12-05,17.7070551645478,NA
"11292",2009-12-06,17.9702445043684,NA
"11293",2009-12-07,18.1706627948308,NA
"11294",2009-12-08,17.6196467608226,NA
"11295",2009-12-09,16.8651493610627,NA
"11296",2009-12-10,16.5307649319753,NA
"11297",2009-12-11,16.4405243754287,NA
"11298",2009-12-12,16.6016942843254,NA
"11299",2009-12-13,16.3083372754042,NA
"11300",2009-12-14,16.4911454632721,NA
"11301",2009-12-15,18.0898921382339,NA
"11302",2009-12-16,19.4525108697326,NA
"11303",2009-12-17,19.4474639646023,NA
"11304",2009-12-18,19.6686524387526,NA
"11305",2009-12-19,19.5521826925716,NA
"11306",2009-12-20,19.7002726655785,NA
"11307",2009-12-21,19.934236014222,NA
"11308",2009-12-22,19.9233052636951,NA
"11309",2009-12-23,20.1257652793672,NA
"11310",2009-12-24,20.5267014812495,NA
"11311",2009-12-25,20.3720577083029,NA
"11312",2009-12-26,20.6189142589935,NA
"11313",2009-12-27,20.8815501936822,NA
"11314",2009-12-28,20.9894315939946,NA
"11315",2009-12-29,20.9160080251227,NA
"11316",2009-12-30,20.9208019184662,NA
"11317",2009-12-31,21.7345787095959,NA
"11318",2010-01-01,22.0858712844539,NA
"11319",2010-01-02,21.9746026550268,NA
"11320",2010-01-03,21.710113336872,NA
"11321",2010-01-04,21.5744350208318,NA
"11322",2010-01-05,21.2535359327087,NA
"11323",2010-01-06,20.2792852189507,NA
"11324",2010-01-07,19.9088012919782,NA
"11325",2010-01-08,20.4835150580362,NA
"11326",2010-01-09,21.4680074922775,NA
"11327",2010-01-10,22.4165720662571,NA
"11328",2010-01-11,22.9339172977772,NA
"11329",2010-01-12,22.8374215438547,NA
"11330",2010-01-13,22.7358884387828,NA
"11331",2010-01-14,22.5100678822071,NA
"11332",2010-01-15,22.22146457411,NA
"11333",2010-01-16,21.5325171491208,NA
"11334",2010-01-17,20.0690775113367,NA
"11335",2010-01-18,17.8966654427946,NA
"11336",2010-01-19,17.9814670953371,NA
"11337",2010-01-20,18.5682275168444,NA
"11338",2010-01-21,19.4675085745998,NA
"11339",2010-01-22,19.7016298957417,NA
"11340",2010-01-23,19.6745103058024,NA
"11341",2010-01-24,20.164121887186,NA
"11342",2010-01-25,20.929030653548,NA
"11343",2010-01-26,21.2047877336376,NA
"11344",2010-01-27,21.0104711679838,NA
"11345",2010-01-28,20.5151550176449,NA
"11346",2010-01-29,20.0489517240622,NA
"11347",2010-01-30,20.7848829814079,NA
"11348",2010-01-31,21.0671923839734,NA
"11349",2010-02-01,21.1964038416921,NA
"11350",2010-02-02,21.695372516742,NA
"11351",2010-02-03,22.1825816793961,NA
"11352",2010-02-04,22.0639794224384,NA
"11353",2010-02-05,21.9463631142105,NA
"11354",2010-02-06,21.6527360382378,NA
"11355",2010-02-07,21.8550771574879,NA
"11356",2010-02-08,22.0972759279591,NA
"11357",2010-02-09,22.1402831813749,NA
"11358",2010-02-10,22.1253603786251,NA
"11359",2010-02-11,22.2553220939988,NA
"11360",2010-02-12,22.3549192417935,NA
"11361",2010-02-13,22.3005347749267,NA
"11362",2010-02-14,22.014899480551,NA
"11363",2010-02-15,21.5354869819723,NA
"11364",2010-02-16,21.0268739353866,NA
"11365",2010-02-17,20.618619850154,NA
"11366",2010-02-18,20.6906368058282,NA
"11367",2010-02-19,21.304429675501,NA
"11368",2010-02-20,21.8048596391196,NA
"11369",2010-02-21,21.855734367455,NA
"11370",2010-02-22,21.5361891756022,NA
"11371",2010-02-23,21.2125511204968,NA
"11372",2010-02-24,20.9700791354219,NA
"11373",2010-02-25,21.101176013109,NA
"11374",2010-02-26,21.1397324703599,NA
"11375",2010-02-27,20.4351532026806,NA
"11376",2010-02-28,19.829097931714,NA
"11377",2010-03-01,19.8039182632126,NA
"11378",2010-03-02,19.9197035922505,NA
"11379",2010-03-03,20.2207869683331,NA
"11380",2010-03-04,20.1450881494443,NA
"11381",2010-03-05,19.3965902071583,NA
"11382",2010-03-06,19.2195565841187,NA
"11383",2010-03-07,19.3252117678943,NA
"11384",2010-03-08,19.2854182550713,NA
"11385",2010-03-09,18.6568208140678,NA
"11386",2010-03-10,17.6247660856486,NA
"11387",2010-03-11,16.7416103760135,NA
"11388",2010-03-12,16.6080262007345,NA
"11389",2010-03-13,16.9479813613499,NA
"11390",2010-03-14,17.5590726809407,NA
"11391",2010-03-15,18.3196762554928,NA
"11392",2010-03-16,19.5264989907692,NA
"11393",2010-03-17,20.7566746313704,NA
"11394",2010-03-18,21.4979928675006,NA
"11395",2010-03-19,21.5099558990223,NA
"11396",2010-03-20,21.4894101630632,NA
"11397",2010-03-21,21.0615989479823,NA
"11398",2010-03-22,20.4823848007555,NA
"11399",2010-03-23,19.8797427489281,NA
"11400",2010-03-24,19.0937854066846,NA
"11401",2010-03-25,18.6544701086392,NA
"11402",2010-03-26,18.8545461739445,NA
"11403",2010-03-27,18.9305645145171,NA
"11404",2010-03-28,19.2077832615559,NA
"11405",2010-03-29,19.2989963286986,NA
"11406",2010-03-30,18.9961496854817,NA
"11407",2010-03-31,18.6378050023882,NA
"11408",2010-04-01,18.0804578369795,NA
"11409",2010-04-02,17.3328590501035,NA
"11410",2010-04-03,16.7794362825873,NA
"11411",2010-04-04,16.5731118811439,NA
"11412",2010-04-05,17.2010627993722,NA
"11413",2010-04-06,17.4415722832353,NA
"11414",2010-04-07,17.6865102166264,NA
"11415",2010-04-08,17.6967892564607,NA
"11416",2010-04-09,17.8142892005974,NA
"11417",2010-04-10,17.7542478052441,NA
"11418",2010-04-11,17.0870182121248,NA
"11419",2010-04-12,15.8799313648143,NA
"11420",2010-04-13,15.2565562041613,NA
"11421",2010-04-14,14.7061951297871,NA
"11422",2010-04-15,14.3814736856921,NA
"11423",2010-04-16,14.3640366438339,NA
"11424",2010-04-17,15.043221631469,NA
"11425",2010-04-18,16.1073294245831,NA
"11426",2010-04-19,17.0957708636029,NA
"11427",2010-04-20,17.8557264595287,NA
"11428",2010-04-21,18.4885559664963,NA
"11429",2010-04-22,19.2341619555785,NA
"11430",2010-04-23,19.5916490476594,NA
"11431",2010-04-24,18.8107706442975,NA
"11432",2010-04-25,17.8218604376066,NA
"11433",2010-04-26,17.2695981163381,NA
"11434",2010-04-27,16.243570906947,NA
"11435",2010-04-28,15.6018971203388,NA
"11436",2010-04-29,14.4677829538543,NA
"11437",2010-04-30,13.379982865426,NA
"11438",2010-05-01,13.6642253151766,NA
"11439",2010-05-02,13.808641044854,NA
"11440",2010-05-03,14.1338119323797,NA
"11441",2010-05-04,14.0046963619152,NA
"11442",2010-05-05,13.599651500843,NA
"11443",2010-05-06,13.6832121084981,NA
"11444",2010-05-07,14.2484274647499,NA
"11445",2010-05-08,14.1527378514002,NA
"11446",2010-05-09,14.688912981391,NA
"11447",2010-05-10,14.1329877511552,NA
"11448",2010-05-11,13.7117063855699,NA
"11449",2010-05-12,13.1536113856771,NA
"11450",2010-05-13,12.5627983678251,NA
"11451",2010-05-14,11.6701222307888,NA
"11452",2010-05-15,11.0123258314175,NA
"11453",2010-05-16,10.1680439431067,NA
"11454",2010-05-17,9.63493917423324,NA
"11455",2010-05-18,9.9375747997692,NA
"11456",2010-05-19,10.2399359889387,NA
"11457",2010-05-20,10.4519964837216,NA
"11458",2010-05-21,10.1958297506272,NA
"11459",2010-05-22,9.59319571836373,NA
"11460",2010-05-23,9.9000868774666,NA
"11461",2010-05-24,10.1899577522089,NA
"11462",2010-05-25,10.7622706939668,NA
"11463",2010-05-26,11.0605272718736,NA
"11464",2010-05-27,11.2919186061349,NA
"11465",2010-05-28,12.0605200267419,NA
"11466",2010-05-29,13.1516273526852,NA
"11467",2010-05-30,13.2499215461861,NA
"11468",2010-05-31,12.8827294503615,NA
"11469",2010-06-01,12.3749435029985,NA
"11470",2010-06-02,12.0791267136506,NA
"11471",2010-06-03,11.4562956836263,NA
"11472",2010-06-04,10.9946549382289,NA
"11473",2010-06-05,10.2516729682858,NA
"11474",2010-06-06,9.42065447362245,NA
"11475",2010-06-07,9.00389312796593,NA
"11476",2010-06-08,9.03618012113797,NA
"11477",2010-06-09,8.79149670149974,NA
"11478",2010-06-10,9.11342267795891,NA
"11479",2010-06-11,9.07626012598219,NA
"11480",2010-06-12,9.10876661812253,NA
"11481",2010-06-13,9.37650947380054,NA
"11482",2010-06-14,9.20970630277934,NA
"11483",2010-06-15,8.58682875648001,NA
"11484",2010-06-16,9.21305412981611,NA
"11485",2010-06-17,8.93747555713731,NA
"11486",2010-06-18,9.34682349091081,NA
"11487",2010-06-19,9.84193229889494,NA
"11488",2010-06-20,9.94218917918806,NA
"11489",2010-06-21,10.4246957350527,NA
"11490",2010-06-22,10.8596668652495,NA
"11491",2010-06-23,10.6575815786516,NA
"11492",2010-06-24,11.4125227954118,NA
"11493",2010-06-25,10.6055197302709,NA
"11494",2010-06-26,9.49014808847831,NA
"11495",2010-06-27,8.84027666869387,NA
"11496",2010-06-28,8.94722126247014,NA
"11497",2010-06-29,8.74146242322025,NA
"11498",2010-06-30,8.16167601775856,NA
"11499",2010-07-01,7.25266388738103,NA
"11500",2010-07-02,7.21009531695855,NA
"11501",2010-07-03,7.70915650614167,NA
"11502",2010-07-04,8.05946700866406,NA
"11503",2010-07-05,7.45168649363913,NA
"11504",2010-07-06,7.37300935237415,NA
"11505",2010-07-07,7.53258136178642,NA
"11506",2010-07-08,7.39511427776869,NA
"11507",2010-07-09,8.0337218203378,NA
"11508",2010-07-10,8.419498721096,NA
"11509",2010-07-11,8.67501583724595,NA
"11510",2010-07-12,9.41690010555211,NA
"11511",2010-07-13,9.88141457081252,NA
"11512",2010-07-14,9.8613816911598,NA
"11513",2010-07-15,10.3242393297057,NA
"11514",2010-07-16,10.0852228236157,NA
"11515",2010-07-17,9.79808719161271,NA
"11516",2010-07-18,9.41975066812661,NA
"11517",2010-07-19,8.86223025350924,NA
"11518",2010-07-20,8.47261370131851,NA
"11519",2010-07-21,8.54328094939006,NA
"11520",2010-07-22,8.53326949729551,NA
"11521",2010-07-23,8.53128734963387,NA
"11522",2010-07-24,8.23532390044931,NA
"11523",2010-07-25,8.15715907406356,NA
"11524",2010-07-26,8.08781779367572,NA
"11525",2010-07-27,8.22978463291868,NA
"11526",2010-07-28,8.31182593352397,NA
"11527",2010-07-29,8.615347751661,NA
"11528",2010-07-30,9.04413825193918,NA
"11529",2010-07-31,9.58770058172824,NA
"11530",2010-08-01,9.82969615575433,NA
"11531",2010-08-02,10.2894378669308,NA
"11532",2010-08-03,10.5322626851915,NA
"11533",2010-08-04,10.0533156094274,NA
"11534",2010-08-05,9.27057536521483,NA
"11535",2010-08-06,8.47952359097005,8.8
"11536",2010-08-07,8.08463963509651,8.5
"11537",2010-08-08,8.40290825229576,8.3
"11538",2010-08-09,8.43430652110378,9
"11539",2010-08-10,8.41410176440695,8.7
"11540",2010-08-11,9.02044531993623,9.3
"11541",2010-08-12,9.54439116211321,9.4
"11542",2010-08-13,9.99025217406208,10.3
"11543",2010-08-14,10.3787504810882,9.8
"11544",2010-08-15,10.2388578459284,10
"11545",2010-08-16,9.53352987013169,9.8
"11546",2010-08-17,9.42047555504796,9
"11547",2010-08-18,9.43192252542189,8.8
"11548",2010-08-19,9.06034667428789,9
"11549",2010-08-20,8.79091038220384,8.9
"11550",2010-08-21,8.47214457155039,8.8
"11551",2010-08-22,8.51490328926834,9.2
"11552",2010-08-23,9.09071243288744,9
"11553",2010-08-24,8.77848231435931,9.4
"11554",2010-08-25,8.34293821580667,8.6
"11555",2010-08-26,8.63675232686142,8.7
"11556",2010-08-27,8.58453174202601,9.4
"11557",2010-08-28,8.60200739845293,9.8
"11558",2010-08-29,8.58522916183508,9.7
"11559",2010-08-30,9.09065421859778,10.5
"11560",2010-08-31,9.99092453338571,10.9
"11561",2010-09-01,10.3918526234625,10.9
"11562",2010-09-02,10.2596338612653,11.5
"11563",2010-09-03,11.1041678825255,10.9
"11564",2010-09-04,11.6103585753586,12.6
"11565",2010-09-05,11.7081522219009,12.4
"11566",2010-09-06,11.110679722767,12.6
"11567",2010-09-07,10.7515639213441,11.9
"11568",2010-09-08,11.1393646850272,11.9
"11569",2010-09-09,11.6259619648575,11.5
"11570",2010-09-10,11.2532404470673,12.4
"11571",2010-09-11,11.3134199967326,12.2
"11572",2010-09-12,11.3964118244097,12.8
"11573",2010-09-13,11.8453105786534,12.8
"11574",2010-09-14,11.8294927166919,12.9
"11575",2010-09-15,11.4312637565258,12.6
"11576",2010-09-16,11.0137299664794,12.2
"11577",2010-09-17,10.8309174911669,12
"11578",2010-09-18,10.5460418707538,11.9
"11579",2010-09-19,10.5291055056377,12.4
"11580",2010-09-20,10.6202753043267,12.6
"11581",2010-09-21,10.8365633264155,13.2
"11582",2010-09-22,10.9174888124038,13.4
"11583",2010-09-23,11.0714767799593,13
"11584",2010-09-24,11.1955848398851,13.1
"11585",2010-09-25,11.4241288404848,13.4
"11586",2010-09-26,11.6456703782143,13.9
"11587",2010-09-27,11.3145728053026,13.7
"11588",2010-09-28,10.7316221559016,12.8
"11589",2010-09-29,10.2825535582062,12.2
"11590",2010-09-30,10.1031074613177,12.1
"11591",2010-10-01,10.1644389334192,12.5
"11592",2010-10-02,10.3766696958995,13.3
"11593",2010-10-03,11.3514944081192,14.7
"11594",2010-10-04,12.2098741255276,15.4
"11595",2010-10-05,13.0916501503437,15.2
"11596",2010-10-06,13.681048461821,14.4
"11597",2010-10-07,13.9353511578045,13.1
"11598",2010-10-08,14.0604053404367,13.3
"11599",2010-10-09,13.8774856252629,13.4
"11600",2010-10-10,13.8403250310207,14.6
"11601",2010-10-11,14.5945045989841,16.6
"11602",2010-10-12,15.072496315434,16.5
"11603",2010-10-13,15.2668812749318,16.2
"11604",2010-10-14,16.0152791892678,16.4
"11605",2010-10-15,15.3817054969502,14.9
"11606",2010-10-16,15.0842878820678,12.5
"11607",2010-10-17,14.1636154957463,12.6
"11608",2010-10-18,12.7564372953933,12.9
"11609",2010-10-19,11.9373190944971,13.5
"11610",2010-10-20,12.1518323705594,14.2
"11611",2010-10-21,12.4572586238618,15.7
"11612",2010-10-22,14.0783504920438,15.7
"11613",2010-10-23,14.2063174727338,15.4
"11614",2010-10-24,14.0840137405878,14.9
"11615",2010-10-25,14.5535854174807,15.2
"11616",2010-10-26,14.9433161268367,14.9
"11617",2010-10-27,14.7826515004439,15.4
"11618",2010-10-28,14.8484744813366,16.2
"11619",2010-10-29,15.1664712702502,17.3
"11620",2010-10-30,15.2861641021457,16.5
"11621",2010-10-31,15.0938511640795,14.1
"11622",2010-11-01,14.693211485395,13.4
"11623",2010-11-02,14.5142617876329,13.5
"11624",2010-11-03,14.1816083895046,13.5
"11625",2010-11-04,13.0103404357287,13.7
"11626",2010-11-05,12.2690772906853,14.9
"11627",2010-11-06,13.3486719914424,16.1
"11628",2010-11-07,14.2939000978939,15.9
"11629",2010-11-08,14.9043239471151,15.9
"11630",2010-11-09,16.0020134053003,17.8
"11631",2010-11-10,16.7897793428945,18.3
"11632",2010-11-11,18.4748134912823,19.3
"11633",2010-11-12,18.8141595025763,19.1
"11634",2010-11-13,18.1204911418549,17.5
"11635",2010-11-14,17.720508118682,16.6
"11636",2010-11-15,17.4179733007194,16.4
"11637",2010-11-16,16.3670595604955,16.7
"11638",2010-11-17,16.3280551575839,16.6
"11639",2010-11-18,14.6442962818382,16.6
"11640",2010-11-19,14.1886666104983,17.6
"11641",2010-11-20,15.0842880593014,19.1
"11642",2010-11-21,16.3041523194085,19.9
"11643",2010-11-22,17.884540954372,21.6
"11644",2010-11-23,19.4211718583611,22.6
"11645",2010-11-24,19.8463912519609,21.3
"11646",2010-11-25,20.4195366002388,20.5
"11647",2010-11-26,20.91856885711,21.4
"11648",2010-11-27,20.4764099070117,19.7
"11649",2010-11-28,19.7310422632738,17.3
"11650",2010-11-29,18.6883413886174,17.8
"11651",2010-11-30,17.8112365795972,19.4
"11652",2010-12-01,17.6705198122745,19.7
"11653",2010-12-02,17.835954770995,20.6
"11654",2010-12-03,18.0213879012686,21.6
"11655",2010-12-04,19.2309072916158,22.5
"11656",2010-12-05,20.2253737010548,22.5
"11657",2010-12-06,20.8312947474902,21.7
"11658",2010-12-07,21.0932992948746,23
"11659",2010-12-08,20.9423742615326,21.2
"11660",2010-12-09,20.7566449733383,21.3
"11661",2010-12-10,20.0656392951896,20
"11662",2010-12-11,19.1088414845295,17.9
"11663",2010-12-12,18.0640215844752,18.2
"11664",2010-12-13,17.4086436365484,18.1
"11665",2010-12-14,17.6173554652098,19.4
"11666",2010-12-15,17.361429337594,19.9
"11667",2010-12-16,17.1392320318221,19.5
"11668",2010-12-17,17.2276697772511,19
"11669",2010-12-18,17.1733212549848,18.6
"11670",2010-12-19,16.6299986642845,17.7
"11671",2010-12-20,16.1941219564822,16.4
"11672",2010-12-21,14.7137941371141,16.6
"11673",2010-12-22,14.9007026839424,17.7
"11674",2010-12-23,14.9985177019507,18.9
"11675",2010-12-24,15.788954591882,19.4
"11676",2010-12-25,16.4417156964008,20
"11677",2010-12-26,16.9750458184702,19.4
"11678",2010-12-27,16.8197029700764,18.2
"11679",2010-12-28,17.3947575278303,18.2
"11680",2010-12-29,17.8421844508248,19.6
"11681",2010-12-30,18.9076156408015,20.7
"11682",2010-12-31,19.5309221619737,21.8
"11683",2011-01-01,19.3762410462116,21.1
"11684",2011-01-02,19.6067200218943,20.1
"11685",2011-01-03,19.942168932591,19.3
"11686",2011-01-04,20.0388114649943,18.9
"11687",2011-01-05,19.8483056479232,19.1
"11688",2011-01-06,19.924700235917,19.7
"11689",2011-01-07,20.1286195310061,21.3
"11690",2011-01-08,20.5054633241594,21.2
"11691",2011-01-09,20.9251773285697,20.4
"11692",2011-01-10,21.3066531003931,20.6
"11693",2011-01-11,21.5465139271591,21
"11694",2011-01-12,21.8831720862899,23.4
"11695",2011-01-13,21.5318764418994,24.6
"11696",2011-01-14,20.852251813827,24.2
"11697",2011-01-15,20.9249560001566,24.8
"11698",2011-01-16,20.780098383592,26.8
"11699",2011-01-17,20.4244537244557,22.8
"11700",2011-01-18,19.9522282994298,21.4
"11701",2011-01-19,19.3883955211954,21
"11702",2011-01-20,19.652778329075,20.9
"11703",2011-01-21,19.7247718679357,21.1
"11704",2011-01-22,19.5421078135448,21.8
"11705",2011-01-23,19.8567092309627,23
"11706",2011-01-24,19.9872932865645,23.1
"11707",2011-01-25,20.3692112869328,22.3
"11708",2011-01-26,20.4904355083761,22.4
"11709",2011-01-27,20.0843849998074,22.5
"11710",2011-01-28,19.8678758893151,22.3
"11711",2011-01-29,20.1971013084089,22.2
"11712",2011-01-30,20.8186406561284,23.3
"11713",2011-01-31,21.8408342882239,24.4
"11714",2011-02-01,21.9988026706857,24.7
"11715",2011-02-02,22.3519732729483,23.5
"11716",2011-02-03,22.6963718158746,23.5
"11717",2011-02-04,22.8678210835885,24.5
"11718",2011-02-05,22.459679808769,22.1
"11719",2011-02-06,21.4681055837913,19.4
"11720",2011-02-07,20.2535362568157,18.7
"11721",2011-02-08,19.7318433890073,18.9
"11722",2011-02-09,19.4089084709403,19.7
"11723",2011-02-10,19.3850146540713,20.7
"11724",2011-02-11,18.8060920706091,21.1
"11725",2011-02-12,18.9415254138725,19.4
"11726",2011-02-13,19.366589557285,18.7
"11727",2011-02-14,19.8800090133024,20.1
"11728",2011-02-15,20.4896551866355,21.7
"11729",2011-02-16,20.4527037590922,22.4
"11730",2011-02-17,20.0758888035127,22.6
"11731",2011-02-18,20.3317391404576,22.4
"11732",2011-02-19,20.6307738382443,20.7
"11733",2011-02-20,20.3259501377282,19.5
"11734",2011-02-21,19.5235558279645,18
"11735",2011-02-22,18.702576441062,18.3
"11736",2011-02-23,18.4554967707608,18.6
"11737",2011-02-24,18.5640434101751,19.5
"11738",2011-02-25,18.6783161078138,21.2
"11739",2011-02-26,19.1540561442044,21
"11740",2011-02-27,19.838031156164,21.9
"11741",2011-02-28,20.0971816130367,20.7
"11742",2011-03-01,19.6866594535202,18.3
"11743",2011-03-02,19.1802999952173,17.3
"11744",2011-03-03,18.2424174819979,16.6
"11745",2011-03-04,17.1469088999403,16.2
"11746",2011-03-05,16.3465637923109,17
"11747",2011-03-06,16.6838075984462,18.1
"11748",2011-03-07,17.7826987469932,19.3
"11749",2011-03-08,18.7836714158489,19.5
"11750",2011-03-09,19.0134310603048,19.9
"11751",2011-03-10,19.1218613650365,19
"11752",2011-03-11,19.9061728975922,19.2
"11753",2011-03-12,20.5229307071919,20.5
"11754",2011-03-13,20.1587167575234,20.6
"11755",2011-03-14,19.4411259896138,20
"11756",2011-03-15,19.2039910507788,19.4
"11757",2011-03-16,18.9879754937399,18.8
"11758",2011-03-17,18.9091320834945,18
"11759",2011-03-18,18.281257700128,17.7
"11760",2011-03-19,17.8546898856618,18.2
"11761",2011-03-20,18.3870398301296,18.9
"11762",2011-03-21,18.5349277651126,19.6
"11763",2011-03-22,18.2394281323077,18.2
"11764",2011-03-23,18.2861296819457,17.3
"11765",2011-03-24,18.2692491084256,16.9
"11766",2011-03-25,18.1583073029634,16.4
"11767",2011-03-26,17.5259672002386,16.2
"11768",2011-03-27,16.448224985818,16.6
"11769",2011-03-28,16.2943987586424,17.5
"11770",2011-03-29,16.7223032745628,17.7
"11771",2011-03-30,16.3404244176403,16.6
"11772",2011-03-31,16.010321059242,15.6
"11773",2011-04-01,15.9586590952504,15
"11774",2011-04-02,15.8119631212168,14.7
"11775",2011-04-03,15.5933798070659,14.2
"11776",2011-04-04,15.0248100645979,14.9
"11777",2011-04-05,14.6128960126949,16
"11778",2011-04-06,15.3885924798242,16.8
"11779",2011-04-07,16.252657192093,16.8
"11780",2011-04-08,17.267262268662,17.4
"11781",2011-04-09,17.3050952447925,15.8
"11782",2011-04-10,17.101365690768,14.5
"11783",2011-04-11,16.941644009279,14.4
"11784",2011-04-12,16.4081128833483,13.5
"11785",2011-04-13,15.5589141016011,13.3
"11786",2011-04-14,14.8597013803131,13.9
"11787",2011-04-15,13.8293182779541,14.9
"11788",2011-04-16,13.6954919414624,14.7
"11789",2011-04-17,13.8880436630697,14.6
"11790",2011-04-18,14.4249071902713,NA
"11791",2011-04-19,14.9116218189507,NA
"11792",2011-04-20,15.096249082939,NA
"11793",2011-04-21,15.037310550464,NA
"11794",2011-04-22,14.4774324511945,NA
"11795",2011-04-23,14.3730121392623,NA
"11796",2011-04-24,14.1915359812325,NA
"11797",2011-04-25,13.7847496163053,NA
"11798",2011-04-26,13.829202422338,NA
"11799",2011-04-27,14.1325722733296,NA
"11800",2011-04-28,14.3567169161203,NA
"11801",2011-04-29,15.2228987230286,NA
"11802",2011-04-30,15.771331638023,NA
"11803",2011-05-01,15.9197281337163,NA
"11804",2011-05-02,15.5716335479894,NA
"11805",2011-05-03,14.928228291206,NA
"11806",2011-05-04,14.5270753094693,NA
"11807",2011-05-05,13.6174280658142,NA
"11808",2011-05-06,12.4368778667107,NA
"11809",2011-05-07,11.444975603773,NA
"11810",2011-05-08,10.9622601420488,NA
"11811",2011-05-09,10.4914594361925,NA
"11812",2011-05-10,10.1825828516354,NA
"11813",2011-05-11,9.86424279795689,NA
"11814",2011-05-12,10.3192216442916,NA
"11815",2011-05-13,10.4528491436836,NA
"11816",2011-05-14,10.5459837517465,NA
"11817",2011-05-15,10.6880669878823,NA
"11818",2011-05-16,11.1178449806999,NA
"11819",2011-05-17,10.96330619988,NA
"11820",2011-05-18,11.1624170656294,NA
"11821",2011-05-19,11.2848272898359,NA
"11822",2011-05-20,11.8974726289472,NA
"11823",2011-05-21,12.9859245065675,NA
"11824",2011-05-22,13.3840760785827,NA
"11825",2011-05-23,13.3144487506372,NA
"11826",2011-05-24,13.3005118976164,NA
"11827",2011-05-25,13.014459385881,NA
"11828",2011-05-26,12.6378475949739,NA
"11829",2011-05-27,12.1107631273036,NA
"11830",2011-05-28,11.0992432732963,NA
"11831",2011-05-29,10.5498921449543,NA
"11832",2011-05-30,10.0800669009641,NA
"11833",2011-05-31,9.73671786525376,NA
"11834",2011-06-01,9.82692653448602,NA
"11835",2011-06-02,10.3434233845214,NA
"11836",2011-06-03,10.6750368071492,NA
"11837",2011-06-04,10.5531358069344,NA
"11838",2011-06-05,10.3459467413436,NA
"11839",2011-06-06,10.5277514062082,NA
"11840",2011-06-07,10.5680943045148,NA
"11841",2011-06-08,9.94790883509643,NA
"11842",2011-06-09,9.39211474382067,NA
"11843",2011-06-10,8.97269890038838,NA
"11844",2011-06-11,8.97621037122416,NA
"11845",2011-06-12,8.99778758090251,NA
"11846",2011-06-13,8.87911044521721,NA
"11847",2011-06-14,8.91422102427673,NA
"11848",2011-06-15,9.06098054187637,NA
"11849",2011-06-16,9.11191609356055,NA
"11850",2011-06-17,9.18382571643616,NA
"11851",2011-06-18,9.48190131593966,NA
"11852",2011-06-19,10.035192945378,NA
"11853",2011-06-20,10.5436497489104,NA
"11854",2011-06-21,10.6824568476764,NA
"11855",2011-06-22,11.3178975047906,NA
"11856",2011-06-23,11.5572244329611,NA
"11857",2011-06-24,11.6103482441563,NA
"11858",2011-06-25,11.3503996211265,NA
"11859",2011-06-26,10.8759583876843,NA
"11860",2011-06-27,10.3268547140688,NA
"11861",2011-06-28,10.346281674464,NA
"11862",2011-06-29,10.3938452285663,NA
"11863",2011-06-30,10.2401230903898,NA
"11864",2011-07-01,10.3884227257107,NA
"11865",2011-07-02,10.6901316418735,NA
"11866",2011-07-03,10.9614364375334,NA
"11867",2011-07-04,11.1482921963839,NA
"11868",2011-07-05,11.4068849617654,NA
"11869",2011-07-06,10.8169990030904,NA
"11870",2011-07-07,10.221195689464,NA
"11871",2011-07-08,9.7770391768527,NA
"11872",2011-07-09,9.20753280252079,NA
"11873",2011-07-10,8.84822305094276,NA
"11874",2011-07-11,9.01862921555549,NA
"11875",2011-07-12,9.05331139114529,NA
"11876",2011-07-13,8.95568517404258,NA
"11877",2011-07-14,8.93720479292804,NA
"11878",2011-07-15,8.59511064579851,NA
"11879",2011-07-16,8.71066977840004,NA
"11880",2011-07-17,8.57589545484978,NA
"11881",2011-07-18,8.45100533447077,NA
"11882",2011-07-19,8.30334314865727,NA
"11883",2011-07-20,8.45807380741919,NA
"11884",2011-07-21,8.59509102710218,NA
"11885",2011-07-22,8.6865591696725,NA
"11886",2011-07-23,8.70197763235779,NA
"11887",2011-07-24,9.20425795909108,NA
"11888",2011-07-25,9.22390752292875,NA
"11889",2011-07-26,8.97611587346055,NA
"11890",2011-07-27,8.93625655034293,NA
"11891",2011-07-28,9.25224218178064,NA
"11892",2011-07-29,10.0257499225189,9.1
"11893",2011-07-30,10.0078323502703,9.2
"11894",2011-07-31,10.2365485307741,9.2
"11895",2011-08-01,10.7541705883363,9.6
"11896",2011-08-02,11.7316921806991,10.1
"11897",2011-08-03,13.1221283663733,10.5
"11898",2011-08-04,13.4610270085512,11.2
"11899",2011-08-05,12.966704372476,11.1
"11900",2011-08-06,12.9254773032385,10.6
"11901",2011-08-07,12.3509891977573,10.6
"11902",2011-08-08,11.4249060648662,10.2
"11903",2011-08-09,10.9634020994662,9.8
"11904",2011-08-10,10.0481464731233,10.4
"11905",2011-08-11,9.49052893101901,10.8
"11906",2011-08-12,9.48754194194651,10.7
"11907",2011-08-13,9.25457731478852,10.8
"11908",2011-08-14,9.62353513388124,10.5
"11909",2011-08-15,10.3565211718659,10.6
"11910",2011-08-16,10.7177966612896,11.1
"11911",2011-08-17,10.6330331425013,11.8
"11912",2011-08-18,11.1642767282159,11.6
"11913",2011-08-19,11.7128210907155,11.8
"11914",2011-08-20,12.4072198366716,12.4
"11915",2011-08-21,12.3222451330867,12.5
"11916",2011-08-22,12.150916491292,13
"11917",2011-08-23,11.8891269222228,12.4
"11918",2011-08-24,12.2516076598724,12.2
"11919",2011-08-25,11.8424744197722,12.1
"11920",2011-08-26,11.451823488236,11.6
"11921",2011-08-27,11.0521660314477,11.6
"11922",2011-08-28,11.2673646189254,11.7
"11923",2011-08-29,10.7999266247039,11.8
"11924",2011-08-30,10.5633872258974,11.3
"11925",2011-08-31,10.0917395224463,11.4
"11926",2011-09-01,10.1775153014047,11.3
"11927",2011-09-02,10.681115333766,11.5
"11928",2011-09-03,11.6713067756754,12.2
"11929",2011-09-04,11.3953298679995,13
"11930",2011-09-05,12.1550599213852,12.7
"11931",2011-09-06,11.7947686455683,12.4
"11932",2011-09-07,11.5980400252018,11.8
"11933",2011-09-08,11.5321308372391,11.3
"11934",2011-09-09,10.967268988122,10.9
"11935",2011-09-10,10.0139432991903,10.8
"11936",2011-09-11,9.86832895465159,11
"11937",2011-09-12,9.57006499260344,10.9
"11938",2011-09-13,10.4044742001832,12
"11939",2011-09-14,10.4277732891702,12.1
"11940",2011-09-15,10.9048737718298,11.7
"11941",2011-09-16,11.4918156779321,12.7
"11942",2011-09-17,12.4955081215846,13.1
"11943",2011-09-18,13.1775792073842,13.2
"11944",2011-09-19,13.7744414141337,13.1
"11945",2011-09-20,13.6591242500304,12.6
"11946",2011-09-21,14.3924256996613,13.1
"11947",2011-09-22,14.9309998269014,14
"11948",2011-09-23,14.5173761362914,13.3
"11949",2011-09-24,13.3458122636263,13
"11950",2011-09-25,12.9212187986156,13.2
"11951",2011-09-26,13.0430414645352,13.4
"11952",2011-09-27,13.8576027857153,14.2
"11953",2011-09-28,13.7055647345866,13.7
"11954",2011-09-29,12.7532084304547,13
"11955",2011-09-30,12.6067722674907,12.4
"11956",2011-10-01,12.697843322531,12
"11957",2011-10-02,12.511371396775,12.4
"11958",2011-10-03,12.0660557070771,12.9
"11959",2011-10-04,11.9450718802096,14
"11960",2011-10-05,12.1943368014764,13.7
"11961",2011-10-06,12.9434554722382,13.7
"11962",2011-10-07,13.7502743021868,14
"11963",2011-10-08,14.4863259678547,14.3
"11964",2011-10-09,14.4519798092386,14
"11965",2011-10-10,14.3246195750336,13
"11966",2011-10-11,13.4305111314706,13
"11967",2011-10-12,12.8878315341633,13.1
"11968",2011-10-13,12.8852738771179,13.6
"11969",2011-10-14,13.4253686074205,14.9
"11970",2011-10-15,13.256417417697,14.5
"11971",2011-10-16,13.388579882331,13.7
"11972",2011-10-17,13.5881361150049,14.9
"11973",2011-10-18,14.8206764513919,15.7
"11974",2011-10-19,16.6881341724615,16.9
"11975",2011-10-20,17.1826366425597,16.7
"11976",2011-10-21,17.0059246447923,16.1
"11977",2011-10-22,17.5615800497996,16.9
"11978",2011-10-23,18.9596708090697,17.9
"11979",2011-10-24,18.7344801961349,17.7
"11980",2011-10-25,17.8292835284085,15.3
"11981",2011-10-26,16.8607187334388,16.5
"11982",2011-10-27,17.1973333112246,18
"11983",2011-10-28,17.34271293011,17.6
"11984",2011-10-29,16.7822075839991,16.8
"11985",2011-10-30,15.3959107709982,15.5
"11986",2011-10-31,15.658738256272,15.3
"11987",2011-11-01,16.0817706262637,15.2
"11988",2011-11-02,15.7614921598584,15
"11989",2011-11-03,14.6599552095505,15.5
"11990",2011-11-04,14.6805673803177,17.7
"11991",2011-11-05,16.2933243547701,19.7
"11992",2011-11-06,17.1246039966352,18.3
"11993",2011-11-07,18.4432439000476,20.1
"11994",2011-11-08,19.3287741157975,20.6
"11995",2011-11-09,19.7362373223175,NA
"11996",2011-11-10,19.8485451966535,NA
"11997",2011-11-11,19.686181697168,NA
"11998",2011-11-12,19.3668943851508,NA
"11999",2011-11-13,19.3920863783075,NA
"12000",2011-11-14,18.6336087597236,NA
"12001",2011-11-15,18.1776807944562,NA
"12002",2011-11-16,17.997288378907,NA
"12003",2011-11-17,19.0185650061378,NA
"12004",2011-11-18,19.8638079525715,NA
"12005",2011-11-19,19.1113490711715,NA
"12006",2011-11-20,18.6776508379224,NA
"12007",2011-11-21,18.622314151972,NA
"12008",2011-11-22,18.1357827762923,NA
"12009",2011-11-23,17.9129062995404,NA
"12010",2011-11-24,17.4911444935981,NA
"12011",2011-11-25,16.6397757613584,NA
"12012",2011-11-26,17.0251285186371,NA
"12013",2011-11-27,17.6446352509793,NA
"12014",2011-11-28,18.6150027822532,NA
"12015",2011-11-29,19.3875062816662,NA
"12016",2011-11-30,19.1277495140592,NA
"12017",2011-12-01,18.3755598561897,NA
"12018",2011-12-02,18.2413202663375,NA
"12019",2011-12-03,18.0247740616041,NA
"12020",2011-12-04,17.3247125428829,NA
"12021",2011-12-05,16.5200756605785,NA
"12022",2011-12-06,16.4816610658124,NA
"12023",2011-12-07,17.8371402061837,NA
"12024",2011-12-08,19.3893562201557,NA
"12025",2011-12-09,20.0642221382841,NA
"12026",2011-12-10,20.5192274892845,NA
"12027",2011-12-11,20.7551861795561,NA
"12028",2011-12-12,20.5866714299671,NA
"12029",2011-12-13,19.9859131322172,NA
"12030",2011-12-14,19.3909484046136,NA
"12031",2011-12-15,18.679908207548,NA
"12032",2011-12-16,19.0071552744836,NA
"12033",2011-12-17,19.2981277663471,NA
"12034",2011-12-18,19.6565634947021,NA
"12035",2011-12-19,19.7984908086053,NA
"12036",2011-12-20,20.2148984234672,NA
"12037",2011-12-21,20.4657538707704,NA
"12038",2011-12-22,20.7932933072592,NA
"12039",2011-12-23,20.6859393251376,23.4
"12040",2011-12-24,21.111538869416,23.5
"12041",2011-12-25,21.4463196938057,23.1
"12042",2011-12-26,21.5058219432229,21.1
"12043",2011-12-27,21.4040900833539,20
"12044",2011-12-28,21.3643738832264,20
"12045",2011-12-29,21.1635006105945,20.1
"12046",2011-12-30,21.1468485245376,21.4
"12047",2011-12-31,21.141645351577,22.6
"12048",2012-01-01,21.6729953351191,23.7
"12049",2012-01-02,22.4367252207611,24.5
"12050",2012-01-03,22.8004346884101,23.6
"12051",2012-01-04,22.7478330170008,21.4
"12052",2012-01-05,22.5648656326775,20
"12053",2012-01-06,22.4355084500196,21.1
"12054",2012-01-07,22.1722395654836,20
"12055",2012-01-08,21.1921031843588,19.6
"12056",2012-01-09,19.960744176398,18.2
"12057",2012-01-10,18.9075859236218,17.5
"12058",2012-01-11,18.4346846426939,16.3
"12059",2012-01-12,18.4900274985226,16.7
"12060",2012-01-13,17.8893349486253,NA
"12061",2012-01-14,17.1817210054931,NA
"12062",2012-01-15,17.8249457258841,NA
"12063",2012-01-16,19.1641828131756,NA
"12064",2012-01-17,20.4000652452726,NA
"12065",2012-01-18,21.0149884582524,NA
"12066",2012-01-19,21.3648283524594,NA
"12067",2012-01-20,21.7080766737785,NA
"12068",2012-01-21,22.1379175023937,NA
"12069",2012-01-22,22.4278610451998,NA
"12070",2012-01-23,22.3057246548052,NA
"12071",2012-01-24,22.2692842917102,NA
"12072",2012-01-25,22.4234229552126,NA
"12073",2012-01-26,22.457010764729,NA
"12074",2012-01-27,22.7107695943689,NA
"12075",2012-01-28,22.8716069015539,NA
"12076",2012-01-29,22.8429386575227,NA
"12077",2012-01-30,22.5027929614434,NA
"12078",2012-01-31,21.853492954429,NA
"12079",2012-02-01,21.5365125880177,NA
"12080",2012-02-02,21.4960452243931,NA
"12081",2012-02-03,21.1233534543371,NA
"12082",2012-02-04,21.0355854366474,NA
"12083",2012-02-05,19.9654899088039,NA
"12084",2012-02-06,19.8719167596212,NA
"12085",2012-02-07,19.7518689603149,NA
"12086",2012-02-08,19.4326632783659,NA
"12087",2012-02-09,18.9106197138781,NA
"12088",2012-02-10,18.4516960428141,NA
"12089",2012-02-11,17.2355407968317,NA
"12090",2012-02-12,17.7739839669962,NA
"12091",2012-02-13,18.2617074252288,NA
"12092",2012-02-14,19.3795333705522,NA
"12093",2012-02-15,20.2563874871189,NA
"12094",2012-02-16,20.6423403278448,NA
"12095",2012-02-17,20.9149398639911,NA
"12096",2012-02-18,21.4960873644311,NA
"12097",2012-02-19,21.8903946971958,NA
"12098",2012-02-20,21.8848131222786,NA
"12099",2012-02-21,21.5393128507031,NA
"12100",2012-02-22,21.3175225634285,NA
"12101",2012-02-23,21.4547469615059,NA
"12102",2012-02-24,21.9676194676271,NA
"12103",2012-02-25,22.2982955690621,NA
"12104",2012-02-26,22.4409846729662,NA
"12105",2012-02-27,22.5084127421248,NA
"12106",2012-02-28,22.5105497393211,NA
"12107",2012-02-29,22.3130886045768,NA
"12108",2012-03-01,21.9749438593162,NA
"12109",2012-03-02,21.1387418005284,NA
"12110",2012-03-03,19.9202972368159,NA
"12111",2012-03-04,18.8697747682514,NA
"12112",2012-03-05,18.2332336808548,NA
"12113",2012-03-06,17.8408614035513,NA
"12114",2012-03-07,17.8512109287004,NA
"12115",2012-03-08,17.9813808752039,NA
"12116",2012-03-09,18.1106508439036,NA
"12117",2012-03-10,17.927217388724,NA
"12118",2012-03-11,17.8569062041684,NA
"12119",2012-03-12,18.0869154784358,NA
"12120",2012-03-13,18.912188533267,NA
"12121",2012-03-14,19.7231357086298,NA
"12122",2012-03-15,20.0342835224749,NA
"12123",2012-03-16,19.7276818890918,NA
"12124",2012-03-17,19.8551980075917,NA
"12125",2012-03-18,20.0564830283261,NA
"12126",2012-03-19,20.3617372052547,NA
"12127",2012-03-20,20.3007241611983,NA
"12128",2012-03-21,19.0308565243661,NA
"12129",2012-03-22,18.2016792502215,NA
"12130",2012-03-23,17.9266144240392,NA
"12131",2012-03-24,17.6650953210801,NA
"12132",2012-03-25,17.0223206123386,NA
"12133",2012-03-26,16.3176277605787,NA
"12134",2012-03-27,15.3456567650171,NA
"12135",2012-03-28,16.0681644318261,NA
"12136",2012-03-29,16.8334682333625,NA
"12137",2012-03-30,18.0290373679317,NA
"12138",2012-03-31,18.2987276510545,NA
"12139",2012-04-01,18.4148804243727,NA
"12140",2012-04-02,19.0225448852204,NA
"12141",2012-04-03,19.3034047524438,NA
"12142",2012-04-04,19.3954498866731,NA
"12143",2012-04-05,19.6407431675483,NA
"12144",2012-04-06,18.9541005846913,NA
"12145",2012-04-07,18.6156551303029,NA
"12146",2012-04-08,18.5250521518198,NA
"12147",2012-04-09,17.1773480958572,NA
"12148",2012-04-10,16.2911038183918,NA
"12149",2012-04-11,15.3889365873852,NA
"12150",2012-04-12,14.1101242231741,NA
"12151",2012-04-13,14.0444617375915,NA
"12152",2012-04-14,14.4940965968348,NA
"12153",2012-04-15,15.0668835513256,NA
"12154",2012-04-16,15.7370653534934,NA
"12155",2012-04-17,16.4881688356202,NA
"12156",2012-04-18,17.298674151861,NA
"12157",2012-04-19,17.7842811838831,NA
"12158",2012-04-20,18.0279586254518,NA
"12159",2012-04-21,18.27649441833,NA
"12160",2012-04-22,17.8811110483039,NA
"12161",2012-04-23,17.1528315300499,NA
"12162",2012-04-24,16.0558393281948,NA
"12163",2012-04-25,15.2048941118797,NA
"12164",2012-04-26,14.5303682682935,NA
"12165",2012-04-27,13.6470817387527,NA
"12166",2012-04-28,12.830099776512,NA
"12167",2012-04-29,12.1226950284735,NA
"12168",2012-04-30,12.6059117520234,NA
"12169",2012-05-01,13.4635282848159,NA
"12170",2012-05-02,12.937284412953,NA
"12171",2012-05-03,12.6330160762765,NA
"12172",2012-05-04,12.5008439357264,NA
"12173",2012-05-05,11.8359016179792,NA
"12174",2012-05-06,12.1389029381132,NA
"12175",2012-05-07,12.3695894624906,NA
"12176",2012-05-08,12.8570097252721,NA
"12177",2012-05-09,13.4209038004834,NA
"12178",2012-05-10,13.8331514514382,NA
"12179",2012-05-11,13.6229627893518,NA
"12180",2012-05-12,13.8164110844717,NA
"12181",2012-05-13,13.5063327567971,NA
"12182",2012-05-14,12.9410287167928,NA
"12183",2012-05-15,11.7542529782812,NA
"12184",2012-05-16,11.1777988129577,NA
"12185",2012-05-17,11.1325440290182,NA
"12186",2012-05-18,11.5902390013144,NA
"12187",2012-05-19,11.2512158826726,NA
"12188",2012-05-20,10.8857074002035,NA
"12189",2012-05-21,11.0797203635497,NA
"12190",2012-05-22,11.6117676273436,NA
"12191",2012-05-23,12.3728667027247,NA
"12192",2012-05-24,11.8929942624256,NA
"12193",2012-05-25,11.5661514571866,NA
"12194",2012-05-26,11.9013962610277,NA
"12195",2012-05-27,12.399711609142,NA
"12196",2012-05-28,12.20764962844,NA
"12197",2012-05-29,11.8135618103065,NA
"12198",2012-05-30,11.1505077763593,NA
"12199",2012-05-31,11.0411262476226,NA
"12200",2012-06-01,10.7652082819555,NA
"12201",2012-06-02,10.5337793954428,NA
"12202",2012-06-03,9.81962569685742,NA
"12203",2012-06-04,9.89211913364785,NA
"12204",2012-06-05,9.46392749732283,NA
"12205",2012-06-06,9.14312988895494,NA
"12206",2012-06-07,8.87734466603898,NA
"12207",2012-06-08,8.84571777628365,NA
"12208",2012-06-09,8.82190329112801,NA
"12209",2012-06-10,8.96786448842768,NA
"12210",2012-06-11,8.38310459455953,NA
"12211",2012-06-12,8.67180209047076,NA
"12212",2012-06-13,9.38830674756739,NA
"12213",2012-06-14,9.84048347186972,NA
"12214",2012-06-15,10.0224966326234,NA
"12215",2012-06-16,10.3294294807941,NA
"12216",2012-06-17,10.7830839883821,NA
"12217",2012-06-18,11.2083154733614,NA
"12218",2012-06-19,10.9034306631343,NA
"12219",2012-06-20,10.8748342526869,NA
"12220",2012-06-21,10.5697473524079,NA
"12221",2012-06-22,9.95042196076414,NA
"12222",2012-06-23,9.65643949244637,NA
"12223",2012-06-24,9.78534745400873,NA
"12224",2012-06-25,9.58338905189705,NA
"12225",2012-06-26,9.26333337559583,NA
"12226",2012-06-27,8.09925325950259,NA
"12227",2012-06-28,8.29713774198766,NA
"12228",2012-06-29,8.72272166421535,NA
"12229",2012-06-30,8.44720427545846,NA
"12230",2012-07-01,7.93621020696463,NA
"12231",2012-07-02,8.03323003775415,NA
"12232",2012-07-03,8.52683051584939,NA
"12233",2012-07-04,8.93632596162342,NA
"12234",2012-07-05,8.54013823810006,NA
"12235",2012-07-06,7.98508692666833,NA
"12236",2012-07-07,7.84822554433652,NA
"12237",2012-07-08,8.12137012419744,NA
"12238",2012-07-09,8.2978814720137,NA
"12239",2012-07-10,8.49417525875633,NA
"12240",2012-07-11,8.95356994235933,NA
"12241",2012-07-12,9.37701268355639,NA
"12242",2012-07-13,10.0585330969288,NA
"12243",2012-07-14,10.1848430156383,NA
"12244",2012-07-15,10.4958914878331,NA
"12245",2012-07-16,10.654138575207,NA
"12246",2012-07-17,10.6439400260795,NA
"12247",2012-07-18,10.0507274752437,NA
"12248",2012-07-19,10.1006080550447,NA
"12249",2012-07-20,10.1323851220496,NA
"12250",2012-07-21,10.6062636398261,NA
"12251",2012-07-22,10.420743540754,NA
"12252",2012-07-23,10.0813379307442,NA
"12253",2012-07-24,10.0764464808056,NA
"12254",2012-07-25,10.7288683379974,NA
"12255",2012-07-26,10.6802782558005,NA
"12256",2012-07-27,10.626062212796,NA
"12257",2012-07-28,10.4432196193521,NA
"12258",2012-07-29,10.0216469893536,NA
"12259",2012-07-30,9.86065800225972,NA
"12260",2012-07-31,9.18750383177499,NA
"12261",2012-08-01,8.68597413708573,NA
"12262",2012-08-02,8.60396375076212,NA
"12263",2012-08-03,8.78932346372169,NA
"12264",2012-08-04,9.00644948870981,NA
"12265",2012-08-05,9.12015159986639,NA
"12266",2012-08-06,8.93687436980489,NA
"12267",2012-08-07,9.7874358612086,NA
"12268",2012-08-08,10.1294132914291,NA
"12269",2012-08-09,10.0705819847343,NA
"12270",2012-08-10,9.9230797405748,NA
"12271",2012-08-11,9.75122439815194,NA
"12272",2012-08-12,9.66968452046995,NA
"12273",2012-08-13,10.3228131581269,NA
"12274",2012-08-14,9.75728599799744,NA
"12275",2012-08-15,9.62047012520982,NA
"12276",2012-08-16,9.67905766163743,NA
"12277",2012-08-17,9.42477791152685,NA
"12278",2012-08-18,9.26803667379571,NA
"12279",2012-08-19,9.43727749860501,NA
"12280",2012-08-20,9.25163203969825,NA
"12281",2012-08-21,9.42527302306481,NA
"12282",2012-08-22,10.0210461778816,NA
"12283",2012-08-23,9.80567407029345,NA
"12284",2012-08-24,9.76501155797519,NA
"12285",2012-08-25,9.96598227728264,NA
"12286",2012-08-26,9.8533834984765,NA
"12287",2012-08-27,9.79222623671182,NA
"12288",2012-08-28,10.6137979144317,NA
"12289",2012-08-29,10.1435191779192,NA
"12290",2012-08-30,10.135724593545,NA
"12291",2012-08-31,10.4889662502927,NA
"12292",2012-09-01,10.2633318300671,NA
"12293",2012-09-02,10.7570767110742,NA
"12294",2012-09-03,11.284808299392,NA
"12295",2012-09-04,11.7773959273403,NA
"12296",2012-09-05,12.2531416306386,NA
"12297",2012-09-06,12.6535598847168,NA
"12298",2012-09-07,12.7708767857578,NA
"12299",2012-09-08,13.1038085989727,NA
"12300",2012-09-09,12.7682576532851,NA
"12301",2012-09-10,12.3278141630061,NA
"12302",2012-09-11,11.6454370462224,NA
"12303",2012-09-12,11.4566857285954,NA
"12304",2012-09-13,11.2211874584241,NA
"12305",2012-09-14,11.2860004723929,NA
"12306",2012-09-15,11.3453437375182,NA
"12307",2012-09-16,11.6278513284447,NA
"12308",2012-09-17,11.6230778332263,NA
"12309",2012-09-18,11.1449789468972,NA
"12310",2012-09-19,11.3688301563103,NA
"12311",2012-09-20,12.3644088867226,NA
"12312",2012-09-21,12.4307156700008,NA
"12313",2012-09-22,13.0771007453388,NA
"12314",2012-09-23,12.894331927914,NA
"12315",2012-09-24,12.5816686419046,NA
"12316",2012-09-25,12.7594824470579,NA
"12317",2012-09-26,13.2349304505943,NA
"12318",2012-09-27,13.591341507184,NA
"12319",2012-09-28,13.2059751796487,NA
"12320",2012-09-29,12.1593552520469,NA
"12321",2012-09-30,12.2399427711899,NA
"12322",2012-10-01,12.6658342063374,NA
"12323",2012-10-02,12.8983744982669,NA
"12324",2012-10-03,13.0783734553159,NA
"12325",2012-10-04,12.8721283796312,NA
"12326",2012-10-05,13.4381760315793,NA
"12327",2012-10-06,13.3946555978763,NA
"12328",2012-10-07,13.393694957083,NA
"12329",2012-10-08,13.1240368407654,NA
"12330",2012-10-09,12.6670841672184,NA
"12331",2012-10-10,11.0643851443639,NA
"12332",2012-10-11,9.98212332234783,NA
"12333",2012-10-12,9.68787213767693,NA
"12334",2012-10-13,10.0989162546303,NA
"12335",2012-10-14,11.3571865817708,NA
"12336",2012-10-15,12.5030874351971,NA
"12337",2012-10-16,12.6419429542435,NA
"12338",2012-10-17,13.4414004606032,NA
"12339",2012-10-18,14.5052518021404,NA
"12340",2012-10-19,15.4107582768675,NA
"12341",2012-10-20,15.9772300603231,NA
"12342",2012-10-21,14.9463018922185,NA
"12343",2012-10-22,14.5989136832944,NA
"12344",2012-10-23,15.6868032563913,NA
"12345",2012-10-24,16.7108659619374,NA
"12346",2012-10-25,16.0700577748904,NA
"12347",2012-10-26,15.2212649920984,NA
"12348",2012-10-27,14.7554662212504,NA
"12349",2012-10-28,15.1602945389119,NA
"12350",2012-10-29,15.7388762470305,NA
"12351",2012-10-30,16.4526018309826,NA
"12352",2012-10-31,16.3365154184716,NA
"12353",2012-11-01,16.2762565768457,NA
"12354",2012-11-02,16.5870600604182,NA
"12355",2012-11-03,17.2998421937396,NA
"12356",2012-11-04,18.5587942628998,NA
"12357",2012-11-05,18.704208728023,NA
"12358",2012-11-06,17.8727843848277,NA
"12359",2012-11-07,17.5788186360444,NA
"12360",2012-11-08,17.915788162163,NA
"12361",2012-11-09,17.7060954553479,NA
"12362",2012-11-10,17.50788512357,NA
"12363",2012-11-11,17.3473096201313,NA
"12364",2012-11-12,16.5941669746302,NA
"12365",2012-11-13,16.2439212587003,NA
"12366",2012-11-14,16.174733660428,NA
"12367",2012-11-15,16.0701670207567,NA
"12368",2012-11-16,16.3384529635503,NA
"12369",2012-11-17,16.17890983777,NA
"12370",2012-11-18,14.878526784152,NA
"12371",2012-11-19,15.6185706913287,NA
"12372",2012-11-20,16.8404477829348,NA
"12373",2012-11-21,16.6098756995149,NA
"12374",2012-11-22,17.1342886004881,NA
"12375",2012-11-23,18.2236096091126,NA
"12376",2012-11-24,19.307671594255,NA
"12377",2012-11-25,20.0456484868918,NA
"12378",2012-11-26,20.0872132483363,NA
"12379",2012-11-27,19.9203367781537,NA
"12380",2012-11-28,21.112444128653,NA
"12381",2012-11-29,21.9924488814844,NA
"12382",2012-11-30,21.9825132961482,NA
"12383",2012-12-01,21.5404222325227,NA
"12384",2012-12-02,21.1069081025361,NA
"12385",2012-12-03,20.6541679084614,NA
"12386",2012-12-04,19.9834169081679,NA
"12387",2012-12-05,18.5894446187545,NA
"12388",2012-12-06,17.3733562691518,NA
"12389",2012-12-07,17.703257918129,NA
"12390",2012-12-08,18.1231814876856,NA
"12391",2012-12-09,18.1297740071652,NA
"12392",2012-12-10,18.6595148371142,NA
"12393",2012-12-11,19.8025557725844,NA
"12394",2012-12-12,21.1404860362811,NA
"12395",2012-12-13,21.6107982633579,NA
"12396",2012-12-14,21.2715754650456,NA
"12397",2012-12-15,21.1282747182972,NA
"12398",2012-12-16,21.036762788517,NA
"12399",2012-12-17,20.9511852480283,NA
"12400",2012-12-18,20.8467563870984,NA
"12401",2012-12-19,19.977155721905,NA
"12402",2012-12-20,19.0313994280731,NA
"12403",2012-12-21,18.9369965844061,NA
"12404",2012-12-22,19.6637005975174,NA
"12405",2012-12-23,21.1359361869606,NA
"12406",2012-12-24,21.1369894112747,NA
"12407",2012-12-25,20.5697385012636,NA
"12408",2012-12-26,20.5799771333661,NA
"12409",2012-12-27,20.9022603856043,NA
"12410",2012-12-28,20.7600772100211,NA
"12411",2012-12-29,20.106321604647,NA
"12412",2012-12-30,18.9978797456077,NA
"12413",2012-12-31,19.425069878919,NA
"12414",2013-01-01,19.7879727394022,NA
"12415",2013-01-02,20.0908044777813,NA
"12416",2013-01-03,21.0146340082081,NA
"12417",2013-01-04,21.9530198845536,NA
"12418",2013-01-05,22.2760313482508,NA
"12419",2013-01-06,22.4894032058528,NA
"12420",2013-01-07,22.737469904573,NA
"12421",2013-01-08,22.7063911660372,NA
"12422",2013-01-09,22.4103474928707,NA
"12423",2013-01-10,22.0619306407442,NA
"12424",2013-01-11,21.6738393299937,NA
"12425",2013-01-12,21.3125481161987,NA
"12426",2013-01-13,20.5389634455036,NA
"12427",2013-01-14,19.696370413131,NA
"12428",2013-01-15,20.0136888882685,NA
"12429",2013-01-16,20.9590615425287,NA
"12430",2013-01-17,21.5201588068978,NA
"12431",2013-01-18,21.1245728837227,NA
"12432",2013-01-19,21.1085901415898,NA
"12433",2013-01-20,21.6225111230622,NA
"12434",2013-01-21,21.8303121609564,NA
"12435",2013-01-22,21.6274210716455,NA
"12436",2013-01-23,21.1707016855624,NA
"12437",2013-01-24,20.894481719303,NA
"12438",2013-01-25,20.7515586451342,NA
"12439",2013-01-26,20.6538219087783,NA
"12440",2013-01-27,20.5199696191535,NA
"12441",2013-01-28,20.0735708070429,NA
"12442",2013-01-29,19.6967332522045,NA
"12443",2013-01-30,19.6206009559638,NA
"12444",2013-01-31,17.9844307227366,NA
"12445",2013-02-01,17.5475724182172,NA
"12446",2013-02-02,17.6096710341831,NA
"12447",2013-02-03,17.4464690401203,NA
"12448",2013-02-04,17.7375587210553,NA
"12449",2013-02-05,18.5826333210033,NA
"12450",2013-02-06,19.351348737773,NA
"12451",2013-02-07,20.1459064415631,NA
"12452",2013-02-08,20.7912221235757,NA
"12453",2013-02-09,20.9944556227157,NA
"12454",2013-02-10,20.9180000293406,NA
"12455",2013-02-11,21.0059188822134,NA
"12456",2013-02-12,20.944394144196,NA
"12457",2013-02-13,20.9435701804375,NA
"12458",2013-02-14,21.2622808595246,NA
"12459",2013-02-15,21.5153813657011,NA
"12460",2013-02-16,21.9279205289783,NA
"12461",2013-02-17,22.5172286322106,NA
"12462",2013-02-18,22.8199532728343,NA
"12463",2013-02-19,22.6684299970211,NA
"12464",2013-02-20,22.4308620675549,NA
"12465",2013-02-21,22.3991414180642,NA
"12466",2013-02-22,22.4327493906974,NA
"12467",2013-02-23,22.3974026698914,NA
"12468",2013-02-24,22.3530628156767,NA
"12469",2013-02-25,22.1076990272734,NA
"12470",2013-02-26,22.4743546243728,NA
"12471",2013-02-27,22.2378312639071,NA
"12472",2013-02-28,21.6703788070736,NA
"12473",2013-03-01,21.1657124311684,NA
"12474",2013-03-02,20.7833417262053,NA
"12475",2013-03-03,20.3840705864562,NA
"12476",2013-03-04,20.4850960014736,NA
"12477",2013-03-05,20.5372659659208,NA
"12478",2013-03-06,21.4635347092996,NA
"12479",2013-03-07,22.2492030009993,NA
"12480",2013-03-08,22.7097035199757,NA
"12481",2013-03-09,22.9203596725166,NA
"12482",2013-03-10,23.0312377929498,NA
"12483",2013-03-11,23.1032335571741,NA
"12484",2013-03-12,23.1347639121629,NA
"12485",2013-03-13,22.9945585368973,NA
"12486",2013-03-14,22.6988415250641,NA
"12487",2013-03-15,22.2962096401884,NA
"12488",2013-03-16,21.4327359287029,NA
"12489",2013-03-17,20.2167320851593,NA
"12490",2013-03-18,18.8339535609371,NA
"12491",2013-03-19,17.4803478220459,NA
"12492",2013-03-20,18.3043386263924,NA
"12493",2013-03-21,18.1105187330352,NA
"12494",2013-03-22,17.6019023722751,NA
"12495",2013-03-23,18.1042568573167,NA
"12496",2013-03-24,18.5722574932201,NA
"12497",2013-03-25,18.7184319844924,NA
"12498",2013-03-26,19.6519685687502,NA
"12499",2013-03-27,19.024552027741,NA
"12500",2013-03-28,18.5381504744209,NA
"12501",2013-03-29,18.6038921620802,NA
"12502",2013-03-30,18.4120207863831,NA
"12503",2013-03-31,18.1101879238393,NA
"12504",2013-04-01,17.9997361086446,NA
"12505",2013-04-02,16.422179684103,NA
"12506",2013-04-03,15.6863334855466,NA
"12507",2013-04-04,16.143176326815,NA
"12508",2013-04-05,16.6763023516083,NA
"12509",2013-04-06,17.3261523757905,NA
"12510",2013-04-07,17.8766375666647,NA
"12511",2013-04-08,18.021895623882,NA
"12512",2013-04-09,18.3843613091745,NA
"12513",2013-04-10,19.0164024505336,NA
"12514",2013-04-11,19.2800400444023,NA
"12515",2013-04-12,19.5492714098431,NA
"12516",2013-04-13,19.2034313068899,NA
"12517",2013-04-14,18.7416118337283,NA
"12518",2013-04-15,18.130402188376,NA
"12519",2013-04-16,17.5796605928343,NA
"12520",2013-04-17,16.7643789251958,NA
"12521",2013-04-18,15.9613522862479,NA
"12522",2013-04-19,14.2493620412089,NA
"12523",2013-04-20,13.290188175726,NA
"12524",2013-04-21,12.924406414655,NA
"12525",2013-04-22,13.2273213694677,NA
"12526",2013-04-23,13.329222878351,NA
"12527",2013-04-24,13.3836833217747,NA
"12528",2013-04-25,13.9525065259035,NA
"12529",2013-04-26,14.7115118512279,NA
"12530",2013-04-27,15.9725022550594,NA
"12531",2013-04-28,16.0545065211535,NA
"12532",2013-04-29,15.7004431273152,NA
"12533",2013-04-30,15.6094402075219,NA
"12534",2013-05-01,15.0866814950632,NA
"12535",2013-05-02,14.3466704353717,NA
"12536",2013-05-03,14.2101356181067,NA
"12537",2013-05-04,12.4222766069023,NA
"12538",2013-05-05,11.9552847001279,NA
"12539",2013-05-06,12.0245679854762,NA
"12540",2013-05-07,12.235131165339,NA
"12541",2013-05-08,13.3401371797707,NA
"12542",2013-05-09,14.2839268966928,NA
"12543",2013-05-10,14.5909807433341,NA
"12544",2013-05-11,15.9362429495278,NA
"12545",2013-05-12,16.2082128091887,NA
"12546",2013-05-13,15.7709001273573,NA
"12547",2013-05-14,15.2636964328144,NA
"12548",2013-05-15,14.4297078224777,NA
"12549",2013-05-16,13.4031763471818,NA
"12550",2013-05-17,12.3631118806135,NA
"12551",2013-05-18,10.9543206583771,NA
"12552",2013-05-19,10.8633188286473,NA
"12553",2013-05-20,10.799830082827,NA
"12554",2013-05-21,10.8900312596202,NA
"12555",2013-05-22,10.6997906443416,NA
"12556",2013-05-23,10.4773763047967,NA
"12557",2013-05-24,10.567782938193,NA
"12558",2013-05-25,10.9291047933969,NA
"12559",2013-05-26,10.8941941324671,NA
"12560",2013-05-27,10.9942108688964,NA
"12561",2013-05-28,10.7657262469026,NA
"12562",2013-05-29,11.3043120727718,NA
"12563",2013-05-30,11.9946712942612,NA
"12564",2013-05-31,12.4861904012406,NA
"12565",2013-06-01,12.5809986623805,NA
"12566",2013-06-02,12.5638906818254,NA
"12567",2013-06-03,12.9927044386329,NA
"12568",2013-06-04,13.3309990589491,NA
"12569",2013-06-05,13.05475515492,NA
"12570",2013-06-06,13.0098945717774,NA
"12571",2013-06-07,12.0783793993883,NA
"12572",2013-06-08,11.5783765384337,NA
"12573",2013-06-09,11.2008956339473,NA
"12574",2013-06-10,11.1824905809873,NA
"12575",2013-06-11,11.2777354317741,NA
"12576",2013-06-12,11.320875398455,NA
"12577",2013-06-13,11.1176337506959,NA
"12578",2013-06-14,11.3673108784597,NA
"12579",2013-06-15,11.1190708777176,NA
"12580",2013-06-16,10.8637400872601,NA
"12581",2013-06-17,10.1044520552044,NA
"12582",2013-06-18,9.31828635109674,NA
"12583",2013-06-19,8.40816261050881,NA
"12584",2013-06-20,7.71813852419601,NA
"12585",2013-06-21,7.73334364137192,NA
"12586",2013-06-22,7.97716367944429,NA
"12587",2013-06-23,7.96001051643123,NA
"12588",2013-06-24,7.9848489844222,NA
"12589",2013-06-25,7.90761757877242,NA
"12590",2013-06-26,8.1521341668222,NA
"12591",2013-06-27,8.20902710218431,NA
"12592",2013-06-28,8.1707923112967,NA
"12593",2013-06-29,8.26366751737052,NA
"12594",2013-06-30,9.05353325890864,NA
"12595",2013-07-01,9.92554884204562,NA
"12596",2013-07-02,10.6147630926792,NA
"12597",2013-07-03,11.1660998949748,NA
"12598",2013-07-04,11.5390889635983,NA
"12599",2013-07-05,11.4686313072578,NA
"12600",2013-07-06,11.2189173982161,NA
"12601",2013-07-07,10.3179219382482,NA
"12602",2013-07-08,9.18056855248903,NA
"12603",2013-07-09,8.20743053818553,NA
"12604",2013-07-10,7.47780524206728,NA
"12605",2013-07-11,7.22615663256859,NA
"12606",2013-07-12,7.63545610688067,NA
"12607",2013-07-13,8.44817547953131,NA
"12608",2013-07-14,9.27038359050418,13
"12609",2013-07-15,10.1839402584897,9.8
"12610",2013-07-16,11.2541209090734,NA
"12611",2013-07-17,12.3366641670676,NA
"12612",2013-07-18,13.2189446688418,NA
"12613",2013-07-19,12.8002632617748,11.4
"12614",2013-07-20,11.6985209845418,6.4
"12615",2013-07-21,10.9284670266936,7.8
"12616",2013-07-22,10.3004205348222,7.5
"12617",2013-07-23,10.026428487578,7.9
"12618",2013-07-24,8.98343511581794,8.3
"12619",2013-07-25,8.18247122847618,8
"12620",2013-07-26,8.39417181758404,8.2
"12621",2013-07-27,9.27995808452187,8.8
"12622",2013-07-28,9.89340542692082,8.9
"12623",2013-07-29,10.2936405596393,8.9
"12624",2013-07-30,10.1842678687978,9.3
"12625",2013-07-31,10.5701722560401,9.7
"12626",2013-08-01,10.7045665643679,9.8
"12627",2013-08-02,10.3859292642185,9.1
"12628",2013-08-03,9.99947093023623,8.9
"12629",2013-08-04,10.0587136216405,9.4
"12630",2013-08-05,10.5089441981491,10.6
"12631",2013-08-06,10.3911385032541,10.7
"12632",2013-08-07,10.0874457966156,10.1
"12633",2013-08-08,10.1121830338951,9.1
"12634",2013-08-09,10.4034109221437,9.8
"12635",2013-08-10,10.4368307397058,10.1
"12636",2013-08-11,10.6291820112692,10.4
"12637",2013-08-12,10.0872571804511,10.9
"12638",2013-08-13,10.6232527580059,10.8
"12639",2013-08-14,10.7283151093708,10.6
"12640",2013-08-15,10.6496473289218,10.1
"12641",2013-08-16,10.7153174286175,9.8
"12642",2013-08-17,10.9054020315585,10.1
"12643",2013-08-18,10.3124869225229,10.1
"12644",2013-08-19,9.67084136407863,9.6
"12645",2013-08-20,8.9175220625095,9.1
"12646",2013-08-21,9.24559788309937,9.4
"12647",2013-08-22,9.54102212990843,9.8
"12648",2013-08-23,9.71211707499815,10.5
"12649",2013-08-24,9.86986582117301,11.2
"12650",2013-08-25,10.2810713645659,11.7
"12651",2013-08-26,11.2299919951055,12.1
"12652",2013-08-27,12.4407926146482,12.8
"12653",2013-08-28,13.1994949280288,13.7
"12654",2013-08-29,13.6108113632345,14.1
"12655",2013-08-30,13.6425312923754,14
"12656",2013-08-31,14.2870450955935,14.1
"12657",2013-09-01,14.9624715744635,14.6
"12658",2013-09-02,15.5285583355759,15.1
"12659",2013-09-03,15.9292837720084,15.6
"12660",2013-09-04,16.5776579949105,16.3
"12661",2013-09-05,16.2988222046323,16.2
"12662",2013-09-06,16.0286650946432,15
"12663",2013-09-07,15.2901879838088,14.7
"12664",2013-09-08,15.078926221748,14.3
"12665",2013-09-09,15.0068822442793,14.1
"12666",2013-09-10,13.9537518871174,13.9
"12667",2013-09-11,12.465062761573,13.4
"12668",2013-09-12,12.1443724686329,13.3
"12669",2013-09-13,12.0287038934286,11.9
"12670",2013-09-14,12.222625411989,12.1
"12671",2013-09-15,12.3021092579328,13
"12672",2013-09-16,12.1212346980443,13.3
"12673",2013-09-17,12.4285083474308,13.3
"12674",2013-09-18,12.365194663373,13.3
"12675",2013-09-19,12.5595044858914,12.7
"12676",2013-09-20,12.6633711996957,13.1
"12677",2013-09-21,12.854015146936,13.2
"12678",2013-09-22,12.7692804893815,14
"12679",2013-09-23,12.9667466114431,14.6
"12680",2013-09-24,13.5252616919011,15.1
"12681",2013-09-25,14.3017083409919,15.7
"12682",2013-09-26,14.0187616839976,15
"12683",2013-09-27,14.4620147198174,14.5
"12684",2013-09-28,14.016851130242,14.5
"12685",2013-09-29,14.3875398610391,14.7
"12686",2013-09-30,14.5572624714598,14.9
"12687",2013-10-01,13.6525875724585,14.6
"12688",2013-10-02,12.9821431959879,NA
"12689",2013-10-03,12.9092788838135,NA
"12690",2013-10-04,13.1852031890195,NA
"12691",2013-10-05,13.9134757550002,NA
"12692",2013-10-06,12.8847243149876,NA
"12693",2013-10-07,12.3094039357477,NA
"12694",2013-10-08,13.0217372781923,NA
"12695",2013-10-09,14.5389458868319,NA
"12696",2013-10-10,14.8084864123016,NA
"12697",2013-10-11,14.4614575469245,NA
"12698",2013-10-12,14.5597334494428,NA
"12699",2013-10-13,14.4410674294551,NA
"12700",2013-10-14,14.0201377203558,NA
"12701",2013-10-15,13.8097200266704,NA
"12702",2013-10-16,13.3255689248431,NA
"12703",2013-10-17,13.0280610499265,NA
"12704",2013-10-18,13.4022540302348,NA
"12705",2013-10-19,13.8631143525636,NA
"12706",2013-10-20,15.5065996132102,NA
"12707",2013-10-21,16.3566755988395,NA
"12708",2013-10-22,16.421143247903,NA
"12709",2013-10-23,15.5001890359555,NA
"12710",2013-10-24,15.4724829031028,NA
"12711",2013-10-25,14.9762863025571,NA
"12712",2013-10-26,13.8597370528167,NA
"12713",2013-10-27,12.7007191233024,NA
"12714",2013-10-28,12.4325416003933,NA
"12715",2013-10-29,12.2489508154871,NA
"12716",2013-10-30,12.6662314864692,NA
"12717",2013-10-31,13.2873655241858,NA
"12718",2013-11-01,14.1102677388625,NA
"12719",2013-11-02,15.1486867294693,NA
"12720",2013-11-03,14.9325661822315,NA
"12721",2013-11-04,14.7549432860457,NA
"12722",2013-11-05,15.4717192506792,NA
"12723",2013-11-06,16.7485062389143,NA
"12724",2013-11-07,17.2232398749672,NA
"12725",2013-11-08,16.3697046012784,NA
"12726",2013-11-09,15.2613153392913,NA
"12727",2013-11-10,15.3954299568855,NA
"12728",2013-11-11,15.5432494564292,NA
"12729",2013-11-12,14.7971137937933,NA
"12730",2013-11-13,13.3882513767615,NA
"12731",2013-11-14,12.893339567098,NA
"12732",2013-11-15,13.3499912329102,NA
"12733",2013-11-16,13.9078362520784,NA
"12734",2013-11-17,14.5522939541529,NA
"12735",2013-11-18,15.6174763759768,NA
"12736",2013-11-19,16.4742731283311,NA
"12737",2013-11-20,16.4730205660257,NA
"12738",2013-11-21,16.4799173301708,NA
"12739",2013-11-22,16.5918437308494,NA
"12740",2013-11-23,16.5129899550356,NA
"12741",2013-11-24,16.0455711622289,NA
"12742",2013-11-25,15.7028186764842,NA
"12743",2013-11-26,16.2012850111301,NA
"12744",2013-11-27,17.7691889832722,NA
"12745",2013-11-28,17.7378665384968,NA
"12746",2013-11-29,17.6748559750086,NA
"12747",2013-11-30,18.263261180626,NA
"12748",2013-12-01,19.3504417235911,NA
"12749",2013-12-02,19.8627761046204,NA
"12750",2013-12-03,19.8433193695732,NA
"12751",2013-12-04,18.5862437342398,NA
"12752",2013-12-05,18.4195571081025,NA
"12753",2013-12-06,18.5655676088805,NA
"12754",2013-12-07,19.0037383459657,NA
"12755",2013-12-08,18.8814072500082,NA
"12756",2013-12-09,17.8233662316825,NA
"12757",2013-12-10,16.9684391654744,NA
"12758",2013-12-11,17.2068324448159,NA
"12759",2013-12-12,17.9854377738798,NA
"12760",2013-12-13,18.1764965229272,NA
"12761",2013-12-14,17.3952710733431,NA
"12762",2013-12-15,16.9087290048378,NA
"12763",2013-12-16,17.5387049941172,NA
"12764",2013-12-17,18.3719343887247,NA
"12765",2013-12-18,19.7475017825227,NA
"12766",2013-12-19,21.0079248514563,NA
"12767",2013-12-20,21.5348436541203,NA
"12768",2013-12-21,21.8913467399139,NA
"12769",2013-12-22,21.9368233706037,NA
"12770",2013-12-23,21.5882647391867,NA
"12771",2013-12-24,21.3016716274731,NA
"12772",2013-12-25,20.9830183840154,NA
"12773",2013-12-26,19.7953891500716,NA
"12774",2013-12-27,19.7475662260878,NA
"12775",2013-12-28,19.4750963112865,NA
"12776",2013-12-29,19.2002084557185,NA
"12777",2013-12-30,19.5345940695935,NA
"12778",2013-12-31,20.1103355967042,NA
"12779",2014-01-01,19.5457033959657,NA
"12780",2014-01-02,19.3590170653655,NA
"12781",2014-01-03,18.6681614688062,NA
"12782",2014-01-04,18.297510801059,NA
"12783",2014-01-05,18.1885419935191,NA
"12784",2014-01-06,17.7271209462641,NA
"12785",2014-01-07,16.6565268477196,NA
"12786",2014-01-08,17.0735023031017,NA
"12787",2014-01-09,18.3215794957459,NA
"12788",2014-01-10,19.314783093555,NA
"12789",2014-01-11,19.9181060400686,NA
"12790",2014-01-12,20.7187507315213,NA
"12791",2014-01-13,21.966089439594,NA
"12792",2014-01-14,22.8406550691925,NA
"12793",2014-01-15,23.1068517932874,NA
"12794",2014-01-16,23.1446889023263,NA
"12795",2014-01-17,23.1227640520382,NA
"12796",2014-01-18,23.1281307764709,NA
"12797",2014-01-19,23.1452087134207,NA
"12798",2014-01-20,23.0508175865763,NA
"12799",2014-01-21,22.5702462304582,NA
"12800",2014-01-22,21.884840192182,NA
"12801",2014-01-23,21.3281546354689,NA
"12802",2014-01-24,20.4755755504549,NA
"12803",2014-01-25,20.233489493387,NA
"12804",2014-01-26,20.5991073327879,NA
"12805",2014-01-27,21.4456706264322,NA
"12806",2014-01-28,22.1009973915281,NA
"12807",2014-01-29,22.2065597940855,NA
"12808",2014-01-30,22.2615272232376,NA
"12809",2014-01-31,22.6281747692409,NA
"12810",2014-02-01,23.0336584738347,NA
"12811",2014-02-02,23.14495730156,NA
"12812",2014-02-03,23.0200137399418,NA
"12813",2014-02-04,22.7578020964972,NA
"12814",2014-02-05,22.8804393011716,NA
"12815",2014-02-06,22.8695872480089,NA
"12816",2014-02-07,22.8531977702099,NA
"12817",2014-02-08,22.9095939026043,NA
"12818",2014-02-09,22.2652614219526,NA
"12819",2014-02-10,22.4050066527956,NA
"12820",2014-02-11,22.7050898092379,NA
"12821",2014-02-12,22.8205218611678,NA
"12822",2014-02-13,22.7000046725496,NA
"12823",2014-02-14,22.5366680859447,NA
"12824",2014-02-15,21.9378999167122,NA
"12825",2014-02-16,21.8874994432129,NA
"12826",2014-02-17,21.8243577818769,NA
"12827",2014-02-18,21.4448985025841,NA
"12828",2014-02-19,20.06227397919,NA
"12829",2014-02-20,19.1466399451747,NA
"12830",2014-02-21,18.3664967680923,NA
"12831",2014-02-22,17.7982183912976,NA
"12832",2014-02-23,18.2003156304807,NA
"12833",2014-02-24,18.5818213924093,NA
"12834",2014-02-25,18.5056526489576,NA
"12835",2014-02-26,18.7962847967681,NA
"12836",2014-02-27,19.055407131781,NA
"12837",2014-02-28,19.4151479964628,NA
"12838",2014-03-01,19.703477502248,NA
"12839",2014-03-02,19.5426064924394,NA
"12840",2014-03-03,19.4546689591095,NA
"12841",2014-03-04,19.9896354557903,NA
"12842",2014-03-05,20.0375093858286,NA
"12843",2014-03-06,19.9436427520108,NA
"12844",2014-03-07,19.8618943523974,NA
"12845",2014-03-08,19.9849111613463,NA
"12846",2014-03-09,20.5139051712069,NA
"12847",2014-03-10,20.8454251510247,NA
"12848",2014-03-11,20.348295714696,NA
"12849",2014-03-12,20.3214832587378,NA
"12850",2014-03-13,20.4361168615645,NA
"12851",2014-03-14,20.7432747028963,NA
"12852",2014-03-15,20.2198207056316,NA
"12853",2014-03-16,19.337322143134,NA
"12854",2014-03-17,18.2592807740064,NA
"12855",2014-03-18,17.7522025785111,NA
"12856",2014-03-19,17.7744175232841,NA
"12857",2014-03-20,18.2838697321451,NA
"12858",2014-03-21,17.1429221197549,NA
"12859",2014-03-22,16.8969524376794,NA
"12860",2014-03-23,16.4604622852055,NA
"12861",2014-03-24,16.2721115173581,NA
"12862",2014-03-25,16.6246177854042,NA
"12863",2014-03-26,17.3475574252916,NA
"12864",2014-03-27,16.9016228140303,NA
"12865",2014-03-28,17.652755888132,NA
"12866",2014-03-29,18.3158251159512,NA
"12867",2014-03-30,19.1302901258427,NA
"12868",2014-03-31,20.0210637046514,NA
"12869",2014-04-01,20.8552038011574,NA
"12870",2014-04-02,20.3960139283085,NA
"12871",2014-04-03,20.0777409111551,NA
"12872",2014-04-04,19.6554642921094,NA
"12873",2014-04-05,19.3990909384848,NA
"12874",2014-04-06,19.194370383819,NA
"12875",2014-04-07,18.8519266710449,NA
"12876",2014-04-08,17.6584752979906,NA
"12877",2014-04-09,17.6988609421623,NA
"12878",2014-04-10,18.0209629427424,NA
"12879",2014-04-11,18.1265538290643,NA
"12880",2014-04-12,18.0410149191921,NA
"12881",2014-04-13,17.6408678097654,NA
"12882",2014-04-14,16.8262572613607,NA
"12883",2014-04-15,16.4102741071708,NA
"12884",2014-04-16,16.0688002162067,NA
"12885",2014-04-17,15.881422224192,NA
"12886",2014-04-18,15.4568908921726,NA
"12887",2014-04-19,15.0451074674206,NA
"12888",2014-04-20,14.9534849393922,NA
"12889",2014-04-21,15.5482178324254,NA
"12890",2014-04-22,15.3084087830505,NA
"12891",2014-04-23,15.22915499232,NA
"12892",2014-04-24,14.3974081863633,NA
"12893",2014-04-25,14.9262018641844,NA
"12894",2014-04-26,14.4626402838932,NA
"12895",2014-04-27,13.9926685848835,NA
"12896",2014-04-28,13.9916651478531,NA
"12897",2014-04-29,13.836669530895,NA
"12898",2014-04-30,13.2566904862637,NA
"12899",2014-05-01,13.5829009186796,NA
"12900",2014-05-02,12.6821877051921,NA
"12901",2014-05-03,12.6401677659826,NA
"12902",2014-05-04,12.6580601993901,NA
"12903",2014-05-05,11.5455355510041,NA
"12904",2014-05-06,11.2095497119211,NA
"12905",2014-05-07,10.8468988026748,NA
"12906",2014-05-08,10.7940300086382,NA
"12907",2014-05-09,11.5246005786077,NA
"12908",2014-05-10,12.0728154393826,NA
"12909",2014-05-11,12.0920897732032,NA
"12910",2014-05-12,12.1554288409163,NA
"12911",2014-05-13,12.5600525643996,NA
"12912",2014-05-14,13.6310820279064,NA
"12913",2014-05-15,14.2761167866464,NA
"12914",2014-05-16,14.7217955957605,NA
"12915",2014-05-17,15.2614317227988,NA
"12916",2014-05-18,15.9710376630209,NA
"12917",2014-05-19,16.3711235870945,NA
"12918",2014-05-20,16.48126817198,NA
"12919",2014-05-21,16.6274852429032,NA
"12920",2014-05-22,16.723420649821,NA
"12921",2014-05-23,16.1057670865846,NA
"12922",2014-05-24,15.7766350080546,NA
"12923",2014-05-25,15.3875538214757,NA
"12924",2014-05-26,15.7045907113525,NA
"12925",2014-05-27,15.7424262952265,NA
"12926",2014-05-28,15.1557294736582,NA
"12927",2014-05-29,14.367661792073,NA
"12928",2014-05-30,14.1090186762129,NA
"12929",2014-05-31,13.6549523045367,NA
"12930",2014-06-01,13.2255459621035,NA
"12931",2014-06-02,12.1601409665438,NA
"12932",2014-06-03,11.8293714944277,NA
"12933",2014-06-04,11.7417885616909,NA
"12934",2014-06-05,11.2410843974577,NA
"12935",2014-06-06,11.2730701921988,NA
"12936",2014-06-07,11.294626023111,NA
"12937",2014-06-08,10.7896558822586,NA
"12938",2014-06-09,10.5095825848255,NA
"12939",2014-06-10,10.4625805692894,NA
"12940",2014-06-11,10.4153296285167,NA
"12941",2014-06-12,10.8364514146552,NA
"12942",2014-06-13,10.7176954763346,NA
"12943",2014-06-14,10.4042603512538,NA
"12944",2014-06-15,10.8753031716133,NA
"12945",2014-06-16,11.2544923554117,NA
"12946",2014-06-17,11.3769986837102,NA
"12947",2014-06-18,11.0976298735105,NA
"12948",2014-06-19,10.6979243892973,NA
"12949",2014-06-20,10.8827905627011,NA
"12950",2014-06-21,11.1556152088855,NA
"12951",2014-06-22,11.3882165226364,NA
"12952",2014-06-23,10.9688446657605,NA
"12953",2014-06-24,10.8865323442844,NA
"12954",2014-06-25,11.3497492635961,NA
"12955",2014-06-26,11.7618916827374,NA
"12956",2014-06-27,11.6660222054724,NA
"12957",2014-06-28,11.2253047233826,NA
"12958",2014-06-29,10.3736484140214,NA
"12959",2014-06-30,10.5488615974067,NA
"12960",2014-07-01,10.2837414305866,NA
"12961",2014-07-02,9.74961239250096,NA
"12962",2014-07-03,9.40862322734532,NA
"12963",2014-07-04,9.27704849728067,NA
"12964",2014-07-05,9.29320649721862,NA
"12965",2014-07-06,9.35047135768862,NA
"12966",2014-07-07,9.6368898157269,NA
"12967",2014-07-08,9.9007919875497,NA
"12968",2014-07-09,9.53561993420353,NA
"12969",2014-07-10,9.53306594829803,NA
"12970",2014-07-11,9.37279955330269,NA
"12971",2014-07-12,8.82622674842281,NA
"12972",2014-07-13,8.58082630452113,NA
"12973",2014-07-14,8.0187134218105,NA
"12974",2014-07-15,7.60694366213435,NA
"12975",2014-07-16,8.13843513324913,NA
"12976",2014-07-17,7.62731873099955,NA
"12977",2014-07-18,7.34814019901913,NA
"12978",2014-07-19,7.73354907720524,NA
"12979",2014-07-20,7.77654752219155,NA
"12980",2014-07-21,7.37626440529937,NA
"12981",2014-07-22,6.85803778049619,NA
"12982",2014-07-23,6.65085345704344,NA
"12983",2014-07-24,7.5094769963671,NA
"12984",2014-07-25,8.03762733710184,NA
"12985",2014-07-26,8.25673591665314,NA
"12986",2014-07-27,8.91064424455937,NA
"12987",2014-07-28,10.0116415094247,NA
"12988",2014-07-29,11.3455538838125,NA
"12989",2014-07-30,12.1038526652321,NA
"12990",2014-07-31,11.5083802725832,NA
"12991",2014-08-01,10.4527425131164,NA
"12992",2014-08-02,9.80195244150113,NA
"12993",2014-08-03,9.13793873121145,NA
"12994",2014-08-04,8.41691144380722,NA
"12995",2014-08-05,8.02167985147854,NA
"12996",2014-08-06,7.57699969330084,NA
"12997",2014-08-07,7.91242319529267,NA
"12998",2014-08-08,8.79193104992692,NA
"12999",2014-08-09,9.81404377426078,NA
"13000",2014-08-10,9.83776780492922,NA
"13001",2014-08-11,9.70318133439963,NA
"13002",2014-08-12,9.17083992869322,NA
"13003",2014-08-13,8.93547830596521,NA
"13004",2014-08-14,8.4907917223448,NA
"13005",2014-08-15,8.35124286699637,NA
"13006",2014-08-16,7.98901925417263,NA
"13007",2014-08-17,8.49267311517276,NA
"13008",2014-08-18,9.07504487357652,NA
"13009",2014-08-19,9.43197781750925,NA
"13010",2014-08-20,9.31763639420816,NA
"13011",2014-08-21,9.57539016429061,NA
"13012",2014-08-22,10.0263430414485,NA
"13013",2014-08-23,10.3914543715654,NA
"13014",2014-08-24,10.4514841174401,NA
"13015",2014-08-25,10.4560580630691,NA
"13016",2014-08-26,10.7235651140853,NA
"13017",2014-08-27,11.2230045954446,NA
"13018",2014-08-28,11.6751721795011,NA
"13019",2014-08-29,11.6745771583824,NA
"13020",2014-08-30,11.8677707655821,NA
"13021",2014-08-31,12.7738998872614,NA
"13022",2014-09-01,12.5764505493335,NA
"13023",2014-09-02,12.0830611340881,NA
"13024",2014-09-03,11.7104296293044,NA
"13025",2014-09-04,11.3287875626322,NA
"13026",2014-09-05,10.9776222352276,NA
"13027",2014-09-06,10.7128604923248,NA
"13028",2014-09-07,10.5516664911095,NA
"13029",2014-09-08,11.8734040298307,NA
"13030",2014-09-09,12.6659827384564,NA
"13031",2014-09-10,13.3837821627876,NA
"13032",2014-09-11,13.2542087338932,NA
"13033",2014-09-12,13.2644206824599,NA
"13034",2014-09-13,13.2348790986998,NA
"13035",2014-09-14,13.1329860657336,NA
"13036",2014-09-15,12.7360289576444,NA
"13037",2014-09-16,12.4461175372214,NA
"13038",2014-09-17,11.7758714963181,NA
"13039",2014-09-18,11.6857596171399,NA
"13040",2014-09-19,11.6257008524606,NA
"13041",2014-09-20,11.4857572286034,NA
"13042",2014-09-21,10.9923509937116,NA
"13043",2014-09-22,11.0649667763692,NA
"13044",2014-09-23,12.18020190291,NA
"13045",2014-09-24,12.9861525138057,NA
"13046",2014-09-25,13.5690362371994,NA
"13047",2014-09-26,14.1219158362846,NA
"13048",2014-09-27,15.5330266073979,NA
"13049",2014-09-28,16.5283761907708,NA
"13050",2014-09-29,16.4533510276068,NA
"13051",2014-09-30,15.2798129648537,NA
"13052",2014-10-01,14.7270096433733,NA
"13053",2014-10-02,14.7818727307057,NA
"13054",2014-10-03,14.8254097341506,NA
"13055",2014-10-04,14.7079869247165,NA
"13056",2014-10-05,14.4165996728679,NA
"13057",2014-10-06,14.6622039339617,NA
"13058",2014-10-07,14.7867649590838,NA
"13059",2014-10-08,14.9192679795456,NA
"13060",2014-10-09,15.6185054226487,NA
"13061",2014-10-10,16.3191410664437,NA
"13062",2014-10-11,15.7847663483999,NA
"13063",2014-10-12,15.6266648882885,NA
"13064",2014-10-13,14.5223733855192,NA
"13065",2014-10-14,14.3455734456962,NA
"13066",2014-10-15,14.3381559811826,NA
"13067",2014-10-16,13.3767819772675,NA
"13068",2014-10-17,12.7979413046306,NA
"13069",2014-10-18,13.7320106317104,NA
"13070",2014-10-19,14.1463522767023,NA
"13071",2014-10-20,15.1696527459503,NA
"13072",2014-10-21,16.9879493430343,NA
"13073",2014-10-22,18.1809033732755,NA
"13074",2014-10-23,19.2211295161621,NA
"13075",2014-10-24,19.7608204602483,NA
"13076",2014-10-25,19.3366469213513,NA
"13077",2014-10-26,19.504316222941,NA
"13078",2014-10-27,19.3252312271124,NA
"13079",2014-10-28,18.269830095997,NA
"13080",2014-10-29,17.5500527755096,NA
"13081",2014-10-30,17.2529436160732,NA
"13082",2014-10-31,17.518073241289,NA
"13083",2014-11-01,16.6794354511862,NA
"13084",2014-11-02,15.6948154418782,NA
"13085",2014-11-03,16.3485258861277,NA
"13086",2014-11-04,16.5881502895324,NA
"13087",2014-11-05,16.3402309257378,NA
"13088",2014-11-06,16.4448329408462,NA
"13089",2014-11-07,17.0375880525047,NA
"13090",2014-11-08,17.7744668427352,NA
"13091",2014-11-09,18.2167696809539,NA
"13092",2014-11-10,17.759330409157,NA
"13093",2014-11-11,17.9901229826196,NA
"13094",2014-11-12,19.0511383403803,NA
"13095",2014-11-13,20.0640660170459,NA
"13096",2014-11-14,18.9345621781357,NA
"13097",2014-11-15,18.7415860566719,NA
"13098",2014-11-16,18.6241960898855,NA
"13099",2014-11-17,18.5181344247697,NA
"13100",2014-11-18,18.3550528236216,NA
"13101",2014-11-19,18.4910691556451,NA
"13102",2014-11-20,17.3458085855454,NA
"13103",2014-11-21,17.7224303208537,NA
"13104",2014-11-22,18.3371302116991,NA
"13105",2014-11-23,19.0775850027196,NA
"13106",2014-11-24,19.1349515258603,NA
"13107",2014-11-25,19.0183130997419,NA
"13108",2014-11-26,17.9956519092022,NA
"13109",2014-11-27,17.9300125292766,NA
"13110",2014-11-28,18.1763236796214,NA
"13111",2014-11-29,18.8390536377682,NA
"13112",2014-11-30,19.3898056207541,NA
"13113",2014-12-01,19.8444906098302,NA
"13114",2014-12-02,20.6285731160946,NA
"13115",2014-12-03,21.16532402282,NA
"13116",2014-12-04,21.4455858880502,NA
"13117",2014-12-05,21.2975116185113,NA
"13118",2014-12-06,20.6298628655794,NA
"13119",2014-12-07,19.8201156342227,NA
"13120",2014-12-08,19.7591338380825,NA
"13121",2014-12-09,19.6793971753554,NA
"13122",2014-12-10,19.5254911650231,NA
"13123",2014-12-11,19.2057853777352,NA
"13124",2014-12-12,19.6222558299717,NA
"13125",2014-12-13,20.3459248177293,NA
"13126",2014-12-14,20.6966548998477,NA
"13127",2014-12-15,20.9767338720109,NA
"13128",2014-12-16,20.3794314878551,NA
"13129",2014-12-17,20.0882361104163,NA
"13130",2014-12-18,19.7557779816097,NA
"13131",2014-12-19,19.1277145562361,NA
"13132",2014-12-20,18.7186797460235,NA
"13133",2014-12-21,19.1866612815018,NA
"13134",2014-12-22,19.3981581891618,NA
"13135",2014-12-23,19.5133718346806,NA
"13136",2014-12-24,19.7040446861061,NA
"13137",2014-12-25,19.7546257654161,NA
"13138",2014-12-26,19.6766185081448,NA
"13139",2014-12-27,19.4825500027065,NA
"13140",2014-12-28,19.1465246068908,NA
"13141",2014-12-29,18.3247599079016,NA
"13142",2014-12-30,18.3204577448693,NA
"13143",2014-12-31,18.4269482895178,NA
"13144",2015-01-01,19.4487512762448,NA
"13145",2015-01-02,21.096108793853,NA
"13146",2015-01-03,21.5760750324667,NA
"13147",2015-01-04,21.4751446386337,NA
"13148",2015-01-05,21.9773911745803,NA
"13149",2015-01-06,22.59089038839,NA
"13150",2015-01-07,22.9018058439495,NA
"13151",2015-01-08,22.7889992513648,NA
"13152",2015-01-09,21.9535422752393,NA
"13153",2015-01-10,21.3776575706596,NA
"13154",2015-01-11,21.4675084793182,NA
"13155",2015-01-12,21.6881255206935,NA
"13156",2015-01-13,21.0071392939966,NA
"13157",2015-01-14,19.9978028360331,NA
"13158",2015-01-15,19.4756741443765,NA
"13159",2015-01-16,19.7649630957273,NA
"13160",2015-01-17,19.8430128562566,NA
"13161",2015-01-18,19.1398427254672,NA
"13162",2015-01-19,18.4232650011082,NA
"13163",2015-01-20,18.7089681265025,NA
"13164",2015-01-21,19.466032827765,NA
"13165",2015-01-22,20.3808097565304,NA
"13166",2015-01-23,20.4177968612972,NA
"13167",2015-01-24,20.4962966812397,NA
"13168",2015-01-25,20.3985318106018,NA
"13169",2015-01-26,19.8894540511205,NA
"13170",2015-01-27,19.3364671842314,NA
"13171",2015-01-28,18.7761578677499,NA
"13172",2015-01-29,17.954681111071,NA
"13173",2015-01-30,17.7491948602619,NA
"13174",2015-01-31,17.4739029557494,NA
"13175",2015-02-01,17.6871699318399,NA
"13176",2015-02-02,17.9474820133066,NA
"13177",2015-02-03,18.1633316571901,NA
"13178",2015-02-04,17.942754953281,NA
"13179",2015-02-05,18.597650406776,NA
"13180",2015-02-06,19.8620850680626,NA
"13181",2015-02-07,20.6878893458456,NA
"13182",2015-02-08,20.9462546560473,NA
"13183",2015-02-09,21.2104688646307,NA
"13184",2015-02-10,21.6236850480849,NA
"13185",2015-02-11,22.0573421776045,NA
"13186",2015-02-12,22.1138139050165,NA
"13187",2015-02-13,21.8230046326282,NA
"13188",2015-02-14,21.8726381206687,NA
"13189",2015-02-15,22.2455275166123,NA
"13190",2015-02-16,22.1997507313768,NA
"13191",2015-02-17,21.9735714991631,NA
"13192",2015-02-18,21.8460589803815,NA
"13193",2015-02-19,21.8727477092478,NA
"13194",2015-02-20,22.0295657656058,NA
"13195",2015-02-21,22.2625063449828,NA
"13196",2015-02-22,22.4598575689198,NA
"13197",2015-02-23,22.3563808171586,NA
"13198",2015-02-24,22.2007672305227,NA
"13199",2015-02-25,22.1511548509124,NA
"13200",2015-02-26,21.909888587342,NA
"13201",2015-02-27,21.7069911373674,NA
"13202",2015-02-28,21.0733266481057,NA
"13203",2015-03-01,19.9173159313947,NA
"13204",2015-03-02,20.1249109883116,NA
"13205",2015-03-03,20.2173684512442,NA
"13206",2015-03-04,19.8678552875487,NA
"13207",2015-03-05,19.3722162309687,NA
"13208",2015-03-06,18.576621722707,NA
"13209",2015-03-07,18.0485615271532,NA
"13210",2015-03-08,18.1918808020634,NA
"13211",2015-03-09,17.7810400298294,NA
"13212",2015-03-10,17.5578013130606,NA
"13213",2015-03-11,17.7203591274597,NA
"13214",2015-03-12,17.6297802255564,NA
"13215",2015-03-13,17.5263844375956,NA
"13216",2015-03-14,17.7724641790089,NA
"13217",2015-03-15,17.5490311246205,NA
"13218",2015-03-16,18.253946249075,NA
"13219",2015-03-17,18.7849293029159,NA
"13220",2015-03-18,19.0185663925064,NA
"13221",2015-03-19,19.3817081027989,NA
"13222",2015-03-20,19.131966546101,NA
"13223",2015-03-21,18.7142869881254,NA
"13224",2015-03-22,19.5286976913252,NA
"13225",2015-03-23,18.8668523208092,NA
"13226",2015-03-24,17.8287113642329,NA
"13227",2015-03-25,16.7963472468904,NA
"13228",2015-03-26,16.0323694068104,NA
"13229",2015-03-27,15.9793536692073,NA
"13230",2015-03-28,15.6307041091175,NA
"13231",2015-03-29,14.7211385496622,NA
"13232",2015-03-30,14.8470683592541,NA
"13233",2015-03-31,16.0564708799708,NA
"13234",2015-04-01,16.9239209808925,NA
"13235",2015-04-02,16.7705584182032,NA
"13236",2015-04-03,16.7682305381815,NA
"13237",2015-04-04,16.9264784596478,NA
"13238",2015-04-05,16.289246085521,NA
"13239",2015-04-06,15.482404937973,NA
"13240",2015-04-07,14.1528205718526,NA
"13241",2015-04-08,13.2012085041415,NA
"13242",2015-04-09,13.3907823904388,NA
"13243",2015-04-10,13.4806777609094,NA
"13244",2015-04-11,13.8648048249172,NA
"13245",2015-04-12,14.2260037569697,NA
"13246",2015-04-13,15.2643925503179,NA
"13247",2015-04-14,16.4389694829769,NA
"13248",2015-04-15,17.0510678259663,NA
"13249",2015-04-16,17.1126404817668,NA
"13250",2015-04-17,16.9116700711526,NA
"13251",2015-04-18,16.191415590726,NA
"13252",2015-04-19,15.3241791071536,NA
"13253",2015-04-20,14.2429103650157,NA
"13254",2015-04-21,13.0898249136883,NA
"13255",2015-04-22,12.7532182300136,NA
"13256",2015-04-23,12.8697721629317,NA
"13257",2015-04-24,12.488592446131,NA
"13258",2015-04-25,12.4567687516499,NA
"13259",2015-04-26,12.8651453810271,NA
"13260",2015-04-27,12.8107247308603,NA
"13261",2015-04-28,12.5769523624574,NA
"13262",2015-04-29,12.0163304103898,NA
"13263",2015-04-30,11.9027345560272,NA
"13264",2015-05-01,12.9943967053118,NA
"13265",2015-05-02,13.458393278634,NA
"13266",2015-05-03,13.5511892108129,NA
"13267",2015-05-04,14.6735216724215,NA
"13268",2015-05-05,14.6546701977355,NA
"13269",2015-05-06,14.5809511052404,NA
"13270",2015-05-07,14.1250252341599,NA
"13271",2015-05-08,13.4377625501599,NA
"13272",2015-05-09,13.4259384163364,NA
"13273",2015-05-10,13.6458111866349,NA
"13274",2015-05-11,13.0248573492891,NA
"13275",2015-05-12,12.7383649114076,NA
"13276",2015-05-13,12.3500027913651,NA
"13277",2015-05-14,12.4302233289556,NA
"13278",2015-05-15,12.0377608719634,NA
"13279",2015-05-16,11.1846567485844,NA
"13280",2015-05-17,10.9152545833443,NA
"13281",2015-05-18,11.0815321383789,NA
"13282",2015-05-19,11.9419225731827,NA
"13283",2015-05-20,12.2019852806534,NA
"13284",2015-05-21,12.055477118502,NA
"13285",2015-05-22,11.8255606442896,NA
"13286",2015-05-23,11.5973722460235,NA
"13287",2015-05-24,11.2504867871478,NA
"13288",2015-05-25,10.41748349382,NA
"13289",2015-05-26,10.1412250274428,NA
"13290",2015-05-27,10.6671679524851,NA
"13291",2015-05-28,10.9594148309175,NA
"13292",2015-05-29,11.1757269973003,NA
"13293",2015-05-30,11.7919319140186,NA
"13294",2015-05-31,11.4892219185762,NA
"13295",2015-06-01,10.8343595019334,NA
"13296",2015-06-02,10.1441249084553,NA
"13297",2015-06-03,9.23537304886082,NA
"13298",2015-06-04,8.87524889685216,NA
"13299",2015-06-05,8.95631611835588,NA
"13300",2015-06-06,8.93851311097836,NA
"13301",2015-06-07,9.59309848519567,NA
"13302",2015-06-08,10.7872051187895,NA
"13303",2015-06-09,10.7665327163372,NA
"13304",2015-06-10,10.8825902354874,NA
"13305",2015-06-11,10.6208827650671,NA
"13306",2015-06-12,10.6661030470101,NA
"13307",2015-06-13,10.6029703008766,NA
"13308",2015-06-14,10.5872106274567,NA
"13309",2015-06-15,10.3932015589282,NA
"13310",2015-06-16,10.989296257255,NA
"13311",2015-06-17,11.5290239062916,NA
"13312",2015-06-18,11.7698686602346,NA
"13313",2015-06-19,11.1463396200566,NA
"13314",2015-06-20,10.4783861836732,NA
"13315",2015-06-21,9.78568247508463,NA
"13316",2015-06-22,9.47102062562113,NA
"13317",2015-06-23,9.20527730128445,NA
"13318",2015-06-24,8.94267242187426,NA
"13319",2015-06-25,8.96753798162416,NA
"13320",2015-06-26,9.33918093964072,NA
"13321",2015-06-27,9.77215483314216,NA
"13322",2015-06-28,10.0891541224577,NA
"13323",2015-06-29,9.89923632222511,NA
"13324",2015-06-30,9.61559364909271,NA
"13325",2015-07-01,9.69077832988202,NA
"13326",2015-07-02,8.93715756224089,NA
"13327",2015-07-03,8.64334318154991,NA
"13328",2015-07-04,8.55904862531947,NA
"13329",2015-07-05,8.76793891541325,NA
"13330",2015-07-06,8.70857352571415,NA
"13331",2015-07-07,8.6800231715982,NA
"13332",2015-07-08,8.65330185700036,NA
"13333",2015-07-09,9.53575075610149,NA
"13334",2015-07-10,10.1043269497477,NA
"13335",2015-07-11,9.8260003837008,NA
"13336",2015-07-12,9.55977129583434,NA
"13337",2015-07-13,9.64774177293496,NA
"13338",2015-07-14,9.10797332549705,NA
"13339",2015-07-15,8.43181277614518,NA
"13340",2015-07-16,8.00498993863928,NA
"13341",2015-07-17,7.43453726715232,NA
"13342",2015-07-18,7.41208771642286,NA
"13343",2015-07-19,6.81955006167448,NA
"13344",2015-07-20,6.6711378535438,NA
"13345",2015-07-21,7.83806290149087,NA
"13346",2015-07-22,8.04217117354342,NA
"13347",2015-07-23,8.49393653437503,NA
"13348",2015-07-24,8.8887434985512,NA
"13349",2015-07-25,9.36322914698716,NA
"13350",2015-07-26,9.44702929563019,NA
"13351",2015-07-27,9.33240810938223,NA
"13352",2015-07-28,8.75569214299181,NA
"13353",2015-07-29,8.87628999170081,NA
"13354",2015-07-30,8.25505587724294,NA
"13355",2015-07-31,8.25945197585028,NA
"13356",2015-08-01,7.91208946580144,NA
"13357",2015-08-02,8.58052388983216,NA
"13358",2015-08-03,8.29788507592884,NA
"13359",2015-08-04,8.32779394259913,NA
"13360",2015-08-05,8.22435611960811,NA
"13361",2015-08-06,8.74336351483285,NA
"13362",2015-08-07,8.71321339058739,NA
"13363",2015-08-08,8.8845539901444,NA
"13364",2015-08-09,8.99544954335737,NA
"13365",2015-08-10,9.58099121507603,NA
"13366",2015-08-11,9.82030024317622,NA
"13367",2015-08-12,10.0043395880152,NA
"13368",2015-08-13,10.0697834658061,NA
"13369",2015-08-14,10.2539106867206,NA
"13370",2015-08-15,10.3658715136677,NA
"13371",2015-08-16,10.5009749930265,NA
"13372",2015-08-17,10.0604318808178,NA
"13373",2015-08-18,9.52692173663207,NA
"13374",2015-08-19,9.67604127447015,NA
"13375",2015-08-20,10.4278493184391,NA
"13376",2015-08-21,10.6274604872683,NA
"13377",2015-08-22,10.7214889290541,NA
"13378",2015-08-23,10.5030439510003,NA
"13379",2015-08-24,10.9392803643481,NA
"13380",2015-08-25,11.399946088361,NA
"13381",2015-08-26,11.5350956305978,NA
"13382",2015-08-27,10.7349945695171,NA
"13383",2015-08-28,10.1510281837113,NA
"13384",2015-08-29,9.75363752182629,NA
"13385",2015-08-30,9.48336489182566,NA
"13386",2015-08-31,9.0869712682098,NA
"13387",2015-09-01,9.5664211343286,NA
"13388",2015-09-02,9.4294326733502,NA
"13389",2015-09-03,9.33743570622559,NA
"13390",2015-09-04,9.44098511319959,NA
"13391",2015-09-05,9.70767482995677,NA
"13392",2015-09-06,9.95394163215058,NA
"13393",2015-09-07,10.5818919857613,NA
"13394",2015-09-08,10.4151427290132,NA
"13395",2015-09-09,10.4064906531946,NA
"13396",2015-09-10,10.4711686089583,NA
"13397",2015-09-11,11.2850417474022,NA
"13398",2015-09-12,12.309139778162,NA
"13399",2015-09-13,13.606527748059,NA
"13400",2015-09-14,14.3889185812204,NA
"13401",2015-09-15,14.0934505918877,NA
"13402",2015-09-16,14.1309914403956,NA
"13403",2015-09-17,14.3277304239942,NA
"13404",2015-09-18,13.8351693717792,NA
"13405",2015-09-19,12.9874781264865,NA
"13406",2015-09-20,12.4903919817034,NA
"13407",2015-09-21,11.51829432179,NA
"13408",2015-09-22,11.0978739681523,NA
"13409",2015-09-23,10.9271201758186,NA
"13410",2015-09-24,10.6249229244747,NA
"13411",2015-09-25,10.7081256643682,NA
"13412",2015-09-26,11.0418675939107,NA
"13413",2015-09-27,10.7992315993681,NA
"13414",2015-09-28,10.9678714714557,NA
"13415",2015-09-29,11.4940049025083,NA
"13416",2015-09-30,11.8105767080158,NA
"13417",2015-10-01,12.5764422329992,NA
"13418",2015-10-02,13.6461786460495,NA
"13419",2015-10-03,14.9207249844429,NA
"13420",2015-10-04,15.6138668998634,NA
"13421",2015-10-05,17.6794015386825,NA
"13422",2015-10-06,18.1993148316243,NA
"13423",2015-10-07,18.3388146784464,NA
"13424",2015-10-08,18.7613431230679,NA
"13425",2015-10-09,19.1734378092555,NA
"13426",2015-10-10,19.0515536967992,NA
"13427",2015-10-11,18.9074475693881,NA
"13428",2015-10-12,17.191627246862,NA
"13429",2015-10-13,16.9578407760786,NA
"13430",2015-10-14,17.9704246850747,NA
"13431",2015-10-15,18.7253292194715,NA
"13432",2015-10-16,18.0451662762408,NA
"13433",2015-10-17,17.3614567586834,NA
"13434",2015-10-18,17.2716610303966,NA
"13435",2015-10-19,18.6709440214412,NA
"13436",2015-10-20,19.5018645830126,NA
"13437",2015-10-21,18.7801412159195,NA
"13438",2015-10-22,17.3320758580967,NA
"13439",2015-10-23,16.8937740745333,NA
"13440",2015-10-24,17.5712940373557,NA
"13441",2015-10-25,17.9872214744737,NA
"13442",2015-10-26,16.6753730799721,NA
"13443",2015-10-27,16.4365317766577,NA
"13444",2015-10-28,17.2029355463021,NA
"13445",2015-10-29,18.442438559024,NA
"13446",2015-10-30,19.4841851426942,NA
"13447",2015-10-31,19.583267076181,NA
"13448",2015-11-01,19.3637122787998,NA
"13449",2015-11-02,19.5429844738888,NA
"13450",2015-11-03,19.5214726965701,NA
"13451",2015-11-04,19.3954212602631,NA
"13452",2015-11-05,18.8967140200906,NA
"13453",2015-11-06,18.0050115978112,NA
"13454",2015-11-07,17.3652026903705,NA
"13455",2015-11-08,17.9036365325706,NA
"13456",2015-11-09,18.9712993139046,NA
"13457",2015-11-10,18.40506205591,NA
"13458",2015-11-11,18.4525343583317,NA
"13459",2015-11-12,18.5626610045714,NA
"13460",2015-11-13,18.5887862612077,NA
"13461",2015-11-14,18.5157082558229,NA
"13462",2015-11-15,17.9516102773154,NA
"13463",2015-11-16,17.6578472063493,NA
"13464",2015-11-17,18.6876246313684,NA
"13465",2015-11-18,19.7007996419297,NA
"13466",2015-11-19,20.1303522621238,NA
"13467",2015-11-20,20.118749654873,NA
"13468",2015-11-21,20.1198800128588,NA
"13469",2015-11-22,20.0366067102056,NA
"13470",2015-11-23,19.5008748635988,NA
"13471",2015-11-24,19.1650098158056,NA
"13472",2015-11-25,18.2734136531801,NA
"13473",2015-11-26,16.7814674961575,NA
"13474",2015-11-27,16.648194931324,NA
"13475",2015-11-28,16.7583249883395,NA
"13476",2015-11-29,16.8176726525717,NA
"13477",2015-11-30,17.2822831883168,NA
"13478",2015-12-01,16.3600257678188,NA
"13479",2015-12-02,15.6075817056151,NA
"13480",2015-12-03,16.8263914883364,NA
"13481",2015-12-04,18.2440847596501,NA
"13482",2015-12-05,19.5975998281512,NA
"13483",2015-12-06,20.7883226268901,NA
"13484",2015-12-07,21.4364962995193,NA
"13485",2015-12-08,22.071598246473,NA
"13486",2015-12-09,22.3136957200145,NA
"13487",2015-12-10,22.2148170348446,NA
"13488",2015-12-11,21.4295654614563,NA
"13489",2015-12-12,20.4505087869988,NA
"13490",2015-12-13,19.5541652883353,NA
"13491",2015-12-14,19.2240666987558,NA
"13492",2015-12-15,19.7138051803261,NA
"13493",2015-12-16,20.4976411264987,NA
"13494",2015-12-17,21.4238995105461,NA
"13495",2015-12-18,22.5467472233818,NA
"13496",2015-12-19,23.0707512559448,NA
"13497",2015-12-20,23.0309525347737,NA
"13498",2015-12-21,22.8516270627101,NA
"13499",2015-12-22,22.6547927822679,NA
"13500",2015-12-23,22.5578854687835,NA
"13501",2015-12-24,22.5407888802421,NA
"13502",2015-12-25,22.1803143666909,NA
"13503",2015-12-26,20.8169700677913,NA
"13504",2015-12-27,20.6736164535976,NA
"13505",2015-12-28,20.8907170911322,NA
"13506",2015-12-29,21.1944889108419,NA
"13507",2015-12-30,21.5163913623837,NA
"13508",2015-12-31,21.5672368871403,NA
"13509",2016-01-01,21.4364742679281,NA
"13510",2016-01-02,21.9473595569482,NA
"13511",2016-01-03,22.2645045491836,NA
"13512",2016-01-04,22.3464755993368,NA
"13513",2016-01-05,22.230726425189,NA
"13514",2016-01-06,21.8116659950445,NA
"13515",2016-01-07,21.024653929166,NA
"13516",2016-01-08,20.8764935830085,NA
"13517",2016-01-09,21.032902127694,NA
"13518",2016-01-10,21.3723419005017,NA
"13519",2016-01-11,21.4764029359593,NA
"13520",2016-01-12,21.9202996107339,NA
"13521",2016-01-13,22.1717224452235,NA
"13522",2016-01-14,21.883417069801,NA
"13523",2016-01-15,21.6457742869798,NA
"13524",2016-01-16,21.545244982879,NA
"13525",2016-01-17,21.5202308334688,NA
"13526",2016-01-18,21.6872592670509,NA
"13527",2016-01-19,21.7913356763684,NA
"13528",2016-01-20,21.8467838696519,NA
"13529",2016-01-21,22.4787629302249,NA
"13530",2016-01-22,22.6258634130954,NA
"13531",2016-01-23,22.4981759292137,NA
"13532",2016-01-24,22.2053699382395,NA
"13533",2016-01-25,21.8772720451827,NA
"13534",2016-01-26,21.5048131676237,NA
"13535",2016-01-27,21.3838644050128,NA
"13536",2016-01-28,20.7158122732613,NA
"13537",2016-01-29,20.2844731629199,NA
"13538",2016-01-30,20.2121445809319,NA
"13539",2016-01-31,19.8834348610578,NA
"13540",2016-02-01,20.0064800874283,NA
"13541",2016-02-02,19.5726235038881,NA
"13542",2016-02-03,18.7839338425909,NA
"13543",2016-02-04,18.9727215682824,NA
"13544",2016-02-05,19.6847461985254,NA
"13545",2016-02-06,20.2840862149335,NA
"13546",2016-02-07,21.0105046164825,NA
"13547",2016-02-08,21.0229358330219,NA
"13548",2016-02-09,21.2152313609825,NA
"13549",2016-02-10,21.589718221501,NA
"13550",2016-02-11,21.7991550719487,NA
"13551",2016-02-12,21.8601839660944,NA
"13552",2016-02-13,21.6399556496176,NA
"13553",2016-02-14,21.1191645915248,NA
"13554",2016-02-15,20.8444393544592,NA
"13555",2016-02-16,20.27610948583,NA
"13556",2016-02-17,19.8892414856693,NA
"13557",2016-02-18,19.7102703908369,NA
"13558",2016-02-19,18.8046481270986,NA
"13559",2016-02-20,18.3547886111793,NA
"13560",2016-02-21,18.931353432842,NA
"13561",2016-02-22,19.9274824069829,NA
"13562",2016-02-23,21.0792086399175,NA
"13563",2016-02-24,21.3822719975462,NA
"13564",2016-02-25,21.276107135753,NA
"13565",2016-02-26,21.5534814198697,NA
"13566",2016-02-27,21.7297976605719,NA
"13567",2016-02-28,21.4734291933298,NA
"13568",2016-02-29,20.9041287244898,NA
"13569",2016-03-01,20.5252552348254,NA
"13570",2016-03-02,20.6933837497595,NA
"13571",2016-03-03,21.1256830682874,NA
"13572",2016-03-04,21.6716402525467,NA
"13573",2016-03-05,22.0237298472313,NA
"13574",2016-03-06,22.5346851721905,NA
"13575",2016-03-07,22.7738948026602,NA
"13576",2016-03-08,22.9475939186697,NA
"13577",2016-03-09,22.9189168365108,NA
"13578",2016-03-10,22.795780036394,NA
"13579",2016-03-11,22.7065739981939,NA
"13580",2016-03-12,22.5563258858845,NA
"13581",2016-03-13,22.2420656677258,NA
"13582",2016-03-14,21.7628029888356,NA
"13583",2016-03-15,21.1092370641625,NA
"13584",2016-03-16,21.2776206094375,NA
"13585",2016-03-17,21.5008809441261,NA
"13586",2016-03-18,20.640282373491,NA
"13587",2016-03-19,19.928888297015,NA
"13588",2016-03-20,19.0820466393389,NA
"13589",2016-03-21,18.9503730609115,NA
"13590",2016-03-22,18.760378434933,NA
"13591",2016-03-23,18.0755615434941,NA
"13592",2016-03-24,17.3885002938143,NA
"13593",2016-03-25,17.7432182741471,NA
"13594",2016-03-26,17.9764247029805,NA
"13595",2016-03-27,17.9765683554264,NA
"13596",2016-03-28,17.5779642873213,NA
"13597",2016-03-29,16.9404815783799,NA
"13598",2016-03-30,16.1441854785457,NA
"13599",2016-03-31,15.9465894880747,NA
"13600",2016-04-01,16.4504911997395,NA
"13601",2016-04-02,16.0680647059072,NA
"13602",2016-04-03,15.9858454044982,NA
"13603",2016-04-04,16.3630096363641,NA
"13604",2016-04-05,17.0226425337103,NA
"13605",2016-04-06,16.71575026252,NA
"13606",2016-04-07,16.4453458617213,NA
"13607",2016-04-08,15.7312177201375,NA
"13608",2016-04-09,16.0395581807047,NA
"13609",2016-04-10,16.4124278978435,NA
"13610",2016-04-11,16.2665764369324,NA
"13611",2016-04-12,15.5039458330128,NA
"13612",2016-04-13,15.8867418945784,NA
"13613",2016-04-14,16.1062932014847,NA
"13614",2016-04-15,16.6271350679454,NA
"13615",2016-04-16,16.4599003450427,NA
"13616",2016-04-17,15.9078691046435,NA
"13617",2016-04-18,15.7427378074089,NA
"13618",2016-04-19,16.193485534564,NA
"13619",2016-04-20,17.3151382603578,NA
"13620",2016-04-21,17.1928872291485,NA
"13621",2016-04-22,16.383564264294,NA
"13622",2016-04-23,16.3290477213115,NA
"13623",2016-04-24,16.6114735925228,NA
"13624",2016-04-25,16.9965008933087,NA
"13625",2016-04-26,17.2841950463644,NA
"13626",2016-04-27,17.1275811774822,NA
"13627",2016-04-28,17.4857222844215,NA
"13628",2016-04-29,17.9091780343123,NA
"13629",2016-04-30,18.3995058570583,NA
"13630",2016-05-01,17.9481528232244,NA
"13631",2016-05-02,17.70250925303,NA
"13632",2016-05-03,16.5725158850652,NA
"13633",2016-05-04,15.5593134630472,NA
"13634",2016-05-05,15.3198142193105,NA
"13635",2016-05-06,15.4697603307365,NA
"13636",2016-05-07,15.615620057352,NA
"13637",2016-05-08,16.3951368836997,NA
"13638",2016-05-09,16.3078472189921,NA
"13639",2016-05-10,16.5228295355641,NA
"13640",2016-05-11,16.6226239099795,NA
"13641",2016-05-12,16.610673752036,NA
"13642",2016-05-13,16.2113983829071,NA
"13643",2016-05-14,15.7229597539255,NA
"13644",2016-05-15,15.0187247202765,NA
"13645",2016-05-16,14.9934115815762,NA
"13646",2016-05-17,15.0151323651579,NA
"13647",2016-05-18,14.924116295237,NA
"13648",2016-05-19,14.7106394999664,NA
"13649",2016-05-20,14.5776559869841,NA
"13650",2016-05-21,14.3503424852486,NA
"13651",2016-05-22,14.8235498160021,NA
"13652",2016-05-23,14.4511169085692,NA
"13653",2016-05-24,14.3780626556887,NA
"13654",2016-05-25,13.8515024747997,NA
"13655",2016-05-26,13.0327862645404,NA
"13656",2016-05-27,12.5851939952937,NA
"13657",2016-05-28,11.7686421074061,NA
"13658",2016-05-29,10.6044723666284,NA
"13659",2016-05-30,10.1308938161846,NA
"13660",2016-05-31,9.60370736343039,NA
"13661",2016-06-01,9.46524382623072,NA
"13662",2016-06-02,9.54380829614514,NA
"13663",2016-06-03,9.60579799727959,NA
"13664",2016-06-04,10.1038823443664,NA
"13665",2016-06-05,10.648457312204,NA
"13666",2016-06-06,10.961196974537,NA
"13667",2016-06-07,11.1933593201782,NA
"13668",2016-06-08,11.4031375758274,NA
"13669",2016-06-09,11.5671065149773,NA
"13670",2016-06-10,11.4431822894073,NA
"13671",2016-06-11,10.66507450129,NA
"13672",2016-06-12,9.84753377476611,NA
"13673",2016-06-13,9.05075889132052,NA
"13674",2016-06-14,8.58611303902954,NA
"13675",2016-06-15,8.29927032181313,NA
"13676",2016-06-16,8.29452005415315,NA
"13677",2016-06-17,8.57342300732004,NA
"13678",2016-06-18,8.87069653418126,NA
"13679",2016-06-19,9.5606237671442,NA
"13680",2016-06-20,10.2882713612015,NA
"13681",2016-06-21,10.7257066890333,NA
"13682",2016-06-22,11.0381967584158,NA
"13683",2016-06-23,10.5979747320959,NA
"13684",2016-06-24,9.41934848785734,NA
"13685",2016-06-25,9.2370460405189,NA
"13686",2016-06-26,8.77788749073531,NA
"13687",2016-06-27,8.35501759838711,NA
"13688",2016-06-28,8.22080835254783,NA
"13689",2016-06-29,8.08504358224028,NA
"13690",2016-06-30,8.18571726098985,NA
"13691",2016-07-01,9.27103754339253,NA
"13692",2016-07-02,9.82734431308832,NA
"13693",2016-07-03,10.4062144401404,NA
"13694",2016-07-04,10.6019273570589,NA
"13695",2016-07-05,10.5836718004927,NA
"13696",2016-07-06,10.5528577245508,NA
"13697",2016-07-07,10.6503622992338,NA
"13698",2016-07-08,9.96971104879617,NA
"13699",2016-07-09,9.62728612154778,NA
"13700",2016-07-10,9.48700669771613,NA
"13701",2016-07-11,9.85410447806577,NA
"13702",2016-07-12,9.19290008078353,NA
"13703",2016-07-13,8.63464366477701,NA
"13704",2016-07-14,8.6737260145665,NA
"13705",2016-07-15,8.95554842852212,NA
"13706",2016-07-16,8.58355266050835,NA
"13707",2016-07-17,8.55327983013746,NA
"13708",2016-07-18,8.70646015904959,NA
"13709",2016-07-19,9.57834880564398,NA
"13710",2016-07-20,10.2868644320787,NA
"13711",2016-07-21,11.2064599708124,NA
"13712",2016-07-22,11.4128719657217,NA
"13713",2016-07-23,11.4226935688827,NA
"13714",2016-07-24,11.0772199960766,NA
"13715",2016-07-25,10.3008132196593,NA
"13716",2016-07-26,9.98721925660413,NA
"13717",2016-07-27,9.72863955484411,NA
"13718",2016-07-28,9.15022836983504,NA
"13719",2016-07-29,9.37758517785845,NA
"13720",2016-07-30,10.1277934169227,NA
"13721",2016-07-31,10.9061059915159,NA
"13722",2016-08-01,11.0390627961252,NA
"13723",2016-08-02,11.0371858638085,NA
"13724",2016-08-03,10.8421686591734,NA
"13725",2016-08-04,10.2677298961497,NA
"13726",2016-08-05,9.80417098807436,NA
"13727",2016-08-06,9.43750405021891,NA
"13728",2016-08-07,8.95412437357857,NA
"13729",2016-08-08,9.41995070279844,NA
"13730",2016-08-09,9.63616829347562,NA
"13731",2016-08-10,9.47957586731373,NA
"13732",2016-08-11,9.61998005088836,NA
"13733",2016-08-12,9.89347218501501,NA
"13734",2016-08-13,10.1135087810176,NA
"13735",2016-08-14,10.2357543131273,NA
"13736",2016-08-15,10.1561824283931,NA
"13737",2016-08-16,10.5698006578199,NA
"13738",2016-08-17,11.3171303915067,NA
"13739",2016-08-18,12.418806973844,NA
"13740",2016-08-19,12.106147910697,NA
"13741",2016-08-20,12.0891475886433,NA
"13742",2016-08-21,11.7679670287301,NA
"13743",2016-08-22,11.3702357364231,NA
"13744",2016-08-23,10.5351375222624,NA
"13745",2016-08-24,9.79663953947825,NA
"13746",2016-08-25,8.45663325003759,NA
"13747",2016-08-26,8.53470908503465,NA
"13748",2016-08-27,8.36029562792855,NA
"13749",2016-08-28,8.93657721939039,NA
"13750",2016-08-29,9.85179573322636,NA
"13751",2016-08-30,10.6511632722263,NA
"13752",2016-08-31,11.3879134799639,NA
"13753",2016-09-01,11.888968005159,NA
"13754",2016-09-02,12.1277312090634,NA
"13755",2016-09-03,12.1277774354858,NA
"13756",2016-09-04,12.1171385504902,NA
"13757",2016-09-05,11.5891658843477,NA
"13758",2016-09-06,11.608324648801,NA
"13759",2016-09-07,12.1221809861366,NA
"13760",2016-09-08,12.9993737437788,NA
"13761",2016-09-09,13.1628393571761,NA
"13762",2016-09-10,13.3951885754047,NA
"13763",2016-09-11,13.3412856295422,NA
"13764",2016-09-12,13.2521582416945,NA
"13765",2016-09-13,12.9953624306091,NA
"13766",2016-09-14,12.0477457401364,NA
"13767",2016-09-15,11.0666129309527,NA
"13768",2016-09-16,11.0910076936644,NA
"13769",2016-09-17,11.4599545095608,NA
"13770",2016-09-18,10.9389541921232,NA
"13771",2016-09-19,10.9288649102944,NA
"13772",2016-09-20,11.3284855360409,NA
"13773",2016-09-21,11.4187718792566,NA
"13774",2016-09-22,11.1622379517644,NA
"13775",2016-09-23,11.1082456607132,NA
"13776",2016-09-24,10.7286763623854,NA
"13777",2016-09-25,11.0622627866332,NA
"13778",2016-09-26,10.9133471190902,NA
"13779",2016-09-27,10.346534029215,NA
"13780",2016-09-28,10.7525825860612,NA
"13781",2016-09-29,10.7973994088791,NA
"13782",2016-09-30,10.8989815180839,NA
"13783",2016-10-01,11.1274729523982,NA
"13784",2016-10-02,11.4285568091555,NA
"13785",2016-10-03,11.7501680213089,NA
"13786",2016-10-04,11.6756606984612,NA
"13787",2016-10-05,11.6377511475397,NA
"13788",2016-10-06,13.2647052754417,NA
"13789",2016-10-07,13.4314250607642,NA
"13790",2016-10-08,13.7330250242042,NA
"13791",2016-10-09,14.0739568068757,NA
"13792",2016-10-10,13.7544716132005,NA
"13793",2016-10-11,13.9237073441356,NA
"13794",2016-10-12,13.5077104868369,NA
"13795",2016-10-13,12.2211709850031,NA
"13796",2016-10-14,12.5125639226185,NA
"13797",2016-10-15,13.2722447823332,NA
"13798",2016-10-16,12.5512617487147,NA
"13799",2016-10-17,12.9603497478901,NA
"13800",2016-10-18,12.5731403719615,NA
"13801",2016-10-19,12.8144925176388,NA
"13802",2016-10-20,14.0122550617906,NA
"13803",2016-10-21,13.0585304451037,NA
"13804",2016-10-22,11.3373307089172,NA
"13805",2016-10-23,11.1989482996466,NA
"13806",2016-10-24,11.4335473805942,NA
"13807",2016-10-25,12.9312309929663,NA
"13808",2016-10-26,13.1158327117234,NA
"13809",2016-10-27,11.9633679270096,NA
"13810",2016-10-28,12.7268459745248,NA
"13811",2016-10-29,14.5226302265426,NA
"13812",2016-10-30,14.7031490702722,NA
"13813",2016-10-31,14.383340779104,NA
"13814",2016-11-01,13.4589595075055,NA
"13815",2016-11-02,13.4593807830512,NA
"13816",2016-11-03,13.8831869553596,NA
"13817",2016-11-04,14.2394500974639,NA
"13818",2016-11-05,13.2965576853358,NA
"13819",2016-11-06,14.2118350715111,NA
"13820",2016-11-07,14.4572434267793,NA
"13821",2016-11-08,14.5795695268719,NA
"13822",2016-11-09,14.8053565530245,NA
"13823",2016-11-10,14.9394318321906,NA
"13824",2016-11-11,15.494579378015,NA
"13825",2016-11-12,15.567682016194,NA
"13826",2016-11-13,15.0023370422312,NA
"13827",2016-11-14,14.9660401964605,NA
"13828",2016-11-15,15.0943571627479,NA
"13829",2016-11-16,15.7158782622107,NA
"13830",2016-11-17,16.6743328344462,NA
"13831",2016-11-18,16.1272943539568,NA
"13832",2016-11-19,16.8415717399415,NA
"13833",2016-11-20,18.6280397395758,NA
"13834",2016-11-21,19.6165867689928,NA
"13835",2016-11-22,19.7032945062287,NA
"13836",2016-11-23,19.0408593651086,NA
"13837",2016-11-24,18.1868682964321,NA
"13838",2016-11-25,18.021389414629,NA
"13839",2016-11-26,17.3847645818915,NA
"13840",2016-11-27,15.8899706998013,NA
"13841",2016-11-28,15.4294978847669,NA
"13842",2016-11-29,16.0747179267027,NA
"13843",2016-11-30,16.6032020691772,NA
"13844",2016-12-01,17.0235333289657,NA
"13845",2016-12-02,17.2329808853891,NA
"13846",2016-12-03,18.0087246472025,NA
"13847",2016-12-04,18.6473295053322,NA
"13848",2016-12-05,18.4815471159017,NA
"13849",2016-12-06,18.1476883883013,NA
"13850",2016-12-07,19.0314837478467,NA
"13851",2016-12-08,18.5459576176585,NA
"13852",2016-12-09,18.2636651782647,NA
"13853",2016-12-10,17.6145094249019,NA
"13854",2016-12-11,17.3008316199265,NA
"13855",2016-12-12,18.422958496625,NA
"13856",2016-12-13,19.3348105111168,NA
"13857",2016-12-14,18.2975629183138,NA
"13858",2016-12-15,18.6945369108404,NA
"13859",2016-12-16,19.4732688885903,NA
"13860",2016-12-17,19.2726413099089,NA
"13861",2016-12-18,19.1237153610011,NA
"13862",2016-12-19,18.6953087075205,NA
"13863",2016-12-20,17.8418640537828,NA
"13864",2016-12-21,18.2345155615142,NA
"13865",2016-12-22,18.8034172213719,NA
"13866",2016-12-23,19.3750970242004,NA
"13867",2016-12-24,20.5098353620254,NA
"13868",2016-12-25,21.5631371890017,NA
"13869",2016-12-26,21.4889892250673,NA
"13870",2016-12-27,22.0119360855156,NA
"13871",2016-12-28,22.5491354447322,NA
"13872",2016-12-29,22.5493054956924,NA
"13873",2016-12-30,22.2295914742558,NA
"13874",2016-12-31,21.920291241262,NA
"13875",2017-01-01,20.9571342790958,NA
"13876",2017-01-02,20.6129320913546,NA
"13877",2017-01-03,20.2549160984894,NA
"13878",2017-01-04,20.0917956353039,NA
"13879",2017-01-05,20.6150903195651,NA
"13880",2017-01-06,21.5396182885985,NA
"13881",2017-01-07,22.2989843902495,NA
"13882",2017-01-08,22.6256831274437,NA
"13883",2017-01-09,22.7689900386047,NA
"13884",2017-01-10,22.8022526963136,NA
"13885",2017-01-11,22.5414436747011,NA
"13886",2017-01-12,22.4934237775521,NA
"13887",2017-01-13,21.786988196516,NA
"13888",2017-01-14,20.6064613689278,NA
"13889",2017-01-15,20.1796831516718,NA
"13890",2017-01-16,20.6563178852833,NA
"13891",2017-01-17,21.039443932276,NA
"13892",2017-01-18,20.9039321689587,NA
"13893",2017-01-19,20.5776849356338,NA
"13894",2017-01-20,20.3378561953043,NA
"13895",2017-01-21,20.6631934067466,NA
"13896",2017-01-22,21.3122309132663,NA
"13897",2017-01-23,21.1383095816297,NA
"13898",2017-01-24,20.3491008793691,NA
"13899",2017-01-25,20.4357114209015,NA
"13900",2017-01-26,20.1182545185849,NA
"13901",2017-01-27,20.7126999099968,NA
"13902",2017-01-28,20.9536416627395,NA
"13903",2017-01-29,20.9466924047327,NA
"13904",2017-01-30,20.6967215067834,NA
"13905",2017-01-31,20.7394177417577,NA
"13906",2017-02-01,20.5699401352992,NA
"13907",2017-02-02,20.4943037857605,NA
"13908",2017-02-03,20.373357380372,NA
"13909",2017-02-04,20.6527503160892,NA
"13910",2017-02-05,20.1276308967581,NA
"13911",2017-02-06,19.5614492781279,NA
"13912",2017-02-07,20.0086721805739,NA
"13913",2017-02-08,21.2335811015655,NA
"13914",2017-02-09,21.986371952434,NA
"13915",2017-02-10,22.4351403059096,NA
"13916",2017-02-11,22.2016567428119,NA
"13917",2017-02-12,21.8955450924665,NA
"13918",2017-02-13,22.0274468955665,NA
"13919",2017-02-14,21.8152605477045,NA
"13920",2017-02-15,21.2844710840998,NA
"13921",2017-02-16,20.3873258493448,NA
"13922",2017-02-17,19.1370238984503,NA
"13923",2017-02-18,18.2237237075667,NA
"13924",2017-02-19,17.8188998232785,NA
"13925",2017-02-20,17.3327532928866,NA
"13926",2017-02-21,17.4429363128449,NA
"13927",2017-02-22,17.4429172352476,NA
"13928",2017-02-23,17.3456707071438,NA
"13929",2017-02-24,17.3692838968015,NA
"13930",2017-02-25,17.7208197110468,NA
"13931",2017-02-26,18.9134853316263,NA
"13932",2017-02-27,20.1697247956492,NA
"13933",2017-02-28,20.7698539205857,NA
"13934",2017-03-01,21.0316664682523,NA
"13935",2017-03-02,21.5624023008685,NA
"13936",2017-03-03,22.0009848955589,NA
"13937",2017-03-04,22.4141677045042,NA
"13938",2017-03-05,22.3604987477976,NA
"13939",2017-03-06,22.1234565160417,NA
"13940",2017-03-07,21.9024676312273,NA
"13941",2017-03-08,21.7686615150005,NA
"13942",2017-03-09,21.7191633765352,NA
"13943",2017-03-10,21.6919316081519,NA
"13944",2017-03-11,21.5079009274086,NA
"13945",2017-03-12,21.2363940149457,NA
"13946",2017-03-13,21.2267123516451,NA
"13947",2017-03-14,21.4587151826119,NA
"13948",2017-03-15,21.6019996087516,NA
"13949",2017-03-16,21.0009720722448,NA
"13950",2017-03-17,20.5716028076735,NA
"13951",2017-03-18,20.7450611578775,NA
"13952",2017-03-19,21.3097159214279,NA
"13953",2017-03-20,21.4687873377593,NA
"13954",2017-03-21,21.0116588038961,NA
"13955",2017-03-22,20.3119718504417,NA
"13956",2017-03-23,20.6032506817994,NA
"13957",2017-03-24,20.9741163752788,NA
"13958",2017-03-25,20.8692811680207,NA
"13959",2017-03-26,20.8599531450839,NA
"13960",2017-03-27,20.2252679326685,NA
"13961",2017-03-28,19.929429623001,NA
"13962",2017-03-29,19.4074737783631,NA
"13963",2017-03-30,18.5059016990717,NA
"13964",2017-03-31,17.4746646407101,NA
"13965",2017-04-01,16.4032835872151,NA
"13966",2017-04-02,14.6893960924043,NA
"13967",2017-04-03,14.5733065034039,NA
"13968",2017-04-04,14.5713801407579,NA
"13969",2017-04-05,15.1156730908541,NA
"13970",2017-04-06,16.1235039127511,NA
"13971",2017-04-07,17.047176282645,NA
"13972",2017-04-08,17.5918856341151,NA
"13973",2017-04-09,17.4515022595063,NA
"13974",2017-04-10,17.0996709270026,NA
"13975",2017-04-11,16.7081405839465,NA
"13976",2017-04-12,16.3019460950379,NA
"13977",2017-04-13,15.9273812628644,NA
"13978",2017-04-14,14.9716781655025,NA
"13979",2017-04-15,14.4337345895736,NA
"13980",2017-04-16,14.7304930716174,NA
"13981",2017-04-17,14.9513915619956,NA
"13982",2017-04-18,15.4642217121507,NA
"13983",2017-04-19,16.5164894388867,NA
"13984",2017-04-20,16.697832972689,NA
"13985",2017-04-21,17.085099625274,NA
"13986",2017-04-22,17.3422325558179,NA
"13987",2017-04-23,17.6571577036193,NA
"13988",2017-04-24,18.0019507408639,NA
"13989",2017-04-25,17.5225846535817,NA
"13990",2017-04-26,15.8101219662071,NA
"13991",2017-04-27,15.0866581022509,NA
"13992",2017-04-28,14.7787454470105,NA
"13993",2017-04-29,14.5332389247565,NA
"13994",2017-04-30,14.3356615151613,NA
"13995",2017-05-01,13.4824268329025,NA
"13996",2017-05-02,12.8466099321739,NA
"13997",2017-05-03,12.971718184798,NA
"13998",2017-05-04,12.5449252508399,NA
"13999",2017-05-05,11.9392500150046,NA
"14000",2017-05-06,11.0643782293092,NA
"14001",2017-05-07,10.169889472115,NA
"14002",2017-05-08,10.0557705750932,NA
"14003",2017-05-09,9.88734184380372,NA
"14004",2017-05-10,9.97667491868412,NA
"14005",2017-05-11,10.2772453805151,NA
"14006",2017-05-12,10.2366170575618,NA
"14007",2017-05-13,10.4305224653547,NA
"14008",2017-05-14,10.5058032571521,NA
"14009",2017-05-15,10.2074386860032,NA
"14010",2017-05-16,11.0522507464281,NA
"14011",2017-05-17,11.4369599010915,NA
"14012",2017-05-18,11.8857865522858,NA
"14013",2017-05-19,12.2826454185375,NA
"14014",2017-05-20,12.6665442129736,NA
"14015",2017-05-21,13.3274730942487,NA
"14016",2017-05-22,14.3186810794231,NA
"14017",2017-05-23,14.2561307767768,NA
"14018",2017-05-24,14.2383105035587,NA
"14019",2017-05-25,14.0532541886943,NA
"14020",2017-05-26,13.9731924168714,NA
"14021",2017-05-27,13.8959774004852,NA
"14022",2017-05-28,12.822764049173,NA
"14023",2017-05-29,12.2023853300043,NA
"14024",2017-05-30,11.1296999436529,NA
"14025",2017-05-31,10.3102155135489,NA
"14026",2017-06-01,9.27655043499556,NA
"14027",2017-06-02,8.20706630231165,NA
"14028",2017-06-03,7.29249844323639,NA
"14029",2017-06-04,7.63685170393242,NA
"14030",2017-06-05,7.53516664084659,NA
"14031",2017-06-06,7.57509009011596,NA
"14032",2017-06-07,7.3157176864832,NA
"14033",2017-06-08,7.56017798419069,NA
"14034",2017-06-09,8.13329109243074,NA
"14035",2017-06-10,8.21406311008475,NA
"14036",2017-06-11,8.33613467279364,NA
"14037",2017-06-12,8.18352980550247,NA
"14038",2017-06-13,8.5269703885362,NA
"14039",2017-06-14,9.26823208880948,NA
"14040",2017-06-15,9.58275437839564,NA
"14041",2017-06-16,9.49240434789205,NA
"14042",2017-06-17,9.8513617633796,NA
"14043",2017-06-18,10.0320115745666,NA
"14044",2017-06-19,10.0426607988757,NA
"14045",2017-06-20,10.2061370799447,NA
"14046",2017-06-21,10.2175655282171,NA
"14047",2017-06-22,10.1025331322124,NA
"14048",2017-06-23,10.2711293135456,NA
"14049",2017-06-24,10.2674621391571,NA
"14050",2017-06-25,9.97501427890446,NA
"14051",2017-06-26,9.94255976335939,NA
"14052",2017-06-27,9.95420562793892,NA
"14053",2017-06-28,9.68264292928028,NA
"14054",2017-06-29,9.50871892472879,NA
"14055",2017-06-30,8.78090841911566,NA
"14056",2017-07-01,8.21691373209623,NA
"14057",2017-07-02,8.01895207475349,NA
"14058",2017-07-03,8.11212970875737,NA
"14059",2017-07-04,8.29864398901158,NA
"14060",2017-07-05,7.99292053268602,NA
"14061",2017-07-06,8.03514355676973,NA
"14062",2017-07-07,8.55736526932201,NA
"14063",2017-07-08,9.03852958183555,NA
"14064",2017-07-09,9.02337909233979,NA
"14065",2017-07-10,8.60240666561889,NA
"14066",2017-07-11,8.02107941584556,NA
"14067",2017-07-12,8.37056467145369,NA
"14068",2017-07-13,8.59847275352324,NA
"14069",2017-07-14,8.37747233069324,NA
"14070",2017-07-15,8.2967970819406,NA
"14071",2017-07-16,8.58943095342694,NA
"14072",2017-07-17,9.06619941475275,NA
"14073",2017-07-18,9.48209739328453,NA
"14074",2017-07-19,9.25997734790642,NA
"14075",2017-07-20,8.60982319317243,NA
"14076",2017-07-21,8.65275232439715,NA
"14077",2017-07-22,8.93221873284174,NA
"14078",2017-07-23,8.85794810490875,NA
"14079",2017-07-24,8.81182779745097,NA
"14080",2017-07-25,9.06431419774731,NA
"14081",2017-07-26,9.10620749338852,NA
"14082",2017-07-27,9.7433609902895,NA
"14083",2017-07-28,10.2438814835574,NA
"14084",2017-07-29,10.7504494644128,NA
"14085",2017-07-30,10.5993569328406,NA
"14086",2017-07-31,10.2432984270354,NA
"14087",2017-08-01,9.64562304194214,NA
"14088",2017-08-02,9.89044191890794,NA
"14089",2017-08-03,9.51741547568065,NA
"14090",2017-08-04,9.24643118227435,NA
"14091",2017-08-05,8.72290098945172,NA
"14092",2017-08-06,8.71553198790984,NA
"14093",2017-08-07,8.75741739360257,NA
"14094",2017-08-08,9.08821230931826,NA
"14095",2017-08-09,9.52807814268085,NA
"14096",2017-08-10,10.2467815608552,NA
"14097",2017-08-11,10.6317145453824,NA
"14098",2017-08-12,10.4524740118999,NA
"14099",2017-08-13,11.0554130273321,NA
"14100",2017-08-14,11.9981812499662,NA
"14101",2017-08-15,12.4637561403556,NA
"14102",2017-08-16,12.3400275622754,NA
"14103",2017-08-17,11.8442913351363,NA
"14104",2017-08-18,11.0531048095953,NA
"14105",2017-08-19,10.4977685765656,NA
"14106",2017-08-20,9.88565233944951,NA
"14107",2017-08-21,8.89308705040132,NA
"14108",2017-08-22,8.46209010550551,NA
"14109",2017-08-23,7.89565224723353,NA
"14110",2017-08-24,7.65994305471092,NA
"14111",2017-08-25,8.11392385323767,NA
"14112",2017-08-26,8.76973407687186,NA
"14113",2017-08-27,8.34978535025201,NA
"14114",2017-08-28,8.29020804982424,NA
"14115",2017-08-29,7.76771777966277,NA
"14116",2017-08-30,7.74050679831167,NA
"14117",2017-08-31,7.98437593336541,NA
"14118",2017-09-01,8.54872823149149,NA
"14119",2017-09-02,9.28768660066107,NA
"14120",2017-09-03,10.030715822179,NA
"14121",2017-09-04,9.96018771662404,NA
"14122",2017-09-05,10.2168051951311,NA
"14123",2017-09-06,10.4447030310219,NA
"14124",2017-09-07,10.6530776737444,NA
"14125",2017-09-08,9.90255486496175,NA
"14126",2017-09-09,9.13037683531581,NA
"14127",2017-09-10,9.4309954258614,NA
"14128",2017-09-11,10.6532085068709,NA
"14129",2017-09-12,11.4999545404662,NA
"14130",2017-09-13,11.260489664858,NA
"14131",2017-09-14,11.4177280550746,NA
"14132",2017-09-15,11.9174527525798,NA
"14133",2017-09-16,11.6706727255647,NA
"14134",2017-09-17,11.7905192460419,NA
"14135",2017-09-18,11.0442896762926,NA
"14136",2017-09-19,10.1602903664171,NA
"14137",2017-09-20,11.1058121407879,NA
"14138",2017-09-21,11.4721273292309,NA
"14139",2017-09-22,12.499139119334,NA
"14140",2017-09-23,13.6821563651378,NA
"14141",2017-09-24,13.6100674887163,NA
"14142",2017-09-25,13.4649718292385,NA
"14143",2017-09-26,14.0990500425101,NA
"14144",2017-09-27,14.3113208048589,NA
"14145",2017-09-28,13.926564798053,NA
"14146",2017-09-29,13.0523496565373,NA
"14147",2017-09-30,12.3818819568521,NA
"14148",2017-10-01,12.1541661399272,NA
"14149",2017-10-02,12.5522863827324,NA
"14150",2017-10-03,12.8624553842306,NA
"14151",2017-10-04,13.4749922872319,NA
"14152",2017-10-05,13.5993792135944,NA
"14153",2017-10-06,13.6607979789187,NA
"14154",2017-10-07,14.5812611993459,NA
"14155",2017-10-08,15.414589084004,NA
"14156",2017-10-09,15.3138854516687,NA
"14157",2017-10-10,15.4528066448897,NA
"14158",2017-10-11,14.5107162045854,NA
"14159",2017-10-12,14.6216635554094,NA
"14160",2017-10-13,14.5576478527555,NA
"14161",2017-10-14,13.874220328478,NA
"14162",2017-10-15,13.769320536531,NA
"14163",2017-10-16,15.207805864443,NA
"14164",2017-10-17,16.1564494749644,NA
"14165",2017-10-18,17.7042525145214,NA
"14166",2017-10-19,17.9237935738606,NA
"14167",2017-10-20,17.8717769582949,NA
"14168",2017-10-21,17.7974052144416,NA
"14169",2017-10-22,17.4649480378993,NA
"14170",2017-10-23,16.619274594813,NA
"14171",2017-10-24,15.9681357117106,NA
"14172",2017-10-25,14.8675073200464,NA
"14173",2017-10-26,14.7499165854517,NA
"14174",2017-10-27,15.7998624010238,NA
"14175",2017-10-28,16.18971921679,NA
"14176",2017-10-29,16.442492881842,NA
"14177",2017-10-30,15.7148805727972,NA
"14178",2017-10-31,15.1473054041869,NA
"14179",2017-11-01,14.7418551181465,NA
"14180",2017-11-02,14.5513135474538,NA
"14181",2017-11-03,13.0767109083229,NA
"14182",2017-11-04,12.5118718327266,NA
"14183",2017-11-05,12.1949877782915,NA
"14184",2017-11-06,12.8092587014157,NA
"14185",2017-11-07,12.5480330692899,NA
"14186",2017-11-08,12.9138944241327,NA
"14187",2017-11-09,14.1363872168296,NA
"14188",2017-11-10,16.1937250832175,NA
"14189",2017-11-11,17.8081101001856,NA
"14190",2017-11-12,19.1568115691971,NA
"14191",2017-11-13,20.5498222321539,NA
"14192",2017-11-14,21.7766965914584,NA
"14193",2017-11-15,21.8844569049318,NA
"14194",2017-11-16,21.5560834771968,NA
"14195",2017-11-17,20.8650422303216,NA
"14196",2017-11-18,20.6218999734944,NA
"14197",2017-11-19,20.4241945165606,NA
"14198",2017-11-20,20.124420419327,NA
"14199",2017-11-21,19.8500202310665,NA
"14200",2017-11-22,20.5768817093024,NA
"14201",2017-11-23,21.3078310343391,NA
"14202",2017-11-24,21.8830320392937,NA
"14203",2017-11-25,22.0074445722736,NA
"14204",2017-11-26,21.777105181386,NA
"14205",2017-11-27,21.4489657802353,NA
"14206",2017-11-28,21.630521606684,NA
"14207",2017-11-29,21.8086382880774,NA
"14208",2017-11-30,21.828656007697,NA
"14209",2017-12-01,21.3429489235597,NA
"14210",2017-12-02,20.6029150637798,NA
"14211",2017-12-03,20.1224754895701,NA
"14212",2017-12-04,19.6296947893139,NA
"14213",2017-12-05,18.5124905433979,NA
"14214",2017-12-06,17.3176121703422,NA
"14215",2017-12-07,15.8028779756282,NA
"14216",2017-12-08,15.8437764457785,NA
"14217",2017-12-09,16.3125726642857,NA
"14218",2017-12-10,16.9831813989056,NA
"14219",2017-12-11,17.6446769348348,NA
"14220",2017-12-12,18.6804288304,NA
"14221",2017-12-13,19.6978178175958,NA
"14222",2017-12-14,20.2176811134544,NA
"14223",2017-12-15,20.5227319679566,NA
"14224",2017-12-16,20.8678513791142,NA
"14225",2017-12-17,21.3587740813694,NA
"14226",2017-12-18,22.0350614899938,NA
"14227",2017-12-19,21.8263026581541,NA
"14228",2017-12-20,21.0216437658725,NA
"14229",2017-12-21,21.0873976162036,NA
"14230",2017-12-22,21.2045570812691,NA
"14231",2017-12-23,21.2676732872605,NA
"14232",2017-12-24,20.5633176850279,NA
"14233",2017-12-25,19.6048302562819,NA
"14234",2017-12-26,19.7137353330539,NA
"14235",2017-12-27,20.8694325069691,NA
"14236",2017-12-28,21.2171718520834,NA
"14237",2017-12-29,21.0628796169763,NA
"14238",2017-12-30,20.5537540314916,NA
"14239",2017-12-31,20.8379251088518,NA
"14240",2018-01-01,20.8640197261033,NA
"14241",2018-01-02,20.3194476317596,NA
"14242",2018-01-03,19.3090064435111,NA
"14243",2018-01-04,19.1585038217066,NA
"14244",2018-01-05,20.0553592716848,NA
"14245",2018-01-06,21.0903438408281,NA
"14246",2018-01-07,21.3369192040105,NA
"14247",2018-01-08,21.3984488702552,NA
"14248",2018-01-09,21.4507138204983,NA
"14249",2018-01-10,21.6243884904459,NA
"14250",2018-01-11,22.1059067653393,NA
"14251",2018-01-12,21.4257926000389,NA
"14252",2018-01-13,20.267281008884,NA
"14253",2018-01-14,19.8148733534086,NA
"14254",2018-01-15,19.6767650353416,NA
"14255",2018-01-16,20.1641864659652,NA
"14256",2018-01-17,20.6578214119682,NA
"14257",2018-01-18,20.7914301892455,NA
"14258",2018-01-19,21.7906985508384,NA
"14259",2018-01-20,22.5533501829853,NA
"14260",2018-01-21,22.886716628538,NA
"14261",2018-01-22,22.9817667097116,NA
"14262",2018-01-23,22.9627134721701,NA
"14263",2018-01-24,22.8923038787267,NA
"14264",2018-01-25,22.7588942115451,NA
"14265",2018-01-26,22.5819507296814,NA
"14266",2018-01-27,22.7073995622897,NA
"14267",2018-01-28,22.9115420181898,NA
"14268",2018-01-29,22.8606681588512,NA
"14269",2018-01-30,22.6526269265483,NA
"14270",2018-01-31,22.2634852803415,NA
"14271",2018-02-01,21.7805838226118,NA
"14272",2018-02-02,21.4092529823451,NA
"14273",2018-02-03,20.8411946554926,NA
"14274",2018-02-04,20.1112616530575,NA
"14275",2018-02-05,20.5951940142401,NA
"14276",2018-02-06,21.5112671298708,NA
"14277",2018-02-07,22.3182932910819,NA
"14278",2018-02-08,22.7080255558183,NA
"14279",2018-02-09,22.9358319703641,NA
"14280",2018-02-10,22.8900653540337,NA
"14281",2018-02-11,22.6243943885927,NA
"14282",2018-02-12,22.26328684135,NA
"14283",2018-02-13,21.9740659903533,NA
"14284",2018-02-14,21.1451406211221,NA
"14285",2018-02-15,20.3565796329103,NA
"14286",2018-02-16,19.3712066705278,NA
"14287",2018-02-17,19.2569770454232,NA
"14288",2018-02-18,19.5921182217939,NA
"14289",2018-02-19,19.8866178001232,NA
"14290",2018-02-20,20.2704929908848,NA
"14291",2018-02-21,20.983262652353,NA
"14292",2018-02-22,21.305700951431,NA
"14293",2018-02-23,21.9739661327391,NA
"14294",2018-02-24,21.8283685396061,NA
"14295",2018-02-25,21.4685203144871,NA
"14296",2018-02-26,21.5069959006579,NA
"14297",2018-02-27,21.4917896854493,NA
"14298",2018-02-28,20.9282333430973,NA
"14299",2018-03-01,20.6688319216814,NA
"14300",2018-03-02,20.0503663437376,NA
"14301",2018-03-03,20.1671630420131,NA
"14302",2018-03-04,20.2042547206944,NA
"14303",2018-03-05,19.6491398407827,NA
"14304",2018-03-06,18.9926305616026,NA
"14305",2018-03-07,19.4458623327369,NA
"14306",2018-03-08,19.9308142139866,NA
"14307",2018-03-09,20.2841844032752,NA
"14308",2018-03-10,20.7629361216782,NA
"14309",2018-03-11,21.0121103775176,NA
"14310",2018-03-12,21.1071327224351,NA
"14311",2018-03-13,20.9364061743913,NA
"14312",2018-03-14,20.5199545953777,NA
"14313",2018-03-15,19.8012031782375,NA
"14314",2018-03-16,19.3285455238928,NA
"14315",2018-03-17,19.2954538544317,NA
"14316",2018-03-18,18.8935375640428,NA
"14317",2018-03-19,18.8547000345773,NA
"14318",2018-03-20,18.4711597388711,NA
"14319",2018-03-21,18.887851088416,NA
"14320",2018-03-22,19.418450878402,NA
"14321",2018-03-23,19.7841872371489,NA
"14322",2018-03-24,19.5452472942235,NA
"14323",2018-03-25,19.279079970925,NA
"14324",2018-03-26,18.7393009096421,NA
"14325",2018-03-27,19.3144905934089,NA
"14326",2018-03-28,18.9973934918245,NA
"14327",2018-03-29,18.5467615480383,NA
"14328",2018-03-30,17.5886905095862,NA
"14329",2018-03-31,16.8286902134999,NA
"14330",2018-04-01,17.6426736408513,NA
"14331",2018-04-02,18.1392092135471,NA
"14332",2018-04-03,17.5838644992993,NA
"14333",2018-04-04,17.3075549873969,NA
"14334",2018-04-05,17.0951765492407,NA
"14335",2018-04-06,17.0267161146383,NA
"14336",2018-04-07,17.3155428427147,NA
"14337",2018-04-08,17.643474120668,NA
"14338",2018-04-09,18.4355167159609,NA
"14339",2018-04-10,19.4248152315757,NA
"14340",2018-04-11,20.5229267256483,NA
"14341",2018-04-12,20.6408299960138,NA
"14342",2018-04-13,20.6933419291831,NA
"14343",2018-04-14,20.2042507686157,NA
"14344",2018-04-15,19.6517788380463,NA
"14345",2018-04-16,18.6741989214745,NA
"14346",2018-04-17,17.1294150875493,NA
"14347",2018-04-18,15.3336304449322,NA
"14348",2018-04-19,15.3272192328115,NA
"14349",2018-04-20,15.7407978682477,NA
"14350",2018-04-21,16.3412598378078,NA
"14351",2018-04-22,16.4855065351468,NA
"14352",2018-04-23,17.2958343677476,NA
"14353",2018-04-24,17.8372489861482,NA
"14354",2018-04-25,17.8710937696256,NA
"14355",2018-04-26,17.182164243108,NA
"14356",2018-04-27,16.3048076955378,NA
"14357",2018-04-28,15.6621117265758,NA
"14358",2018-04-29,14.9621967316032,NA
"14359",2018-04-30,13.7884595125634,NA
"14360",2018-05-01,13.9262192030057,NA
"14361",2018-05-02,14.3736675138986,NA
"14362",2018-05-03,14.5001691127152,NA
"14363",2018-05-04,14.4614170117277,NA
"14364",2018-05-05,14.4329755331155,NA
"14365",2018-05-06,14.5802052443279,NA
"14366",2018-05-07,14.7853002043956,NA
"14367",2018-05-08,13.9437063135369,NA
"14368",2018-05-09,13.1787106443189,NA
"14369",2018-05-10,12.5701022187604,NA
"14370",2018-05-11,12.3450504444983,NA
"14371",2018-05-12,12.3012931670275,NA
"14372",2018-05-13,11.8251246068356,NA
"14373",2018-05-14,11.4980446447775,NA
"14374",2018-05-15,11.2592769460018,NA
"14375",2018-05-16,11.0718424949894,NA
"14376",2018-05-17,11.7182584342456,NA
"14377",2018-05-18,11.9546298728891,NA
"14378",2018-05-19,11.7723440682002,NA
"14379",2018-05-20,12.2149617531173,NA
"14380",2018-05-21,12.4933671248294,NA
"14381",2018-05-22,13.0542062201709,NA
"14382",2018-05-23,13.3509390069408,NA
"14383",2018-05-24,13.0771037426325,NA
"14384",2018-05-25,12.5959738668319,NA
"14385",2018-05-26,12.7526353418259,NA
"14386",2018-05-27,13.1043173062373,NA
"14387",2018-05-28,13.4297498504166,NA
"14388",2018-05-29,12.7166340365259,NA
"14389",2018-05-30,12.3017828226923,NA
"14390",2018-05-31,11.7684686580983,NA
"14391",2018-06-01,11.5753623534993,NA
"14392",2018-06-02,10.9091434521737,NA
"14393",2018-06-03,9.75633161648438,NA
"14394",2018-06-04,8.67692992174874,NA
"14395",2018-06-05,8.78474385791205,NA
"14396",2018-06-06,9.11601701404865,NA
"14397",2018-06-07,10.0316543907722,NA
"14398",2018-06-08,10.6581776316636,NA
"14399",2018-06-09,10.5533996482867,NA
"14400",2018-06-10,10.9709219131211,NA
"14401",2018-06-11,11.5384977928952,NA
"14402",2018-06-12,11.6426768044839,NA
"14403",2018-06-13,11.1521137653551,NA
"14404",2018-06-14,10.7191153331045,NA
"14405",2018-06-15,10.2437623313578,NA
"14406",2018-06-16,10.2531980815452,NA
"14407",2018-06-17,9.6668491446979,NA
"14408",2018-06-18,8.69341206130525,NA
"14409",2018-06-19,8.1971550959331,NA
"14410",2018-06-20,7.56553204527747,NA
"14411",2018-06-21,6.96567391444647,NA
"14412",2018-06-22,6.70944073108176,NA
"14413",2018-06-23,6.90212717963486,NA
"14414",2018-06-24,7.04702898577409,NA
"14415",2018-06-25,7.3095233409559,NA
"14416",2018-06-26,7.37538988306971,NA
"14417",2018-06-27,7.70348763945297,NA
"14418",2018-06-28,7.80636331227623,NA
"14419",2018-06-29,8.15705498354622,NA
"14420",2018-06-30,7.72386035358797,NA
"14421",2018-07-01,7.3542403646486,NA
"14422",2018-07-02,7.46076068350887,NA
"14423",2018-07-03,7.88832298000573,NA
"14424",2018-07-04,8.69703763212497,NA
"14425",2018-07-05,9.47486860661005,NA
"14426",2018-07-06,9.59978500907718,NA
"14427",2018-07-07,10.1417664687945,NA
"14428",2018-07-08,10.9236648808789,NA
"14429",2018-07-09,11.1248261782541,NA
"14430",2018-07-10,10.8235797044019,NA
"14431",2018-07-11,9.97018999175757,NA
"14432",2018-07-12,8.83415320252067,NA
"14433",2018-07-13,8.27620354902042,NA
"14434",2018-07-14,7.95628752574263,NA
"14435",2018-07-15,7.88726348585119,NA
"14436",2018-07-16,8.04842948096201,NA
"14437",2018-07-17,8.03175660408116,NA
"14438",2018-07-18,8.56749966276548,NA
"14439",2018-07-19,8.92400172651969,NA
"14440",2018-07-20,8.92748683470699,NA
"14441",2018-07-21,9.16464561034678,NA
"14442",2018-07-22,9.25058203435878,NA
"14443",2018-07-23,9.14214382544015,NA
"14444",2018-07-24,9.4131851793512,NA
"14445",2018-07-25,9.08922127563674,NA
"14446",2018-07-26,9.40140135302517,NA
"14447",2018-07-27,10.1192198347218,NA
"14448",2018-07-28,10.6290455903246,NA
"14449",2018-07-29,10.1630655718535,NA
"14450",2018-07-30,10.2257948520942,NA
"14451",2018-07-31,10.2028984681096,NA
"14452",2018-08-01,10.2706469272779,NA
"14453",2018-08-02,10.835910122556,NA
"14454",2018-08-03,10.3639577926125,NA
"14455",2018-08-04,10.3112609392651,NA
"14456",2018-08-05,10.8439961201014,NA
"14457",2018-08-06,10.3320331192134,NA
"14458",2018-08-07,10.5273216579687,NA
"14459",2018-08-08,10.6732506495619,NA
"14460",2018-08-09,10.5224587260634,NA
"14461",2018-08-10,11.0302468175014,NA
"14462",2018-08-11,10.0449507882872,NA
"14463",2018-08-12,9.89272938168378,NA
"14464",2018-08-13,10.3454254775203,NA
"14465",2018-08-14,10.7493250013545,NA
"14466",2018-08-15,10.6182356768898,NA
"14467",2018-08-16,10.1510591730073,NA
"14468",2018-08-17,10.0664804679254,NA
"14469",2018-08-18,10.4047047951157,NA
"14470",2018-08-19,9.83586677526207,NA
"14471",2018-08-20,9.72461020766197,NA
"14472",2018-08-21,8.95979757108557,NA
"14473",2018-08-22,8.93230420277269,NA
"14474",2018-08-23,8.96649993793394,NA
"14475",2018-08-24,8.71864860318279,NA
"14476",2018-08-25,9.07675143864549,NA
"14477",2018-08-26,9.31498595168105,NA
"14478",2018-08-27,8.89603892739644,NA
"14479",2018-08-28,8.59689177727529,NA
"14480",2018-08-29,8.85906581627899,NA
"14481",2018-08-30,9.26010026588867,NA
"14482",2018-08-31,9.64004078621047,NA
"14483",2018-09-01,9.25440703928263,NA
"14484",2018-09-02,9.09260134962189,NA
"14485",2018-09-03,9.3962341656157,NA
"14486",2018-09-04,10.1845186774474,NA
"14487",2018-09-05,11.051308890417,NA
"14488",2018-09-06,10.6813411963458,NA
"14489",2018-09-07,10.1356272001419,NA
"14490",2018-09-08,10.9092418743777,NA
"14491",2018-09-09,11.7293835334264,NA
"14492",2018-09-10,12.3601000399701,NA
"14493",2018-09-11,12.8316655712445,NA
"14494",2018-09-12,11.8691158579608,NA
"14495",2018-09-13,12.2156440928403,NA
"14496",2018-09-14,13.5008431242377,NA
"14497",2018-09-15,12.4312106594804,NA
"14498",2018-09-16,11.7394683023227,NA
"14499",2018-09-17,11.7533493005697,NA
"14500",2018-09-18,10.9682281561485,NA
"14501",2018-09-19,10.6148741188271,NA
"14502",2018-09-20,10.6324468646895,NA
"14503",2018-09-21,9.62447705462018,NA
"14504",2018-09-22,10.6966558456924,NA
"14505",2018-09-23,10.8314401413057,NA
"14506",2018-09-24,10.2040745695282,NA
"14507",2018-09-25,10.0533808518005,NA
"14508",2018-09-26,10.8697899044951,NA
"14509",2018-09-27,11.0271580841554,NA
"14510",2018-09-28,10.6084280131515,NA
"14511",2018-09-29,10.1101116546321,NA
"14512",2018-09-30,10.4201662916272,NA
"14513",2018-10-01,11.6950449057116,NA
"14514",2018-10-02,13.2776031048333,NA
"14515",2018-10-03,13.2138235720917,NA
"14516",2018-10-04,12.976580242197,NA
"14517",2018-10-05,13.9785279350951,NA
"14518",2018-10-06,15.3194156020832,NA
"14519",2018-10-07,16.2323443398701,NA
"14520",2018-10-08,16.3462225973789,NA
"14521",2018-10-09,15.2729305491493,NA
"14522",2018-10-10,15.0807445775434,NA
"14523",2018-10-11,15.4239293743965,NA
"14524",2018-10-12,15.7960346617064,NA
"14525",2018-10-13,15.748221741846,NA
"14526",2018-10-14,16.299954548557,NA
"14527",2018-10-15,16.5250747126483,NA
"14528",2018-10-16,17.099400425408,NA
"14529",2018-10-17,17.4560821810322,NA
"14530",2018-10-18,17.4063354236767,NA
"14531",2018-10-19,17.5955260966811,NA
"14532",2018-10-20,16.6732030567882,NA
"14533",2018-10-21,15.6432588355641,NA
"14534",2018-10-22,15.5751368251557,NA
"14535",2018-10-23,14.8960072639237,NA
"14536",2018-10-24,14.5950241419175,NA
"14537",2018-10-25,14.7234698235014,NA
"14538",2018-10-26,13.9432007328635,NA
"14539",2018-10-27,14.2208922674653,NA
"14540",2018-10-28,13.9841191596181,NA
"14541",2018-10-29,13.1854858197696,NA
"14542",2018-10-30,14.2905076906355,NA
"14543",2018-10-31,15.6068144369679,NA
"14544",2018-11-01,17.2544038751824,NA
"14545",2018-11-02,17.8236121132977,NA
"14546",2018-11-03,17.8743159650494,NA
"14547",2018-11-04,18.579917414436,NA
"14548",2018-11-05,19.2160818058194,NA
"14549",2018-11-06,18.678416668344,NA
"14550",2018-11-07,17.3172794876324,NA
"14551",2018-11-08,15.4573457241041,NA
"14552",2018-11-09,14.9604566512702,NA
"14553",2018-11-10,15.1754434951985,NA
"14554",2018-11-11,15.3216174947781,NA
"14555",2018-11-12,16.0814942570033,NA
"14556",2018-11-13,16.9461880900498,NA
"14557",2018-11-14,17.6194488868908,NA
"14558",2018-11-15,17.8445670255254,NA
"14559",2018-11-16,18.0160510082414,NA
"14560",2018-11-17,18.2577536983617,NA
"14561",2018-11-18,18.735139850426,NA
"14562",2018-11-19,18.9427035080991,NA
"14563",2018-11-20,18.2829807848907,NA
"14564",2018-11-21,17.9377810303941,NA
"14565",2018-11-22,17.5789701886998,NA
"14566",2018-11-23,17.2613753695062,NA
"14567",2018-11-24,16.9789067177812,NA
"14568",2018-11-25,15.8528532062831,NA
"14569",2018-11-26,14.479755305281,NA
"14570",2018-11-27,14.7430585392568,NA
"14571",2018-11-28,15.2587454391874,NA
"14572",2018-11-29,15.8755072939278,NA
"14573",2018-11-30,16.4347671124674,NA
"14574",2018-12-01,17.2747293989032,NA
"14575",2018-12-02,17.3006946188092,NA
"14576",2018-12-03,17.2887517042869,NA
"14577",2018-12-04,17.5617425729375,NA
"14578",2018-12-05,18.5281101076464,NA
"14579",2018-12-06,20.070324386159,NA
"14580",2018-12-07,21.2018855187559,NA
"14581",2018-12-08,21.1467840421683,NA
"14582",2018-12-09,21.376956665525,NA
"14583",2018-12-10,21.5101465529053,NA
"14584",2018-12-11,21.8301800615414,NA
"14585",2018-12-12,21.721494879473,NA
"14586",2018-12-13,20.5236583737457,NA
"14587",2018-12-14,19.2703228374721,NA
"14588",2018-12-15,18.9380537579654,NA
"14589",2018-12-16,19.0918394971746,NA
"14590",2018-12-17,19.092315175647,NA
"14591",2018-12-18,18.8658008595433,NA
"14592",2018-12-19,18.72911838138,NA
"14593",2018-12-20,18.976770078785,NA
"14594",2018-12-21,18.7594322848837,NA
"14595",2018-12-22,18.623158990365,NA
"14596",2018-12-23,18.7613270598621,NA
"14597",2018-12-24,19.3716670080421,NA
"14598",2018-12-25,19.6557448192302,NA
"14599",2018-12-26,20.1009886221106,NA
"14600",2018-12-27,21.2202737599748,NA
"14601",2018-12-28,22.0795009038071,NA
"14602",2018-12-29,22.4311806478712,NA
"14603",2018-12-30,22.5134532565541,NA
"14604",2018-12-31,22.4192974343121,NA
"14605",2019-01-01,22.3891339768977,NA
"14606",2019-01-02,22.2208818454855,NA
"14607",2019-01-03,22.1281347842531,NA
"14608",2019-01-04,21.8464759198345,NA
"14609",2019-01-05,21.3967989626705,NA
"14610",2019-01-06,21.1539326784018,NA
"14611",2019-01-07,21.0257237617161,NA
"14612",2019-01-08,20.7973975816158,NA
"14613",2019-01-09,20.3107609199448,NA
"14614",2019-01-10,19.394720616469,NA
"14615",2019-01-11,19.7819345078388,NA
"14616",2019-01-12,20.3390986406411,NA
"14617",2019-01-13,20.7313854125595,NA
"14618",2019-01-14,21.3477115348962,NA
"14619",2019-01-15,22.0190859886077,NA
"14620",2019-01-16,22.6817974925588,NA
"14621",2019-01-17,22.9677641095732,NA
"14622",2019-01-18,22.7680252221169,NA
"14623",2019-01-19,22.7225608885975,NA
"14624",2019-01-20,22.7581668795502,NA
"14625",2019-01-21,22.7064516469312,NA
"14626",2019-01-22,22.6463444558327,NA
"14627",2019-01-23,22.5268678467929,NA
"14628",2019-01-24,22.784938980192,NA
"14629",2019-01-25,22.9408264315682,NA
"14630",2019-01-26,22.9684889663235,NA
"14631",2019-01-27,22.8310876345987,NA
"14632",2019-01-28,22.7012678597245,NA
"14633",2019-01-29,22.5547241664073,NA
"14634",2019-01-30,22.4858806098861,NA
"14635",2019-01-31,21.3887642087968,NA
"14636",2019-02-01,20.9741591650545,NA
"14637",2019-02-02,21.2849600441103,NA
"14638",2019-02-03,21.8059926283284,NA
"14639",2019-02-04,21.5989398126492,NA
"14640",2019-02-05,21.5250019261153,NA
"14641",2019-02-06,21.2552745883526,NA
"14642",2019-02-07,21.6668482560068,NA
"14643",2019-02-08,21.5349593113867,NA
"14644",2019-02-09,20.6846675825711,NA
"14645",2019-02-10,19.934065945763,NA
"14646",2019-02-11,19.87714331906,NA
"14647",2019-02-12,18.7530588367837,NA
"14648",2019-02-13,17.8748389490009,NA
"14649",2019-02-14,17.3805712547784,NA
"14650",2019-02-15,17.7112248190619,NA
"14651",2019-02-16,18.6612884387787,NA
"14652",2019-02-17,19.3240496407402,NA
"14653",2019-02-18,19.0898531457469,NA
"14654",2019-02-19,19.47407287063,NA
"14655",2019-02-20,19.7963357191359,NA
"14656",2019-02-21,19.8149625379532,NA
"14657",2019-02-22,19.8502874266231,NA
"14658",2019-02-23,19.8768445813034,NA
"14659",2019-02-24,19.9967600671544,NA
"14660",2019-02-25,20.7439958063726,NA
"14661",2019-02-26,21.3005527148136,NA
"14662",2019-02-27,22.0208122507942,NA
"14663",2019-02-28,22.5990921812991,NA
"14664",2019-03-01,22.9118930049761,NA
"14665",2019-03-02,23.0484229022247,NA
"14666",2019-03-03,23.0243770318435,NA
"14667",2019-03-04,22.9745259737539,NA
"14668",2019-03-05,22.8241322273531,NA
"14669",2019-03-06,22.1187829701069,NA
"14670",2019-03-07,21.285948176034,NA
"14671",2019-03-08,20.473754717823,NA
"14672",2019-03-09,19.672156644178,NA
"14673",2019-03-10,18.8719803038662,NA
"14674",2019-03-11,18.2139317049717,NA
"14675",2019-03-12,17.5681249228422,NA
"14676",2019-03-13,17.8592825444782,NA
"14677",2019-03-14,17.8319031750004,NA
"14678",2019-03-15,17.5907886667733,NA
"14679",2019-03-16,17.7048130577025,NA
"14680",2019-03-17,18.4064658093986,NA
"14681",2019-03-18,19.0009450979387,NA
"14682",2019-03-19,19.8780774718273,NA
"14683",2019-03-20,20.461045425328,NA
"14684",2019-03-21,20.8813191108126,NA
"14685",2019-03-22,21.5264759111591,NA
"14686",2019-03-23,21.4934558989675,NA
"14687",2019-03-24,21.1942454727274,NA
"14688",2019-03-25,20.2831780789214,NA
"14689",2019-03-26,19.5469293569597,NA
"14690",2019-03-27,19.0561721399787,NA
"14691",2019-03-28,18.8905543118849,NA
"14692",2019-03-29,17.168391310635,NA
"14693",2019-03-30,16.0612037780381,NA
"14694",2019-03-31,15.3158398949425,NA
"14695",2019-04-01,15.404552312609,NA
"14696",2019-04-02,15.9037362020229,NA
"14697",2019-04-03,16.0551924324131,NA
"14698",2019-04-04,16.1156647643916,NA
"14699",2019-04-05,17.4388460654473,NA
"14700",2019-04-06,17.5661661442064,NA
"14701",2019-04-07,17.928964248323,NA
"14702",2019-04-08,18.1170127932698,NA
"14703",2019-04-09,17.223229801621,NA
"14704",2019-04-10,16.4807600330344,NA
"14705",2019-04-11,15.1592188741434,NA
"14706",2019-04-12,14.1817167692441,NA
"14707",2019-04-13,14.5052498142593,NA
"14708",2019-04-14,14.0821976886893,NA
"14709",2019-04-15,15.1234466574101,NA
"14710",2019-04-16,17.1687402558921,NA
"14711",2019-04-17,17.8939559720318,NA
"14712",2019-04-18,18.0329280872793,NA
"14713",2019-04-19,18.3410484647473,NA
"14714",2019-04-20,19.2318961352158,NA
"14715",2019-04-21,19.2622759903673,NA
"14716",2019-04-22,18.2494355982939,NA
"14717",2019-04-23,17.0503442693874,NA
"14718",2019-04-24,16.4972939630852,NA
"14719",2019-04-25,16.8986003347401,NA
"14720",2019-04-26,15.7654484641958,NA
"14721",2019-04-27,14.2944838956216,NA
"14722",2019-04-28,14.0404006645258,NA
"14723",2019-04-29,13.8838024001302,NA
"14724",2019-04-30,14.171728748815,NA
"14725",2019-05-01,14.4795688392056,NA
"14726",2019-05-02,14.1222488291967,NA
"14727",2019-05-03,14.6074343924832,NA
"14728",2019-05-04,14.1957690169559,NA
"14729",2019-05-05,14.016972833833,NA
"14730",2019-05-06,13.8949443765208,NA
"14731",2019-05-07,13.1557056915507,NA
"14732",2019-05-08,12.6829399707178,NA
"14733",2019-05-09,12.2270920629966,NA
"14734",2019-05-10,11.6981277714962,NA
"14735",2019-05-11,12.0224662386968,NA
"14736",2019-05-12,12.2329714442697,NA
"14737",2019-05-13,12.3173462315722,NA
"14738",2019-05-14,12.2276737907449,NA
"14739",2019-05-15,11.9663384226645,NA
"14740",2019-05-16,11.9020509141171,NA
"14741",2019-05-17,12.0873644109453,NA
"14742",2019-05-18,12.361625982298,NA
"14743",2019-05-19,13.0469469488277,NA
"14744",2019-05-20,13.3793467640087,NA
"14745",2019-05-21,13.3000740489597,NA
"14746",2019-05-22,13.5524435021169,NA
"14747",2019-05-23,14.4266812648245,NA
"14748",2019-05-24,14.968116480204,NA
"14749",2019-05-25,14.3544128124327,NA
"14750",2019-05-26,13.2719354181511,NA
"14751",2019-05-27,12.6250795989317,NA
"14752",2019-05-28,12.4823021980525,NA
"14753",2019-05-29,11.4232339534293,NA
"14754",2019-05-30,10.6389143455631,NA
"14755",2019-05-31,10.0023978922376,NA
"14756",2019-06-01,10.0344283447008,NA
"14757",2019-06-02,9.78421738590266,NA
"14758",2019-06-03,9.45957763697431,NA
"14759",2019-06-04,9.04293139295577,NA
"14760",2019-06-05,9.65077469079743,NA
"14761",2019-06-06,9.64184597455239,NA
"14762",2019-06-07,9.39585277568953,NA
"14763",2019-06-08,9.28427415430976,NA
"14764",2019-06-09,10.0859120407229,NA
"14765",2019-06-10,10.5746067812179,NA
"14766",2019-06-11,11.483201452761,NA
"14767",2019-06-12,11.6569192368695,NA
"14768",2019-06-13,11.8238552375382,NA
"14769",2019-06-14,12.1031803675704,NA
"14770",2019-06-15,12.1559110959436,NA
"14771",2019-06-16,11.4042267495963,NA
"14772",2019-06-17,11.5550821483764,NA
"14773",2019-06-18,10.2573801631572,NA
"14774",2019-06-19,9.68874051186076,NA
"14775",2019-06-20,8.70431804525359,NA
"14776",2019-06-21,7.88849268939981,NA
"14777",2019-06-22,7.14644165173246,NA
"14778",2019-06-23,6.4941912142781,NA
"14779",2019-06-24,5.93472269261263,NA
"14780",2019-06-25,6.29875742694655,NA
"14781",2019-06-26,6.73287680467413,NA
"14782",2019-06-27,7.78949632697787,NA
"14783",2019-06-28,9.37830199829438,NA
"14784",2019-06-29,9.81343906108849,NA
"14785",2019-06-30,10.6236352805878,NA
"14786",2019-07-01,10.7787445056999,NA
"14787",2019-07-02,11.052030986853,NA
"14788",2019-07-03,11.0304060846755,NA
"14789",2019-07-04,10.6530628588141,NA
"14790",2019-07-05,9.96613005748754,NA
"14791",2019-07-06,10.7186638497084,NA
"14792",2019-07-07,10.7194300437891,NA
"14793",2019-07-08,10.8838908213665,NA
"14794",2019-07-09,10.9231247459546,NA
"14795",2019-07-10,11.0165101550586,NA
"14796",2019-07-11,11.3831457843341,NA
"14797",2019-07-12,10.8940983952922,NA
"14798",2019-07-13,10.0192783874377,NA
"14799",2019-07-14,10.1426295419474,NA
"14800",2019-07-15,10.4078224419176,NA
"14801",2019-07-16,10.4642375562373,NA
"14802",2019-07-17,10.2408104765816,NA
"14803",2019-07-18,9.94946161823925,NA
"14804",2019-07-19,10.1900353241863,NA
"14805",2019-07-20,10.9476034532826,NA
"14806",2019-07-21,10.8251111589956,NA
"14807",2019-07-22,10.9746725904102,NA
"14808",2019-07-23,10.6473459853355,NA
"14809",2019-07-24,11.005745400474,NA
"14810",2019-07-25,11.1905565987028,NA
"14811",2019-07-26,11.1196786382736,NA
"14812",2019-07-27,10.5428695646903,NA
"14813",2019-07-28,10.7007629167028,NA
"14814",2019-07-29,10.1947660675828,NA
"14815",2019-07-30,10.1821181922562,NA
"14816",2019-07-31,9.79529402007961,NA
"14817",2019-08-01,9.55401716681024,NA
"14818",2019-08-02,9.69591890112838,NA
"14819",2019-08-03,9.87026499594689,NA
"14820",2019-08-04,9.5259353396227,NA
"14821",2019-08-05,9.79155675623495,NA
"14822",2019-08-06,10.0109500700499,NA
"14823",2019-08-07,10.0920620966418,NA
"14824",2019-08-08,9.85805527472824,NA
"14825",2019-08-09,9.24578003502042,NA
"14826",2019-08-10,8.90637770587289,NA
"14827",2019-08-11,8.58864817113245,NA
"14828",2019-08-12,8.06063506315975,NA
"14829",2019-08-13,7.9599695885598,NA
"14830",2019-08-14,7.81271576325242,NA
"14831",2019-08-15,8.43003370133118,NA
"14832",2019-08-16,8.64111408849884,NA
"14833",2019-08-17,9.11901460281533,NA
"14834",2019-08-18,9.20362446834089,NA
"14835",2019-08-19,9.33998852015748,NA
"14836",2019-08-20,9.81589119607338,NA
"14837",2019-08-21,10.4408344530594,NA
"14838",2019-08-22,9.92964358705749,NA
"14839",2019-08-23,10.2580427210358,NA
"14840",2019-08-24,9.90545613767001,NA
"14841",2019-08-25,9.9084719080365,NA
"14842",2019-08-26,9.893701702132,NA
"14843",2019-08-27,9.46114605452725,NA
"14844",2019-08-28,8.48110515150759,NA
"14845",2019-08-29,7.96749272053035,NA
"14846",2019-08-30,7.95404536669624,NA
"14847",2019-08-31,8.71414139414731,NA
"14848",2019-09-01,9.01293193951301,NA
"14849",2019-09-02,9.31893362518627,NA
"14850",2019-09-03,9.52531008003398,NA
"14851",2019-09-04,10.2865574062261,NA
"14852",2019-09-05,11.3010169722282,NA
"14853",2019-09-06,11.2055517875333,NA
"14854",2019-09-07,10.5356186490287,NA
"14855",2019-09-08,10.5125760843537,NA
"14856",2019-09-09,10.0811142878399,NA
"14857",2019-09-10,9.58029256408099,NA
"14858",2019-09-11,9.90758901104534,NA
"14859",2019-09-12,9.63653116850565,NA
"14860",2019-09-13,9.98918456025284,NA
"14861",2019-09-14,10.868601140429,NA
"14862",2019-09-15,11.7923316282317,NA
"14863",2019-09-16,11.6342235002294,NA
"14864",2019-09-17,11.5664301281949,NA
"14865",2019-09-18,11.4333540463547,NA
"14866",2019-09-19,12.6833182697138,NA
"14867",2019-09-20,13.5146298509227,NA
"14868",2019-09-21,12.5503912032856,NA
"14869",2019-09-22,11.7573762382135,NA
"14870",2019-09-23,12.1520037163647,NA
"14871",2019-09-24,12.4446577004746,NA
"14872",2019-09-25,12.1839871311443,NA
"14873",2019-09-26,11.3355953535259,NA
"14874",2019-09-27,10.0376605361808,NA
"14875",2019-09-28,10.2889391183615,NA
"14876",2019-09-29,10.4182647742006,NA
"14877",2019-09-30,10.4762955962275,NA
"14878",2019-10-01,11.2188822790907,NA
"14879",2019-10-02,12.1940431473196,NA
"14880",2019-10-03,12.2524360878517,NA
"14881",2019-10-04,12.9791697911546,NA
"14882",2019-10-05,14.3532385520318,NA
"14883",2019-10-06,14.7673408730694,NA
"14884",2019-10-07,15.0487561307687,NA
"14885",2019-10-08,14.2889959860335,NA
"14886",2019-10-09,13.3312396422432,NA
"14887",2019-10-10,12.8671803777241,NA
"14888",2019-10-11,12.7419485861959,NA
"14889",2019-10-12,12.142868990112,NA
"14890",2019-10-13,12.7769608815195,NA
"14891",2019-10-14,13.0531994184947,NA
"14892",2019-10-15,14.0426796241159,NA
"14893",2019-10-16,14.2528646577545,NA
"14894",2019-10-17,14.1201122844062,NA
"14895",2019-10-18,14.0831831175667,NA
"14896",2019-10-19,13.2951414429403,NA
"14897",2019-10-20,12.4543721694765,NA
"14898",2019-10-21,12.5138807270192,NA
"14899",2019-10-22,12.783681723379,NA
"14900",2019-10-23,14.241804763458,NA
"14901",2019-10-24,16.3817117164398,NA
"14902",2019-10-25,16.5803458196894,NA
"14903",2019-10-26,16.7236205090494,NA
"14904",2019-10-27,16.6860009539419,NA
"14905",2019-10-28,16.9218025391991,NA
"14906",2019-10-29,17.4643371677615,NA
"14907",2019-10-30,17.9000361321317,NA
"14908",2019-10-31,18.1343629471709,NA
"14909",2019-11-01,19.1225609247849,NA
"14910",2019-11-02,19.5963628641852,NA
"14911",2019-11-03,19.7662712599633,NA
"14912",2019-11-04,19.196249442646,NA
"14913",2019-11-05,18.462817078142,NA
"14914",2019-11-06,17.1356912629892,NA
"14915",2019-11-07,15.2780175273688,NA
"14916",2019-11-08,13.4280418487495,NA
"14917",2019-11-09,12.9452295016715,NA
"14918",2019-11-10,13.0564905672625,NA
"14919",2019-11-11,14.6757314820012,NA
"14920",2019-11-12,14.1922871231581,NA
"14921",2019-11-13,14.060552164482,NA
"14922",2019-11-14,14.2781048704905,NA
"14923",2019-11-15,14.6451465889645,NA
"14924",2019-11-16,14.6429450264175,NA
"14925",2019-11-17,14.5302384344313,NA
"14926",2019-11-18,14.2784019996407,NA
"14927",2019-11-19,15.3426484729283,NA
"14928",2019-11-20,17.7797450212683,NA
"14929",2019-11-21,17.9796495228949,NA
"14930",2019-11-22,18.4330292484615,NA
"14931",2019-11-23,18.6838983947794,NA
"14932",2019-11-24,19.1736436820592,NA
"14933",2019-11-25,19.0120585803208,NA
"14934",2019-11-26,18.2120728076647,NA
"14935",2019-11-27,16.228481555287,NA
"14936",2019-11-28,16.3750826614328,NA
"14937",2019-11-29,16.1634543554662,NA
"14938",2019-11-30,16.0799005996636,NA
"14939",2019-12-01,15.3728021645079,NA
"14940",2019-12-02,14.7791250230874,NA
"14941",2019-12-03,15.3356466038165,NA
"14942",2019-12-04,15.3587850531711,NA
"14943",2019-12-05,15.2307087374868,NA
"14944",2019-12-06,15.234153129771,NA
"14945",2019-12-07,15.78647458745,NA
"14946",2019-12-08,17.5788205109321,NA
"14947",2019-12-09,18.5995845580797,NA
"14948",2019-12-10,18.6772792203624,NA
"14949",2019-12-11,18.8874036188126,NA
"14950",2019-12-12,18.7566303075792,NA
"14951",2019-12-13,19.1517849620366,NA
"14952",2019-12-14,19.1658032934399,NA
"14953",2019-12-15,18.410838134458,NA
"14954",2019-12-16,18.5203017585373,NA
"14955",2019-12-17,19.802798286768,NA
"14956",2019-12-18,20.9290214873874,NA
"14957",2019-12-19,21.9483900504976,NA
"14958",2019-12-20,22.6219428025364,NA
"14959",2019-12-21,22.5535822472947,NA
"14960",2019-12-22,22.5996367907297,NA
"14961",2019-12-23,22.560776879832,NA
"14962",2019-12-24,22.405083683908,NA
"14963",2019-12-25,22.0215334643854,NA
"14964",2019-12-26,21.6214662523176,NA
"14965",2019-12-27,21.5979186793733,NA
"14966",2019-12-28,22.3626830659645,NA
"14967",2019-12-29,22.8568635431094,NA
"14968",2019-12-30,22.9293925019041,NA
"14969",2019-12-31,22.6956106981925,NA
"14970",2020-01-01,22.5498535879837,NA
"14971",2020-01-02,22.5179224862047,NA
"14972",2020-01-03,22.4538478656694,NA
"14973",2020-01-04,21.8203297015111,NA
"14974",2020-01-05,20.4698877669132,NA
"14975",2020-01-06,20.0432583883032,NA
"14976",2020-01-07,20.4494135907457,NA
"14977",2020-01-08,20.8397772973747,NA
"14978",2020-01-09,21.4599005456543,NA
"14979",2020-01-10,20.3881389885887,NA
"14980",2020-01-11,20.3339273794467,NA
"14981",2020-01-12,20.7705721317267,NA
"14982",2020-01-13,21.2020562406694,NA
"14983",2020-01-14,21.686896169771,NA
"14984",2020-01-15,21.4312211570479,NA
"14985",2020-01-16,20.2526354575954,NA
"14986",2020-01-17,20.4796276606009,NA
"14987",2020-01-18,20.8155138896494,NA
"14988",2020-01-19,20.8910947988775,NA
"14989",2020-01-20,20.0697993748813,NA
"14990",2020-01-21,19.3642545118658,NA
"14991",2020-01-22,19.0420618770221,NA
"14992",2020-01-23,18.9006636743865,NA
"14993",2020-01-24,18.8575868938605,NA
"14994",2020-01-25,18.8549857697038,NA
"14995",2020-01-26,18.6621575582981,NA
"14996",2020-01-27,19.1098854990086,NA
"14997",2020-01-28,19.1001095538278,NA
"14998",2020-01-29,20.0694175014107,NA
"14999",2020-01-30,21.6187014045924,NA
"15000",2020-01-31,22.3586633162413,NA
"15001",2020-02-01,22.0845739417176,NA
"15002",2020-02-02,22.007292079312,NA
"15003",2020-02-03,21.6154532567675,NA
"15004",2020-02-04,21.2725597967019,NA
"15005",2020-02-05,20.6385428797781,NA
"15006",2020-02-06,19.7759246106157,NA
"15007",2020-02-07,19.0981599676101,NA
"15008",2020-02-08,20.0537193966685,NA
"15009",2020-02-09,20.6751289491668,NA
"15010",2020-02-10,21.3889160838267,NA
"15011",2020-02-11,21.747068454076,NA
"15012",2020-02-12,21.9587478970678,NA
"15013",2020-02-13,22.1917011526954,NA
"15014",2020-02-14,22.1776405654337,NA
"15015",2020-02-15,21.745461024222,NA
"15016",2020-02-16,21.4780881533539,NA
"15017",2020-02-17,21.5616009613108,NA
"15018",2020-02-18,21.2184103663363,NA
"15019",2020-02-19,20.6317102169372,NA
"15020",2020-02-20,19.484058755396,NA
"15021",2020-02-21,18.7209357414635,NA
"15022",2020-02-22,18.8010507149693,NA
"15023",2020-02-23,19.1512944487935,NA
"15024",2020-02-24,19.2000681941694,NA
"15025",2020-02-25,19.6303900993846,NA
"15026",2020-02-26,19.4873286719941,NA
"15027",2020-02-27,19.5226686117466,NA
"15028",2020-02-28,19.6096188337639,NA
"15029",2020-02-29,19.7041932764433,NA
"15030",2020-03-01,19.4057723440327,NA
"15031",2020-03-02,18.3606660693395,NA
"15032",2020-03-03,17.9711037590168,NA
"15033",2020-03-04,18.3053557811107,NA
"15034",2020-03-05,18.5366250496177,NA
"15035",2020-03-06,18.3539518754065,NA
"15036",2020-03-07,17.9131672028909,NA
"15037",2020-03-08,17.3803869831607,NA
"15038",2020-03-09,17.5684534192734,NA
"15039",2020-03-10,17.8663548896135,NA
"15040",2020-03-11,18.7308889380182,NA
"15041",2020-03-12,19.4854356040352,NA
"15042",2020-03-13,19.4348460699483,NA
"15043",2020-03-14,19.2131440020375,NA
"15044",2020-03-15,19.0490198315199,NA
"15045",2020-03-16,19.2986489406586,NA
"15046",2020-03-17,19.5833682760572,NA
"15047",2020-03-18,19.7319097515475,NA
"15048",2020-03-19,19.3430869299911,NA
"15049",2020-03-20,19.4576571476373,NA
"15050",2020-03-21,19.67334347989,NA
"15051",2020-03-22,19.4794933265456,NA
"15052",2020-03-23,19.0349681952166,NA
"15053",2020-03-24,17.9193468464227,NA
"15054",2020-03-25,16.2862091607262,NA
"15055",2020-03-26,15.6263370914118,NA
"15056",2020-03-27,16.3709317339167,NA
"15057",2020-03-28,17.4892741197534,NA
"15058",2020-03-29,18.0477654695023,NA
"15059",2020-03-30,18.160480347376,NA
"15060",2020-03-31,18.4109839191473,NA
"15061",2020-04-01,18.8622882243913,NA
"15062",2020-04-02,18.8700095807223,NA
"15063",2020-04-03,18.2972961111483,NA
"15064",2020-04-04,16.6610350825423,NA
"15065",2020-04-05,15.9971374548988,NA
"15066",2020-04-06,15.6756872276895,NA
"15067",2020-04-07,15.1612948722488,NA
"15068",2020-04-08,14.6370058224192,NA
"15069",2020-04-09,14.4509757143496,NA
"15070",2020-04-10,14.4974110080501,NA
"15071",2020-04-11,14.5570961209732,NA
"15072",2020-04-12,14.414496869858,NA
"15073",2020-04-13,14.6095010294279,NA
"15074",2020-04-14,15.4546936736944,NA
"15075",2020-04-15,16.4236223403966,NA
"15076",2020-04-16,16.1285964877432,NA
"15077",2020-04-17,15.7387114848542,NA
"15078",2020-04-18,15.7441001925185,NA
"15079",2020-04-19,16.390380814173,NA
"15080",2020-04-20,16.2079462096498,NA
"15081",2020-04-21,15.7173799890769,NA
"15082",2020-04-22,14.7308004137103,NA
"15083",2020-04-23,15.069141064899,NA
"15084",2020-04-24,14.9668923703504,NA
"15085",2020-04-25,15.7272436649326,NA
"15086",2020-04-26,15.0160837977524,NA
"15087",2020-04-27,14.6482135102476,NA
"15088",2020-04-28,14.7016136246689,NA
"15089",2020-04-29,14.0095047378477,NA
"15090",2020-04-30,13.0377545782069,NA
"15091",2020-05-01,12.5360907274703,NA
"15092",2020-05-02,11.3499862456534,NA
"15093",2020-05-03,11.2070372747611,NA
"15094",2020-05-04,11.1132226330751,NA
"15095",2020-05-05,10.6403522122703,NA
"15096",2020-05-06,11.5871068789272,NA
"15097",2020-05-07,12.5343021143498,NA
"15098",2020-05-08,13.0936421789589,NA
"15099",2020-05-09,12.8095395976318,NA
"15100",2020-05-10,12.5123800219295,NA
"15101",2020-05-11,12.7524711973436,NA
"15102",2020-05-12,12.7933076520166,NA
"15103",2020-05-13,11.7146723701178,NA
"15104",2020-05-14,10.5689487327417,NA
"15105",2020-05-15,9.58482442459807,NA
"15106",2020-05-16,9.6098400016223,NA
"15107",2020-05-17,9.66721168633681,NA
"15108",2020-05-18,10.0372152066363,NA
"15109",2020-05-19,10.3341641896819,NA
"15110",2020-05-20,10.6525835858926,NA
"15111",2020-05-21,10.8898553538454,NA
"15112",2020-05-22,11.5116434325482,NA
"15113",2020-05-23,11.9976212598007,NA
"15114",2020-05-24,11.922566078209,NA
"15115",2020-05-25,11.1241191615602,NA
"15116",2020-05-26,10.675794632476,NA
"15117",2020-05-27,11.0094327974908,NA
"15118",2020-05-28,10.999007765108,NA
"15119",2020-05-29,10.9291176717292,NA
"15120",2020-05-30,11.2170366906061,NA
"15121",2020-05-31,11.5171841432333,NA
"15122",2020-06-01,11.3314279179793,NA
"15123",2020-06-02,11.3962878167557,NA
"15124",2020-06-03,10.5575192897625,NA
"15125",2020-06-04,10.1532066757203,NA
"15126",2020-06-05,9.39644990950496,NA
"15127",2020-06-06,8.77484662248146,NA
"15128",2020-06-07,8.08172230122506,NA
"15129",2020-06-08,7.6639020604958,NA
"15130",2020-06-09,6.81523059968536,NA
"15131",2020-06-10,6.78746000284214,NA
"15132",2020-06-11,6.79496132332692,NA
"15133",2020-06-12,7.34177007625797,NA
"15134",2020-06-13,7.57733322229675,NA
"15135",2020-06-14,8.62999603784993,NA
"15136",2020-06-15,9.92048251616022,NA
"15137",2020-06-16,10.6526626630794,NA
"15138",2020-06-17,11.1048576970298,NA
"15139",2020-06-18,11.6805792196541,NA
"15140",2020-06-19,11.9621247257261,NA
"15141",2020-06-20,11.7775838770728,NA
"15142",2020-06-21,10.975145912356,NA
"15143",2020-06-22,10.5448290682041,NA
"15144",2020-06-23,10.6904967834873,NA
"15145",2020-06-24,10.7500438041633,NA
"15146",2020-06-25,10.2965731851607,NA
"15147",2020-06-26,9.54923666631935,NA
"15148",2020-06-27,9.07458803246383,NA
"15149",2020-06-28,8.90543702414379,NA
"15150",2020-06-29,8.49701128772821,NA
"15151",2020-06-30,7.9239830897747,NA
"15152",2020-07-01,8.1121663967364,NA
"15153",2020-07-02,8.11848047193907,NA
"15154",2020-07-03,8.09760608814336,NA
"15155",2020-07-04,8.66629157761394,NA
"15156",2020-07-05,9.10965146569706,NA
"15157",2020-07-06,9.52227467234793,NA
"15158",2020-07-07,9.48572073560659,NA
"15159",2020-07-08,8.81344738665869,NA
"15160",2020-07-09,8.67117102419271,NA
"15161",2020-07-10,9.14135816072854,NA
"15162",2020-07-11,8.88211865150943,NA
"15163",2020-07-12,8.75234784971112,NA
"15164",2020-07-13,8.45242999955661,NA
"15165",2020-07-14,8.49173726313908,NA
"15166",2020-07-15,8.44303522489535,NA
"15167",2020-07-16,8.19756358865965,NA
"15168",2020-07-17,7.80847619418586,NA
"15169",2020-07-18,7.8694890124221,NA
"15170",2020-07-19,7.74860644112049,NA
"15171",2020-07-20,7.6634289650159,NA
"15172",2020-07-21,7.75419317525028,NA
"15173",2020-07-22,7.98995675887258,NA
"15174",2020-07-23,8.03181325937243,NA
"15175",2020-07-24,8.15141203161167,NA
"15176",2020-07-25,7.92371695313372,NA
"15177",2020-07-26,7.97797363137022,NA
"15178",2020-07-27,8.03794142943754,NA
"15179",2020-07-28,7.96555907237026,NA
"15180",2020-07-29,8.05511752754025,NA
"15181",2020-07-30,8.30450523396916,NA
"15182",2020-07-31,8.45700607727762,NA
"15183",2020-08-01,8.83387986514214,NA
"15184",2020-08-02,9.0503844633242,NA
"15185",2020-08-03,8.91007399830418,NA
"15186",2020-08-04,8.42779096406856,NA
"15187",2020-08-05,7.84331908760074,NA
"15188",2020-08-06,7.97739894727405,NA
"15189",2020-08-07,7.9497227427418,NA
"15190",2020-08-08,8.01406895360682,NA
"15191",2020-08-09,7.84521292101025,NA
"15192",2020-08-10,8.18382611945867,NA
"15193",2020-08-11,9.16497001569564,NA
"15194",2020-08-12,10.2320274990148,NA
"15195",2020-08-13,10.7850739778907,NA
"15196",2020-08-14,11.1026543907966,NA
"15197",2020-08-15,11.0315063501988,NA
"15198",2020-08-16,10.9035577308792,NA
"15199",2020-08-17,10.9719957932908,NA
"15200",2020-08-18,10.8603215462208,NA
"15201",2020-08-19,10.4012876355016,NA
"15202",2020-08-20,10.0687160809947,NA
"15203",2020-08-21,9.47729807610101,NA
"15204",2020-08-22,9.17623640525475,NA
"15205",2020-08-23,9.00526601608314,NA
"15206",2020-08-24,8.27685014441017,NA
"15207",2020-08-25,7.70391852886123,NA
"15208",2020-08-26,7.99188710974795,NA
"15209",2020-08-27,8.03422890476667,NA
"15210",2020-08-28,8.37752702354641,NA
"15211",2020-08-29,9.3582582290888,NA
"15212",2020-08-30,9.64787382190173,NA
"15213",2020-08-31,9.83836660379748,NA
"15214",2020-09-01,10.5423811310895,NA
"15215",2020-09-02,10.9130359027575,NA
"15216",2020-09-03,10.9546477684074,NA
"15217",2020-09-04,11.2507454246009,NA
"15218",2020-09-05,10.5169300475087,NA
"15219",2020-09-06,11.3601289165936,NA
"15220",2020-09-07,13.1357048931333,NA
"15221",2020-09-08,13.10812299266,NA
"15222",2020-09-09,12.5006456199536,NA
"15223",2020-09-10,13.086790073528,NA
"15224",2020-09-11,13.7723368461792,NA
"15225",2020-09-12,14.2391457115051,NA
"15226",2020-09-13,13.9333689475616,NA
"15227",2020-09-14,12.6563515501339,NA
"15228",2020-09-15,12.6298163794271,NA
"15229",2020-09-16,13.6686113969908,NA
"15230",2020-09-17,13.3516347366841,NA
"15231",2020-09-18,13.52945993327,NA
"15232",2020-09-19,14.2440731211918,NA
"15233",2020-09-20,14.8719544972927,NA
"15234",2020-09-21,15.4003135191879,NA
"15235",2020-09-22,15.4608366289618,NA
"15236",2020-09-23,14.4294989721214,NA
"15237",2020-09-24,13.974100561616,NA
"15238",2020-09-25,12.468607794719,NA
"15239",2020-09-26,11.1812401984924,NA
"15240",2020-09-27,10.0421733184835,NA
"15241",2020-09-28,9.56233083465895,NA
"15242",2020-09-29,10.1418757964842,NA
"15243",2020-09-30,10.4704451154869,NA
"15244",2020-10-01,11.1830457062213,NA
"15245",2020-10-02,13.4956361463567,NA
"15246",2020-10-03,15.1665995542734,NA
"15247",2020-10-04,15.9395566958799,NA
"15248",2020-10-05,15.8030972214438,NA
"15249",2020-10-06,15.0500744585512,NA
"15250",2020-10-07,15.2428801147358,NA
"15251",2020-10-08,14.9444717830829,NA
"15252",2020-10-09,13.2242432205072,NA
"15253",2020-10-10,12.0880948924431,NA
"15254",2020-10-11,11.727285237959,NA
"15255",2020-10-12,12.9053194410553,NA
"15256",2020-10-13,13.4848813973304,NA
"15257",2020-10-14,14.5922614373866,NA
"15258",2020-10-15,15.0504655616798,NA
"15259",2020-10-16,15.5545140803273,NA
"15260",2020-10-17,15.4410221724761,NA
"15261",2020-10-18,15.2118655200924,NA
"15262",2020-10-19,14.4267856085224,NA
"15263",2020-10-20,14.352161747561,NA
"15264",2020-10-21,13.5523548647531,NA
"15265",2020-10-22,14.1086647185268,NA
"15266",2020-10-23,14.4032165784553,NA
"15267",2020-10-24,14.0891147042315,NA
"15268",2020-10-25,14.1209981708381,NA
"15269",2020-10-26,14.3126937408535,NA
"15270",2020-10-27,14.388398257982,NA
"15271",2020-10-28,14.425860633605,NA
"15272",2020-10-29,13.7614568121307,NA
"15273",2020-10-30,13.6646157298435,NA
"15274",2020-10-31,14.0266924365383,NA
"15275",2020-11-01,14.8929425829945,NA
"15276",2020-11-02,16.0950217796857,NA
"15277",2020-11-03,17.5259258051401,NA
"15278",2020-11-04,17.2452377823439,NA
"15279",2020-11-05,16.9374666670854,NA
"15280",2020-11-06,16.578947534837,NA
"15281",2020-11-07,16.6619151903839,NA
"15282",2020-11-08,16.925234437876,NA
"15283",2020-11-09,17.3053160392307,NA
"15284",2020-11-10,17.6924846926683,NA
"15285",2020-11-11,18.3569120187235,NA
"15286",2020-11-12,18.7965789308704,NA
"15287",2020-11-13,18.8916296460384,NA
"15288",2020-11-14,19.4370214221794,NA
"15289",2020-11-15,19.922972470882,NA
"15290",2020-11-16,18.8379966781707,NA
"15291",2020-11-17,17.5749060059606,NA
"15292",2020-11-18,18.2358239459076,NA
"15293",2020-11-19,19.2217005493827,NA
"15294",2020-11-20,19.9398945729538,NA
"15295",2020-11-21,20.6419271943874,NA
"15296",2020-11-22,20.520659988056,NA
"15297",2020-11-23,20.6526739404447,NA
"15298",2020-11-24,20.7291970131976,NA
"15299",2020-11-25,20.5950113636437,NA
"15300",2020-11-26,20.1704362201549,NA
"15301",2020-11-27,20.634059171974,NA
"15302",2020-11-28,20.1422994380191,NA
"15303",2020-11-29,19.4679291325387,NA
"15304",2020-11-30,20.1494751778865,NA
"15305",2020-12-01,19.82848209964,NA
"15306",2020-12-02,18.9971941209059,NA
"15307",2020-12-03,18.7916879586014,NA
"15308",2020-12-04,18.1981527536803,NA
"15309",2020-12-05,17.5818778222587,NA
"15310",2020-12-06,17.4253183159345,NA
"15311",2020-12-07,16.0525326163722,NA
"15312",2020-12-08,15.9120682596497,NA
"15313",2020-12-09,16.4105360423796,NA
"15314",2020-12-10,16.1661790858584,NA
"15315",2020-12-11,16.0397868651227,NA
"15316",2020-12-12,17.3642325369919,NA
"15317",2020-12-13,18.8105848656567,NA
"15318",2020-12-14,20.5683979667261,NA
"15319",2020-12-15,21.3809759224508,NA
"15320",2020-12-16,21.6509044171207,NA
"15321",2020-12-17,21.6946843164939,NA
"15322",2020-12-18,21.3789111724535,NA
"15323",2020-12-19,20.5722767408243,NA
"15324",2020-12-20,19.9000852058972,NA
"15325",2020-12-21,18.2776094079866,NA
"15326",2020-12-22,17.1016522691724,NA
"15327",2020-12-23,16.4614053265819,NA
"15328",2020-12-24,16.3388641680573,NA
"15329",2020-12-25,16.6330352015864,NA
"15330",2020-12-26,17.8914067262439,NA
"15331",2020-12-27,17.4013828009215,NA
"15332",2020-12-28,17.3309700805554,NA
"15333",2020-12-29,17.8969639326685,NA
"15334",2020-12-30,18.2835342907537,NA
"15335",2020-12-31,18.9728332675058,NA
"15336",2021-01-01,19.7071403846075,NA
"15337",2021-01-02,19.1935659688473,NA
"15338",2021-01-03,19.6299277746643,NA
"15339",2021-01-04,19.9070616706725,NA
"15340",2021-01-05,19.6615723599453,NA
"15341",2021-01-06,19.3862217698718,NA
"15342",2021-01-07,19.3830632719509,NA
"15343",2021-01-08,19.2818119630078,NA
"15344",2021-01-09,19.8566628079211,NA
"15345",2021-01-10,20.8104082661208,NA
"15346",2021-01-11,21.5710294344906,NA
"15347",2021-01-12,21.87373883441,NA
"15348",2021-01-13,22.068668020746,NA
"15349",2021-01-14,21.7855817426753,NA
"15350",2021-01-15,21.1805887972002,NA
"15351",2021-01-16,20.2619734135654,NA
"15352",2021-01-17,19.044249368379,NA
"15353",2021-01-18,18.1097852599394,NA
"15354",2021-01-19,17.72992016575,NA
"15355",2021-01-20,17.9534154114265,NA
"15356",2021-01-21,18.8093982386121,NA
"15357",2021-01-22,19.7137662197219,NA
"15358",2021-01-23,20.7788801265174,NA
"15359",2021-01-24,21.9783577932729,NA
"15360",2021-01-25,22.279590503117,NA
"15361",2021-01-26,22.2691826456555,NA
"15362",2021-01-27,22.1937064791895,NA
"15363",2021-01-28,22.0928808423714,NA
"15364",2021-01-29,21.8803312865689,NA
"15365",2021-01-30,21.2300887345287,NA
"15366",2021-01-31,19.9772218125315,NA
"15367",2021-02-01,19.3283937968289,NA
"15368",2021-02-02,19.2841439675397,NA
"15369",2021-02-03,19.2476230074245,NA
"15370",2021-02-04,19.0836316356185,NA
"15371",2021-02-05,18.8555214314289,NA
"15372",2021-02-06,18.9131514806413,NA
"15373",2021-02-07,18.4875280698983,NA
"15374",2021-02-08,18.4519105965316,NA
"15375",2021-02-09,18.9976580168295,NA
"15376",2021-02-10,19.6478421804509,NA
"15377",2021-02-11,20.0778292513092,NA
"15378",2021-02-12,20.0527338178026,NA
"15379",2021-02-13,19.9174277396685,NA
"15380",2021-02-14,20.1979277742729,NA
"15381",2021-02-15,20.7424538998569,NA
"15382",2021-02-16,21.1673472779596,NA
"15383",2021-02-17,21.2710723881165,NA
"15384",2021-02-18,21.3618099449474,NA
"15385",2021-02-19,22.0221449715523,NA
"15386",2021-02-20,22.3825086932289,NA
"15387",2021-02-21,22.3992961330034,NA
"15388",2021-02-22,21.981589550106,NA
"15389",2021-02-23,21.1006114486389,NA
"15390",2021-02-24,20.0001912882798,NA
"15391",2021-02-25,18.9862815456647,NA
"15392",2021-02-26,17.7098026071002,NA
"15393",2021-02-27,17.0987593560896,NA
"15394",2021-02-28,17.2332985596517,NA
"15395",2021-03-01,17.1698228210955,NA
"15396",2021-03-02,17.2042657261955,NA
"15397",2021-03-03,17.2161066885818,NA
"15398",2021-03-04,17.3960019011869,NA
"15399",2021-03-05,17.2628809525621,NA
"15400",2021-03-06,17.1931959218982,NA
"15401",2021-03-07,17.3754211133847,NA
"15402",2021-03-08,17.4708795956314,NA
"15403",2021-03-09,17.6792334975142,NA
"15404",2021-03-10,18.1495841157391,NA
"15405",2021-03-11,18.4368562515985,NA
"15406",2021-03-12,19.3372259157471,NA
"15407",2021-03-13,18.665673074382,NA
"15408",2021-03-14,17.6995216364153,NA
"15409",2021-03-15,17.8828219808257,NA
"15410",2021-03-16,18.1914789376097,NA
"15411",2021-03-17,18.3811962482149,NA
"15412",2021-03-18,18.4532340776031,NA
"15413",2021-03-19,18.3487288397011,NA
"15414",2021-03-20,19.4902227994976,NA
"15415",2021-03-21,20.0740000652147,NA
"15416",2021-03-22,20.2773379031887,NA
"15417",2021-03-23,20.3426967412276,NA
"15418",2021-03-24,20.0353465756034,NA
"15419",2021-03-25,19.3408283766042,NA
"15420",2021-03-26,18.6527575786032,NA
"15421",2021-03-27,17.7230099470753,NA
"15422",2021-03-28,17.2151196734638,NA
"15423",2021-03-29,16.6627488425521,NA
"15424",2021-03-30,16.1750648594362,NA
"15425",2021-03-31,16.3306584743698,NA
"15426",2021-04-01,17.1202972408299,NA
"15427",2021-04-02,17.8371050711454,NA
"15428",2021-04-03,18.7722624901125,NA
"15429",2021-04-04,19.2098341277865,NA
"15430",2021-04-05,19.2588477933648,NA
"15431",2021-04-06,19.2486478223138,NA
"15432",2021-04-07,18.983957253921,NA
"15433",2021-04-08,18.9321922119131,NA
"15434",2021-04-09,18.0408748405098,NA
"15435",2021-04-10,16.7340827287451,NA
"15436",2021-04-11,15.6123681596411,NA
"15437",2021-04-12,15.2482286881626,NA
"15438",2021-04-13,15.406138307128,NA
"15439",2021-04-14,15.1829348709064,NA
"15440",2021-04-15,14.2263244758167,NA
"15441",2021-04-16,13.8959884329877,NA
"15442",2021-04-17,14.1536594523177,NA
"15443",2021-04-18,14.7181144468401,NA
"15444",2021-04-19,15.0429505930706,NA
"15445",2021-04-20,13.715174928085,NA
"15446",2021-04-21,13.2715544011077,NA
"15447",2021-04-22,13.2456151180069,NA
"15448",2021-04-23,13.3398604967462,NA
"15449",2021-04-24,13.2085659173128,NA
"15450",2021-04-25,12.7033801426781,NA
"15451",2021-04-26,12.3795723765088,NA
"15452",2021-04-27,12.9064827968754,NA
"15453",2021-04-28,12.7319820999052,NA
"15454",2021-04-29,12.8351195748752,NA
"15455",2021-04-30,13.3238941157672,NA
"15456",2021-05-01,14.2347592342783,NA
"15457",2021-05-02,14.8469820381772,NA
"15458",2021-05-03,14.6095008493034,NA
"15459",2021-05-04,14.3989255586532,NA
"15460",2021-05-05,14.2744091918748,NA
"15461",2021-05-06,14.2254969787423,NA
"15462",2021-05-07,14.2119174715784,NA
"15463",2021-05-08,13.304222445032,NA
"15464",2021-05-09,12.9694622249508,NA
"15465",2021-05-10,12.9281814842051,NA
"15466",2021-05-11,12.9929299772634,NA
"15467",2021-05-12,13.0350822471761,NA
"15468",2021-05-13,12.4312081968553,NA
"15469",2021-05-14,11.57870914635,NA
"15470",2021-05-15,11.0604900066297,NA
"15471",2021-05-16,10.7915708209708,NA
"15472",2021-05-17,10.8219236313142,NA
"15473",2021-05-18,10.7112259232998,NA
"15474",2021-05-19,11.1181787235784,NA
"15475",2021-05-20,11.3612612007431,NA
"15476",2021-05-21,11.2578689056958,NA
"15477",2021-05-22,11.4461295571999,NA
"15478",2021-05-23,11.7616043633336,NA
"15479",2021-05-24,12.7690012789738,NA
"15480",2021-05-25,13.1165316647754,NA
"15481",2021-05-26,12.7832524644888,NA
"15482",2021-05-27,12.8116184122069,NA
"15483",2021-05-28,12.476734672458,NA
"15484",2021-05-29,11.7609496769282,NA
"15485",2021-05-30,10.5984367489885,NA
"15486",2021-05-31,9.23418494263689,NA
"15487",2021-06-01,9.18804390607045,NA
"15488",2021-06-02,9.24968466609064,NA
"15489",2021-06-03,9.31799283418558,NA
"15490",2021-06-04,9.18310493979681,NA
"15491",2021-06-05,10.1492698795306,NA
"15492",2021-06-06,11.2765276519221,NA
"15493",2021-06-07,11.774793435342,NA
"15494",2021-06-08,11.2991591767954,NA
"15495",2021-06-09,11.2499614524208,NA
"15496",2021-06-10,11.3778241156477,NA
"15497",2021-06-11,11.7028601816934,NA
"15498",2021-06-12,11.5322815101601,NA
"15499",2021-06-13,11.1468453337631,NA
"15500",2021-06-14,11.09460122824,NA
"15501",2021-06-15,11.6732146389255,NA
"15502",2021-06-16,11.5364449443102,NA
"15503",2021-06-17,11.3200450159267,NA
"15504",2021-06-18,11.7694971239108,NA
"15505",2021-06-19,11.6762105902347,NA
"15506",2021-06-20,11.1818483071338,NA
"15507",2021-06-21,10.6707054947093,NA
"15508",2021-06-22,10.5958695763305,NA
"15509",2021-06-23,10.7279646281574,NA
"15510",2021-06-24,10.6006656227249,NA
"15511",2021-06-25,10.3991333552704,NA
"15512",2021-06-26,10.3583900504291,NA
"15513",2021-06-27,10.5631037606196,NA
"15514",2021-06-28,10.4561082985741,NA
"15515",2021-06-29,10.1627864726485,NA
"15516",2021-06-30,10.1109019423517,NA
"15517",2021-07-01,10.0838799973848,NA
"15518",2021-07-02,9.50002126437288,NA
"15519",2021-07-03,8.98698349269564,NA
"15520",2021-07-04,8.77572852076569,NA
"15521",2021-07-05,8.7919018387357,NA
"15522",2021-07-06,8.51846831768954,NA
"15523",2021-07-07,7.94138962075255,NA
"15524",2021-07-08,7.21923133914744,NA
"15525",2021-07-09,6.88395513936975,NA
"15526",2021-07-10,6.92144040431917,NA
"15527",2021-07-11,7.2595368804258,NA
"15528",2021-07-12,7.66875141972939,NA
"15529",2021-07-13,8.17842509932245,NA
"15530",2021-07-14,9.01030519495654,NA
"15531",2021-07-15,10.0000484313459,NA
"15532",2021-07-16,10.7733752123126,NA
"15533",2021-07-17,11.0220838627018,NA
"15534",2021-07-18,10.9327820074564,NA
"15535",2021-07-19,10.9293942673731,NA
"15536",2021-07-20,10.0910543414608,NA
"15537",2021-07-21,9.46799461259175,NA
"15538",2021-07-22,8.80116321839437,NA
"15539",2021-07-23,8.62540717867251,NA
"15540",2021-07-24,8.35193404999825,NA
"15541",2021-07-25,8.49992694386545,NA
"15542",2021-07-26,8.50182949697983,NA
"15543",2021-07-27,9.7118267548145,NA
"15544",2021-07-28,9.67483077078845,NA
"15545",2021-07-29,9.96702520636044,NA
"15546",2021-07-30,10.3164976894479,NA
"15547",2021-07-31,10.7695154609337,NA
"15548",2021-08-01,10.4859961256515,NA
"15549",2021-08-02,10.3733223400651,NA
"15550",2021-08-03,9.52391530751921,NA
"15551",2021-08-04,10.0202396444039,NA
"15552",2021-08-05,10.3610804701834,NA
"15553",2021-08-06,10.3714534769271,NA
"15554",2021-08-07,10.2502937643786,NA
"15555",2021-08-08,10.5482877230198,NA
"15556",2021-08-09,10.5720121538798,NA
"15557",2021-08-10,11.4194638607753,NA
"15558",2021-08-11,11.0967272389383,NA
"15559",2021-08-12,10.9596216241506,NA
"15560",2021-08-13,10.7832903540324,NA
"15561",2021-08-14,10.8491617415291,NA
"15562",2021-08-15,11.1708983523015,NA
"15563",2021-08-16,11.1686859270897,NA
"15564",2021-08-17,10.4970019982544,NA
"15565",2021-08-18,10.5010375430138,NA
"15566",2021-08-19,10.8894983512318,NA
"15567",2021-08-20,11.2296525344778,NA
"15568",2021-08-21,11.4602397550783,NA
"15569",2021-08-22,11.6257014263347,NA
"15570",2021-08-23,11.1406178830759,NA
"15571",2021-08-24,10.8609675733321,NA
"15572",2021-08-25,10.6950973813963,NA
"15573",2021-08-26,9.77397082640563,NA
"15574",2021-08-27,9.2521209968305,NA
"15575",2021-08-28,9.3170075426655,NA
"15576",2021-08-29,8.72624051403909,NA
"15577",2021-08-30,9.63224359363539,NA
"15578",2021-08-31,10.6025490827143,NA
"15579",2021-09-01,12.051581340432,NA
"15580",2021-09-02,14.1280780819609,NA
"15581",2021-09-03,14.2979735616537,NA
"15582",2021-09-04,13.7666142976595,NA
"15583",2021-09-05,13.7794533819672,NA
"15584",2021-09-06,13.4703371882262,NA
"15585",2021-09-07,12.9192878378768,NA
"15586",2021-09-08,12.209191923055,NA
"15587",2021-09-09,11.3520005763327,NA
"15588",2021-09-10,12.4159539082708,NA
"15589",2021-09-11,13.1389173342758,NA
"15590",2021-09-12,12.8126410359323,NA
"15591",2021-09-13,12.5087724729452,NA
"15592",2021-09-14,12.2592722538828,NA
"15593",2021-09-15,11.7638465402042,NA
"15594",2021-09-16,11.3351974650704,NA
"15595",2021-09-17,11.0344228782445,NA
"15596",2021-09-18,10.6609708722245,NA
"15597",2021-09-19,11.4225843419384,NA
"15598",2021-09-20,11.0681125130634,NA
"15599",2021-09-21,11.4067331749254,NA
"15600",2021-09-22,11.9298524154055,NA
"15601",2021-09-23,11.8487089299888,NA
"15602",2021-09-24,11.2304414098747,NA
"15603",2021-09-25,10.7504071480534,NA
"15604",2021-09-26,10.2758571236968,NA
"15605",2021-09-27,11.4227579552478,NA
"15606",2021-09-28,12.2787741154787,NA
"15607",2021-09-29,12.520286330882,NA
"15608",2021-09-30,12.8351395221911,NA
"15609",2021-10-01,13.3717789538522,NA
"15610",2021-10-02,14.331163092014,NA
"15611",2021-10-03,14.7719914478856,NA
"15612",2021-10-04,14.3436176249147,NA
"15613",2021-10-05,13.5497935741012,NA
"15614",2021-10-06,13.3710732884221,NA
"15615",2021-10-07,12.6446362247531,NA
"15616",2021-10-08,12.4712022651961,NA
"15617",2021-10-09,12.3205416843669,NA
"15618",2021-10-10,11.6932198404562,NA
"15619",2021-10-11,11.3955192349824,NA
"15620",2021-10-12,11.8966027644444,NA
"15621",2021-10-13,11.4332120633386,NA
"15622",2021-10-14,11.5893897701686,NA
"15623",2021-10-15,11.4307944951789,NA
"15624",2021-10-16,11.1867150124512,NA
"15625",2021-10-17,11.7043962512971,NA
"15626",2021-10-18,12.1065381833266,NA
"15627",2021-10-19,11.7959303175994,NA
"15628",2021-10-20,13.2028611042371,NA
"15629",2021-10-21,14.4577731624707,NA
"15630",2021-10-22,15.1271814015905,NA
"15631",2021-10-23,15.2185427071669,NA
"15632",2021-10-24,15.0609304941826,NA
"15633",2021-10-25,14.9411357851082,NA
"15634",2021-10-26,15.419002588858,NA
"15635",2021-10-27,15.4860361502243,NA
"15636",2021-10-28,15.2626120795462,NA
"15637",2021-10-29,14.3160744937911,NA
"15638",2021-10-30,14.1001745470436,NA
"15639",2021-10-31,14.5166298690819,NA
"15640",2021-11-01,15.6412375088927,NA
"15641",2021-11-02,16.8901077958425,NA
"15642",2021-11-03,16.2762864004248,NA
"15643",2021-11-04,16.0870400068282,NA
"15644",2021-11-05,17.6802291475916,NA
"15645",2021-11-06,18.5091132629006,NA
"15646",2021-11-07,18.5214969873322,NA
"15647",2021-11-08,17.8277178883353,NA
"15648",2021-11-09,16.5207927911999,NA
"15649",2021-11-10,16.0455868352637,NA
"15650",2021-11-11,15.7199517341744,NA
"15651",2021-11-12,14.130393768022,NA
"15652",2021-11-13,13.1261651427768,NA
"15653",2021-11-14,12.7645105531522,NA
"15654",2021-11-15,12.3918501914104,NA
"15655",2021-11-16,11.9456278302745,NA
"15656",2021-11-17,12.7562411263518,NA
"15657",2021-11-18,13.5746541900571,NA
"15658",2021-11-19,13.9638889579892,NA
"15659",2021-11-20,14.3841387015773,NA
"15660",2021-11-21,14.8974420712456,NA
"15661",2021-11-22,16.3042401528199,NA
"15662",2021-11-23,17.3038868654303,NA
"15663",2021-11-24,17.6762216112231,NA
"15664",2021-11-25,17.2628088588085,NA
"15665",2021-11-26,17.4543481526155,NA
"15666",2021-11-27,17.7728678791692,NA
"15667",2021-11-28,18.2508311324778,NA
"15668",2021-11-29,18.4140580306623,NA
"15669",2021-11-30,19.0781279373912,NA
"15670",2021-12-01,19.6186680948424,NA
"15671",2021-12-02,19.8868611394591,NA
"15672",2021-12-03,20.0114856531668,NA
"15673",2021-12-04,19.8858625454633,NA
"15674",2021-12-05,19.7938223120548,NA
"15675",2021-12-06,19.6048642912381,NA
"15676",2021-12-07,18.3515282832202,NA
"15677",2021-12-08,16.8398983722967,NA
"15678",2021-12-09,16.2251514885613,NA
"15679",2021-12-10,16.1605323813323,NA
"15680",2021-12-11,16.7863438019659,NA
"15681",2021-12-12,17.5912337391281,NA
"15682",2021-12-13,17.6079187910757,NA
"15683",2021-12-14,18.5224245219189,NA
"15684",2021-12-15,19.0427421840205,NA
"15685",2021-12-16,19.7115545063819,NA
"15686",2021-12-17,20.8363586780484,NA
"15687",2021-12-18,21.056352886246,NA
"15688",2021-12-19,20.1949618970845,NA
"15689",2021-12-20,20.0764777924215,NA
"15690",2021-12-21,19.8853734123484,NA
"15691",2021-12-22,19.973673968236,NA
"15692",2021-12-23,20.0192786396267,NA
"15693",2021-12-24,19.503290233863,NA
"15694",2021-12-25,19.1362244515263,NA
"15695",2021-12-26,19.3593809768916,NA
"15696",2021-12-27,19.2030140610136,NA
"15697",2021-12-28,19.364302212895,NA
"15698",2021-12-29,19.8804717865197,NA
"15699",2021-12-30,20.5948274714157,NA
"15700",2021-12-31,21.2244022386526,NA
"15701",2022-01-01,21.909013280191,NA
"15702",2022-01-02,22.268432702083,NA
"15703",2022-01-03,22.3464056406234,NA
"15704",2022-01-04,22.2785462817344,NA
"15705",2022-01-05,22.1601268142017,NA
"15706",2022-01-06,21.7839397937429,NA
"15707",2022-01-07,21.0611720115124,NA
"15708",2022-01-08,20.2105052669507,NA
"15709",2022-01-09,20.200442861885,NA
"15710",2022-01-10,21.0141207005638,NA
"15711",2022-01-11,21.4994442666871,NA
"15712",2022-01-12,21.9579718809728,NA
"15713",2022-01-13,22.0119447628097,NA
"15714",2022-01-14,22.1593025243415,NA
"15715",2022-01-15,22.3039449356777,NA
"15716",2022-01-16,22.4288029175273,NA
"15717",2022-01-17,21.9392739683346,NA
"15718",2022-01-18,21.4412426713624,NA
"15719",2022-01-19,21.1620016059279,NA
"15720",2022-01-20,21.3977218424245,NA
"15721",2022-01-21,21.6590360659489,NA
"15722",2022-01-22,22.0870109489537,NA
"15723",2022-01-23,22.2864507585081,NA
"15724",2022-01-24,22.7468104189384,NA
"15725",2022-01-25,23.0584776950119,NA
"15726",2022-01-26,23.0801753876014,NA
"15727",2022-01-27,23.1003508207561,NA
"15728",2022-01-28,23.0180273207533,NA
"15729",2022-01-29,22.850488327663,NA
"15730",2022-01-30,22.7341641777806,NA
"15731",2022-01-31,22.6132690644957,NA
"15732",2022-02-01,21.9040802475068,NA
"15733",2022-02-02,21.2474566316801,NA
"15734",2022-02-03,20.2942052911488,NA
"15735",2022-02-04,20.1575655996497,NA
"15736",2022-02-05,20.3055531694761,NA
"15737",2022-02-06,20.1752300445403,NA
"15738",2022-02-07,19.9329218027228,NA
"15739",2022-02-08,20.7516946356729,NA
"15740",2022-02-09,21.1285675376767,NA
"15741",2022-02-10,21.3105151802855,NA
"15742",2022-02-11,21.190977505912,NA
"15743",2022-02-12,21.3867526552161,NA
"15744",2022-02-13,21.5384629381769,NA
"15745",2022-02-14,21.5688750538238,NA
"15746",2022-02-15,21.4943381725598,NA
"15747",2022-02-16,21.5311342816878,NA
"15748",2022-02-17,21.5671646825206,NA
"15749",2022-02-18,21.4235656319563,NA
"15750",2022-02-19,20.8694815658206,NA
"15751",2022-02-20,20.0369090058932,NA
"15752",2022-02-21,19.1641815840888,NA
"15753",2022-02-22,18.5710483623308,NA
"15754",2022-02-23,19.0326543197206,NA
"15755",2022-02-24,19.4522615245163,NA
"15756",2022-02-25,19.9207078576354,NA
"15757",2022-02-26,20.4525592793118,NA
"15758",2022-02-27,20.8433091692696,NA
"15759",2022-02-28,21.3322790563273,NA
"15760",2022-03-01,21.3487564761531,NA
"15761",2022-03-02,21.1500078804686,NA
"15762",2022-03-03,21.3504260517171,NA
"15763",2022-03-04,21.2784662622235,NA
"15764",2022-03-05,20.7933564281267,NA
"15765",2022-03-06,20.505598074454,NA
"15766",2022-03-07,20.1950581986124,NA
"15767",2022-03-08,19.9487109281435,NA
"15768",2022-03-09,19.2836760235047,NA
"15769",2022-03-10,18.2122670738623,NA
"15770",2022-03-11,17.8081130214525,NA
"15771",2022-03-12,17.9874455770458,NA
"15772",2022-03-13,18.6327723409311,NA
"15773",2022-03-14,18.9639576612043,NA
"15774",2022-03-15,19.4546398654591,NA
"15775",2022-03-16,19.9801478806287,NA
"15776",2022-03-17,20.557995551157,NA
"15777",2022-03-18,20.6907950072053,NA
"15778",2022-03-19,20.8179887135588,NA
"15779",2022-03-20,20.5503291391551,NA
"15780",2022-03-21,20.4569921246507,NA
"15781",2022-03-22,19.9376205002417,NA
"15782",2022-03-23,19.2565493576375,NA
"15783",2022-03-24,18.4691134552219,NA
"15784",2022-03-25,18.1730451874917,NA
"15785",2022-03-26,17.7737578588982,NA
"15786",2022-03-27,18.0200238384234,NA
"15787",2022-03-28,17.7703980198124,NA
"15788",2022-03-29,17.8273285232842,NA
"15789",2022-03-30,17.9149508226192,NA
"15790",2022-03-31,17.9127445674429,NA
"15791",2022-04-01,17.8567928305301,NA
"15792",2022-04-02,17.6441233696572,NA
"15793",2022-04-03,16.8562096964904,NA
"15794",2022-04-04,16.3136912884708,NA
"15795",2022-04-05,16.434335491896,NA
"15796",2022-04-06,16.448731804045,NA
"15797",2022-04-07,16.8586434386231,NA
"15798",2022-04-08,17.3105795117699,NA
"15799",2022-04-09,17.6493498970553,NA
"15800",2022-04-10,18.2359548957784,NA
"15801",2022-04-11,18.1542795795059,NA
"15802",2022-04-12,17.5094706313675,NA
"15803",2022-04-13,17.3902267681227,NA
"15804",2022-04-14,17.5385227913205,NA
"15805",2022-04-15,17.4899102301301,NA
"15806",2022-04-16,17.7314487327946,NA
"15807",2022-04-17,17.5968324406127,NA
"15808",2022-04-18,17.6173727622978,NA
"15809",2022-04-19,17.6882476803558,NA
"15810",2022-04-20,17.5077108644535,NA
"15811",2022-04-21,16.7083333606886,NA
"15812",2022-04-22,15.9811353461239,NA
"15813",2022-04-23,15.1527136015559,NA
"15814",2022-04-24,14.505263910141,NA
"15815",2022-04-25,14.9332302982059,NA
"15816",2022-04-26,15.563994291793,NA
"15817",2022-04-27,16.0519203643034,NA
"15818",2022-04-28,16.7005165322167,NA
"15819",2022-04-29,16.8701316070926,NA
"15820",2022-04-30,16.6908320130414,NA
"15821",2022-05-01,16.5956375676467,NA
"15822",2022-05-02,16.3135368947734,NA
"15823",2022-05-03,16.0622127402856,NA
"15824",2022-05-04,14.8606928227081,NA
"15825",2022-05-05,13.2004339453123,NA
"15826",2022-05-06,12.4687507355949,NA
"15827",2022-05-07,12.2027561101812,NA
"15828",2022-05-08,11.7853263613676,NA
"15829",2022-05-09,11.0248489465744,NA
"15830",2022-05-10,10.694472339257,NA
"15831",2022-05-11,11.6485101020338,NA
"15832",2022-05-12,12.9776390127236,NA
"15833",2022-05-13,13.9925033341717,NA
"15834",2022-05-14,14.4112445467578,NA
"15835",2022-05-15,14.6770009632331,NA
"15836",2022-05-16,14.7301439214755,NA
"15837",2022-05-17,14.4048263156258,NA
"15838",2022-05-18,13.4879115259283,NA
"15839",2022-05-19,12.6187734580042,NA
"15840",2022-05-20,11.4548123136722,NA
"15841",2022-05-21,10.8638550632425,NA
"15842",2022-05-22,10.3522382786316,NA
"15843",2022-05-23,10.5541401738631,NA
"15844",2022-05-24,10.9152249805747,NA
"15845",2022-05-25,11.7531593934542,NA
"15846",2022-05-26,12.1386864845878,NA
"15847",2022-05-27,12.4830812957851,NA
"15848",2022-05-28,12.5839512430937,NA
"15849",2022-05-29,12.5745810473847,NA
"15850",2022-05-30,12.1345315251018,NA
"15851",2022-05-31,11.0724678967228,NA
"15852",2022-06-01,9.88757481982392,NA
"15853",2022-06-02,9.39788603444118,NA
"15854",2022-06-03,9.34451654197533,NA
"15855",2022-06-04,9.3074638476665,NA
"15856",2022-06-05,8.94658731532158,NA
"15857",2022-06-06,8.82746937193519,NA
"15858",2022-06-07,8.97723282727571,NA
"15859",2022-06-08,9.4430239437171,NA
"15860",2022-06-09,9.66676783241743,NA
"15861",2022-06-10,9.54754412596174,NA
"15862",2022-06-11,9.45842341553437,NA
"15863",2022-06-12,9.6697579523731,NA
"15864",2022-06-13,9.87854754634823,NA
"15865",2022-06-14,10.3660387861115,NA
"15866",2022-06-15,10.8194202723259,NA
"15867",2022-06-16,10.9206724017365,NA
"15868",2022-06-17,10.7725551059372,NA
"15869",2022-06-18,10.5567073724976,NA
"15870",2022-06-19,10.6985955958855,NA
"15871",2022-06-20,10.8306305907948,NA
"15872",2022-06-21,10.9261746651147,NA
"15873",2022-06-22,10.9265441048215,NA
"15874",2022-06-23,11.2925289542883,NA
"15875",2022-06-24,11.5295515620264,NA
"15876",2022-06-25,11.8261211517931,NA
"15877",2022-06-26,11.2898763568714,NA
"15878",2022-06-27,10.68599116356,NA
"15879",2022-06-28,10.028203614734,NA
"15880",2022-06-29,9.36619135907736,NA
"15881",2022-06-30,8.74503184642289,NA
"15882",2022-07-01,8.28030261817219,NA
"15883",2022-07-02,7.69875861761575,NA
"15884",2022-07-03,7.84451827526289,NA
"15885",2022-07-04,8.28260171477794,NA
"15886",2022-07-05,8.22002421816713,NA
"15887",2022-07-06,8.22177910897294,NA
"15888",2022-07-07,8.17868011627849,NA
"15889",2022-07-08,8.25601673381734,NA
"15890",2022-07-09,8.07297268986379,NA
"15891",2022-07-10,8.11805057300834,NA
"15892",2022-07-11,8.02898509636397,NA
"15893",2022-07-12,8.01134154572425,NA
"15894",2022-07-13,7.9431191559892,NA
"15895",2022-07-14,8.06199605982153,NA
"15896",2022-07-15,8.25931889991079,NA
"15897",2022-07-16,9.02513614098219,NA
"15898",2022-07-17,8.96298880049907,NA
"15899",2022-07-18,8.57211064671467,NA
"15900",2022-07-19,8.37395365918862,NA
"15901",2022-07-20,8.36211752741694,NA
"15902",2022-07-21,8.36065483974921,NA
"15903",2022-07-22,8.7961106396915,NA
"15904",2022-07-23,8.74100771686318,NA
"15905",2022-07-24,9.63512407021534,NA
"15906",2022-07-25,10.2015864711663,NA
"15907",2022-07-26,10.8812088959692,NA
"15908",2022-07-27,11.376779577243,NA
"15909",2022-07-28,10.8761667952416,NA
"15910",2022-07-29,9.92384857932687,NA
"15911",2022-07-30,9.82640662020711,NA
"15912",2022-07-31,9.01387247035945,NA
"15913",2022-08-01,9.01138807096918,NA
"15914",2022-08-02,9.38599896378851,NA
"15915",2022-08-03,9.80718100701127,NA
"15916",2022-08-04,10.7717600006159,NA
"15917",2022-08-05,11.3237991491792,NA
"15918",2022-08-06,11.221884647453,NA
"15919",2022-08-07,11.0395415357753,NA
"15920",2022-08-08,10.71158354006,NA
"15921",2022-08-09,10.1175870837061,NA
"15922",2022-08-10,9.57665600689529,NA
"15923",2022-08-11,9.23621107579249,NA
"15924",2022-08-12,9.39846417351421,NA
"15925",2022-08-13,9.24915084992296,NA
"15926",2022-08-14,9.71700700362007,NA
"15927",2022-08-15,10.1277004513059,NA
"15928",2022-08-16,10.3070343846109,NA
"15929",2022-08-17,10.6811807454306,NA
"15930",2022-08-18,10.5343292283833,NA
"15931",2022-08-19,10.6808625368097,NA
"15932",2022-08-20,10.6451779653961,NA
"15933",2022-08-21,10.6449293773318,NA
"15934",2022-08-22,10.2877604855849,NA
"15935",2022-08-23,9.9905929719855,NA
"15936",2022-08-24,9.73123570729794,NA
"15937",2022-08-25,9.79928232275608,NA
"15938",2022-08-26,9.50621487493059,NA
"15939",2022-08-27,10.032061611108,NA
"15940",2022-08-28,10.6451535298889,NA
"15941",2022-08-29,11.1406678034417,NA
"15942",2022-08-30,11.3081592641157,NA
"15943",2022-08-31,11.0805068831107,NA
"15944",2022-09-01,10.9700163749441,NA
"15945",2022-09-02,10.5847176718861,NA
"15946",2022-09-03,10.2570777580662,NA
"15947",2022-09-04,9.41220367180073,NA
"15948",2022-09-05,9.07016006388109,NA
"15949",2022-09-06,9.35849713789505,NA
"15950",2022-09-07,10.1909017052862,NA
"15951",2022-09-08,10.5923492879471,NA
"15952",2022-09-09,11.4585506858078,NA
"15953",2022-09-10,11.5576149093409,NA
"15954",2022-09-11,11.8796976750072,NA
"15955",2022-09-12,11.7306377120766,NA
"15956",2022-09-13,11.5091378101983,NA
"15957",2022-09-14,11.1168642952107,NA
"15958",2022-09-15,11.1320071664353,NA
"15959",2022-09-16,10.7986917707992,NA
"15960",2022-09-17,10.9911108112247,NA
"15961",2022-09-18,10.8483830113396,NA
"15962",2022-09-19,11.2607613309313,NA
"15963",2022-09-20,12.0432529667866,NA
"15964",2022-09-21,12.3387944056939,NA
"15965",2022-09-22,12.7138312366384,NA
"15966",2022-09-23,12.8104568307944,NA
"15967",2022-09-24,12.4247351577465,NA
"15968",2022-09-25,13.0966951472931,NA
"15969",2022-09-26,13.2199072190673,NA
"15970",2022-09-27,12.9430238817788,NA
"15971",2022-09-28,12.5868492588816,NA
"15972",2022-09-29,12.1536755065427,NA
"15973",2022-09-30,12.4565547746311,NA
"15974",2022-10-01,13.1239778863347,NA
"15975",2022-10-02,13.2110261118909,NA
"15976",2022-10-03,13.8144985215035,NA
"15977",2022-10-04,14.1190108817117,NA
"15978",2022-10-05,14.3867710392645,NA
"15979",2022-10-06,14.8340585393119,NA
"15980",2022-10-07,14.5408280039056,NA
"15981",2022-10-08,13.9240068429613,NA
"15982",2022-10-09,13.1820186202567,NA
"15983",2022-10-10,12.8594550805822,NA
"15984",2022-10-11,13.1566750986483,NA
"15985",2022-10-12,13.3790773909104,NA
"15986",2022-10-13,12.7507722463818,NA
"15987",2022-10-14,12.8748359581522,NA
"15988",2022-10-15,13.3698514747044,NA
"15989",2022-10-16,13.7027297019392,NA
"15990",2022-10-17,13.6090071161872,NA
"15991",2022-10-18,13.2077574710358,NA
"15992",2022-10-19,13.4252724607521,NA
"15993",2022-10-20,14.7566768073706,NA
"15994",2022-10-21,15.7433352636759,NA
"15995",2022-10-22,16.3380533412919,NA
"15996",2022-10-23,16.6705315279284,NA
"15997",2022-10-24,17.0628064790961,NA
"15998",2022-10-25,17.4828266217079,NA
"15999",2022-10-26,17.3005740059238,NA
"16000",2022-10-27,16.4295773401534,NA
"16001",2022-10-28,15.5090897253972,NA
"16002",2022-10-29,14.7875452129166,NA
"16003",2022-10-30,15.0855680106056,NA
"16004",2022-10-31,14.2869639652525,NA
"16005",2022-11-01,13.0046570270338,NA
"16006",2022-11-02,12.3870583716972,NA
"16007",2022-11-03,12.086583675284,NA
"16008",2022-11-04,12.2101831098901,NA
"16009",2022-11-05,12.9427327722406,NA
"16010",2022-11-06,13.1863131408749,NA
"16011",2022-11-07,14.5594907983906,NA
"16012",2022-11-08,16.3657917620357,NA
"16013",2022-11-09,17.9180950386811,NA
"16014",2022-11-10,18.7095650648109,NA
"16015",2022-11-11,19.0974736206446,NA
"16016",2022-11-12,19.1499386024053,NA
"16017",2022-11-13,18.9352766946976,NA
"16018",2022-11-14,18.0154030101769,NA
"16019",2022-11-15,16.4819969203496,NA
"16020",2022-11-16,14.7549264343658,NA
"16021",2022-11-17,14.1095351630024,NA
"16022",2022-11-18,14.4322419973536,NA
"16023",2022-11-19,14.172279555602,NA
"16024",2022-11-20,13.4208660447805,NA
"16025",2022-11-21,13.235574678791,NA
"16026",2022-11-22,13.9112376615005,NA
"16027",2022-11-23,14.3960702521953,NA
"16028",2022-11-24,14.5432406918538,NA
"16029",2022-11-25,14.5709265754871,NA
"16030",2022-11-26,15.0223510753085,NA
"16031",2022-11-27,15.3026345725795,NA
"16032",2022-11-28,15.8576303354469,NA
"16033",2022-11-29,15.9469096751904,NA
"16034",2022-11-30,16.0774544363853,NA
"16035",2022-12-01,16.292944545619,NA
"16036",2022-12-02,16.4161908178303,NA
"16037",2022-12-03,17.1100193352811,NA
"16038",2022-12-04,18.3385545348641,NA
"16039",2022-12-05,18.2592369591899,NA
"16040",2022-12-06,18.5891920531678,NA
"16041",2022-12-07,18.3601590968266,NA
"16042",2022-12-08,17.7985670349518,NA
"16043",2022-12-09,17.1579146690705,NA
"16044",2022-12-10,16.6996151874867,NA
"16045",2022-12-11,15.5891692093251,NA
"16046",2022-12-12,15.5247559712856,NA
"16047",2022-12-13,14.7807769021105,NA
"16048",2022-12-14,14.7407108372082,NA
"16049",2022-12-15,15.1350157281267,NA
"16050",2022-12-16,15.3302024556167,NA
"16051",2022-12-17,15.0449961844583,NA
"16052",2022-12-18,15.7841220416988,NA
"16053",2022-12-19,16.8710355372067,NA
"16054",2022-12-20,18.2695270658147,NA
"16055",2022-12-21,19.0477182346318,NA
"16056",2022-12-22,19.7610842883837,NA
"16057",2022-12-23,19.9498068806972,NA
"16058",2022-12-24,20.1301556142524,NA
"16059",2022-12-25,20.6007937671706,NA
"16060",2022-12-26,21.1551271714498,NA
"16061",2022-12-27,21.6720343057373,NA
"16062",2022-12-28,21.4374209458297,NA
"16063",2022-12-29,21.1745563170043,NA
"16064",2022-12-30,21.3632325690217,NA
"16065",2022-12-31,21.6485194729909,NA
